# SK-3X1 Rev 14 - 3x1 combined-cycle plant, 3D coordinate model
# units: feet; Y up
# Conceptual illustration. Not engineered. Not for construction.
mtllib sk3x1_model.mtl
v 0.00 0.00 0.00
v 2420.00 0.00 0.00
v 0.00 0.00 -1920.00
v 2420.00 0.00 -1920.00
v 0.00 0.10 0.00
v 2420.00 0.10 0.00
v 0.00 0.10 -1920.00
v 2420.00 0.10 -1920.00
v 0.00 0.00 -270.00
v 2400.00 0.00 -270.00
v 0.00 0.00 -300.00
v 2400.00 0.00 -300.00
v 0.00 0.30 -270.00
v 2400.00 0.30 -270.00
v 0.00 0.30 -300.00
v 2400.00 0.30 -300.00
v 370.00 0.00 -300.00
v 400.00 0.00 -300.00
v 370.00 0.00 -1675.00
v 400.00 0.00 -1675.00
v 370.00 0.30 -300.00
v 400.00 0.30 -300.00
v 370.00 0.30 -1675.00
v 400.00 0.30 -1675.00
v 1460.00 0.00 -270.00
v 1490.00 0.00 -270.00
v 1460.00 0.00 -1400.00
v 1490.00 0.00 -1400.00
v 1460.00 0.30 -270.00
v 1490.00 0.30 -270.00
v 1460.00 0.30 -1400.00
v 1490.00 0.30 -1400.00
v 370.00 0.00 -900.00
v 1490.00 0.00 -900.00
v 370.00 0.00 -930.00
v 1490.00 0.00 -930.00
v 370.00 0.30 -900.00
v 1490.00 0.30 -900.00
v 370.00 0.30 -930.00
v 1490.00 0.30 -930.00
v 370.00 0.00 -1370.00
v 2400.00 0.00 -1370.00
v 370.00 0.00 -1400.00
v 2400.00 0.00 -1400.00
v 370.00 0.30 -1370.00
v 2400.00 0.30 -1370.00
v 370.00 0.30 -1400.00
v 2400.00 0.30 -1400.00
v 400.00 0.00 -1650.00
v 1500.00 0.00 -1650.00
v 400.00 0.00 -1675.00
v 1500.00 0.00 -1675.00
v 400.00 0.30 -1650.00
v 1500.00 0.30 -1650.00
v 400.00 0.30 -1675.00
v 1500.00 0.30 -1675.00
v 1490.00 0.00 -1650.00
v 2400.00 0.00 -1650.00
v 1490.00 0.00 -1675.00
v 2400.00 0.00 -1675.00
v 1490.00 0.30 -1650.00
v 2400.00 0.30 -1650.00
v 1490.00 0.30 -1675.00
v 2400.00 0.30 -1675.00
v 1950.00 0.00 -1400.00
v 1975.00 0.00 -1400.00
v 1950.00 0.00 -1650.00
v 1975.00 0.00 -1650.00
v 1950.00 0.30 -1400.00
v 1975.00 0.30 -1400.00
v 1950.00 0.30 -1650.00
v 1975.00 0.30 -1650.00
v 484.00 0.00 -560.00
v 508.00 0.00 -560.00
v 484.00 0.00 -830.00
v 508.00 0.00 -830.00
v 484.00 0.30 -560.00
v 508.00 0.30 -560.00
v 484.00 0.30 -830.00
v 508.00 0.30 -830.00
v 400.00 0.00 -410.00
v 480.00 0.00 -410.00
v 400.00 0.00 -560.00
v 480.00 0.00 -560.00
v 400.00 0.30 -410.00
v 480.00 0.30 -410.00
v 400.00 0.30 -560.00
v 480.00 0.30 -560.00
v 0.00 0.00 0.00
v 2420.00 0.00 0.00
v 0.00 0.00 -1.00
v 2420.00 0.00 -1.00
v 0.00 8.00 0.00
v 2420.00 8.00 0.00
v 0.00 8.00 -1.00
v 2420.00 8.00 -1.00
v 0.00 0.00 -1919.00
v 2420.00 0.00 -1919.00
v 0.00 0.00 -1920.00
v 2420.00 0.00 -1920.00
v 0.00 8.00 -1919.00
v 2420.00 8.00 -1919.00
v 0.00 8.00 -1920.00
v 2420.00 8.00 -1920.00
v 0.00 0.00 0.00
v 1.00 0.00 0.00
v 0.00 0.00 -1920.00
v 1.00 0.00 -1920.00
v 0.00 8.00 0.00
v 1.00 8.00 0.00
v 0.00 8.00 -1920.00
v 1.00 8.00 -1920.00
v 2419.00 0.00 0.00
v 2420.00 0.00 0.00
v 2419.00 0.00 -1920.00
v 2420.00 0.00 -1920.00
v 2419.00 8.00 0.00
v 2420.00 8.00 0.00
v 2419.00 8.00 -1920.00
v 2420.00 8.00 -1920.00
v 0.00 0.00 -272.00
v 6.00 0.00 -272.00
v 0.00 0.00 -298.00
v 6.00 0.00 -298.00
v 0.00 10.00 -272.00
v 6.00 10.00 -272.00
v 0.00 10.00 -298.00
v 6.00 10.00 -298.00
v 480.00 0.00 -404.00
v 1100.00 0.00 -404.00
v 480.00 0.00 -560.00
v 1100.00 0.00 -560.00
v 480.00 101.00 -404.00
v 1100.00 101.00 -404.00
v 480.00 101.00 -560.00
v 1100.00 101.00 -560.00
v 480.00 0.00 -370.00
v 1100.00 0.00 -370.00
v 480.00 0.00 -404.00
v 1100.00 0.00 -404.00
v 480.00 60.00 -370.00
v 1100.00 60.00 -370.00
v 480.00 60.00 -404.00
v 1100.00 60.00 -404.00
v 480.00 0.00 -404.00
v 560.00 0.00 -404.00
v 480.00 0.00 -556.00
v 560.00 0.00 -556.00
v 480.00 1.00 -404.00
v 560.00 1.00 -404.00
v 480.00 1.00 -556.00
v 560.00 1.00 -556.00
v 560.00 0.00 -404.00
v 1100.00 0.00 -404.00
v 560.00 0.00 -556.00
v 1100.00 0.00 -556.00
v 560.00 20.00 -404.00
v 1100.00 20.00 -404.00
v 560.00 20.00 -556.00
v 1100.00 20.00 -556.00
v 617.00 20.00 -455.00
v 643.00 20.00 -455.00
v 617.00 20.00 -540.00
v 643.00 20.00 -540.00
v 617.00 38.00 -455.00
v 643.00 38.00 -455.00
v 617.00 38.00 -540.00
v 643.00 38.00 -540.00
v 622.00 20.00 -410.00
v 638.00 20.00 -410.00
v 622.00 20.00 -455.00
v 638.00 20.00 -455.00
v 622.00 36.00 -410.00
v 638.00 36.00 -410.00
v 622.00 36.00 -455.00
v 638.00 36.00 -455.00
v 661.00 20.00 -470.00
v 675.00 20.00 -470.00
v 661.00 20.00 -505.00
v 675.00 20.00 -505.00
v 661.00 30.00 -470.00
v 675.00 30.00 -470.00
v 661.00 30.00 -505.00
v 675.00 30.00 -505.00
v 662.00 20.00 -510.00
v 674.00 20.00 -510.00
v 662.00 20.00 -534.00
v 674.00 20.00 -534.00
v 662.00 28.00 -510.00
v 674.00 28.00 -510.00
v 662.00 28.00 -534.00
v 674.00 28.00 -534.00
v 584.00 20.00 -475.00
v 596.00 20.00 -475.00
v 584.00 20.00 -495.00
v 596.00 20.00 -495.00
v 584.00 27.00 -475.00
v 596.00 27.00 -475.00
v 584.00 27.00 -495.00
v 596.00 27.00 -495.00
v 643.00 23.00 -440.00
v 658.00 23.00 -440.00
v 643.00 23.00 -466.00
v 658.00 23.00 -466.00
v 643.00 37.00 -440.00
v 658.00 37.00 -440.00
v 643.00 37.00 -466.00
v 658.00 37.00 -466.00
v 595.00 0.00 -600.00
v 665.00 0.00 -600.00
v 595.00 0.00 -760.00
v 665.00 0.00 -760.00
v 595.00 100.00 -600.00
v 665.00 100.00 -600.00
v 595.00 100.00 -760.00
v 665.00 100.00 -760.00
v 605.00 12.00 -560.00
v 655.00 12.00 -560.00
v 605.00 12.00 -600.00
v 655.00 12.00 -600.00
v 605.00 88.00 -560.00
v 655.00 88.00 -560.00
v 605.00 88.00 -600.00
v 655.00 88.00 -600.00
v 630.00 0.00 -801.00
v 627.85 0.00 -800.79
v 625.79 0.00 -800.16
v 623.89 0.00 -799.15
v 622.22 0.00 -797.78
v 620.85 0.00 -796.11
v 619.84 0.00 -794.21
v 619.21 0.00 -792.15
v 619.00 0.00 -790.00
v 619.21 0.00 -787.85
v 619.84 0.00 -785.79
v 620.85 0.00 -783.89
v 622.22 0.00 -782.22
v 623.89 0.00 -780.85
v 625.79 0.00 -779.84
v 627.85 0.00 -779.21
v 630.00 0.00 -779.00
v 632.15 0.00 -779.21
v 634.21 0.00 -779.84
v 636.11 0.00 -780.85
v 637.78 0.00 -782.22
v 639.15 0.00 -783.89
v 640.16 0.00 -785.79
v 640.79 0.00 -787.85
v 641.00 0.00 -790.00
v 640.79 0.00 -792.15
v 640.16 0.00 -794.21
v 639.15 0.00 -796.11
v 637.78 0.00 -797.78
v 636.11 0.00 -799.15
v 634.21 0.00 -800.16
v 632.15 0.00 -800.79
v 630.00 180.00 -801.00
v 627.85 180.00 -800.79
v 625.79 180.00 -800.16
v 623.89 180.00 -799.15
v 622.22 180.00 -797.78
v 620.85 180.00 -796.11
v 619.84 180.00 -794.21
v 619.21 180.00 -792.15
v 619.00 180.00 -790.00
v 619.21 180.00 -787.85
v 619.84 180.00 -785.79
v 620.85 180.00 -783.89
v 622.22 180.00 -782.22
v 623.89 180.00 -780.85
v 625.79 180.00 -779.84
v 627.85 180.00 -779.21
v 630.00 180.00 -779.00
v 632.15 180.00 -779.21
v 634.21 180.00 -779.84
v 636.11 180.00 -780.85
v 637.78 180.00 -782.22
v 639.15 180.00 -783.89
v 640.16 180.00 -785.79
v 640.79 180.00 -787.85
v 641.00 180.00 -790.00
v 640.79 180.00 -792.15
v 640.16 180.00 -794.21
v 639.15 180.00 -796.11
v 637.78 180.00 -797.78
v 636.11 180.00 -799.15
v 634.21 180.00 -800.16
v 632.15 180.00 -800.79
v 648.00 0.00 -806.00
v 664.00 0.00 -806.00
v 648.00 0.00 -820.00
v 664.00 0.00 -820.00
v 648.00 12.00 -806.00
v 664.00 12.00 -806.00
v 648.00 12.00 -820.00
v 664.00 12.00 -820.00
v 675.00 0.00 -615.00
v 708.00 0.00 -615.00
v 675.00 0.00 -660.00
v 708.00 0.00 -660.00
v 675.00 10.00 -615.00
v 708.00 10.00 -615.00
v 675.00 10.00 -660.00
v 708.00 10.00 -660.00
v 675.00 0.00 -705.00
v 700.00 0.00 -705.00
v 675.00 0.00 -725.00
v 700.00 0.00 -725.00
v 675.00 8.00 -705.00
v 700.00 8.00 -705.00
v 675.00 8.00 -725.00
v 700.00 8.00 -725.00
v 777.00 20.00 -455.00
v 803.00 20.00 -455.00
v 777.00 20.00 -540.00
v 803.00 20.00 -540.00
v 777.00 38.00 -455.00
v 803.00 38.00 -455.00
v 777.00 38.00 -540.00
v 803.00 38.00 -540.00
v 782.00 20.00 -410.00
v 798.00 20.00 -410.00
v 782.00 20.00 -455.00
v 798.00 20.00 -455.00
v 782.00 36.00 -410.00
v 798.00 36.00 -410.00
v 782.00 36.00 -455.00
v 798.00 36.00 -455.00
v 821.00 20.00 -470.00
v 835.00 20.00 -470.00
v 821.00 20.00 -505.00
v 835.00 20.00 -505.00
v 821.00 30.00 -470.00
v 835.00 30.00 -470.00
v 821.00 30.00 -505.00
v 835.00 30.00 -505.00
v 822.00 20.00 -510.00
v 834.00 20.00 -510.00
v 822.00 20.00 -534.00
v 834.00 20.00 -534.00
v 822.00 28.00 -510.00
v 834.00 28.00 -510.00
v 822.00 28.00 -534.00
v 834.00 28.00 -534.00
v 744.00 20.00 -475.00
v 756.00 20.00 -475.00
v 744.00 20.00 -495.00
v 756.00 20.00 -495.00
v 744.00 27.00 -475.00
v 756.00 27.00 -475.00
v 744.00 27.00 -495.00
v 756.00 27.00 -495.00
v 803.00 23.00 -440.00
v 818.00 23.00 -440.00
v 803.00 23.00 -466.00
v 818.00 23.00 -466.00
v 803.00 37.00 -440.00
v 818.00 37.00 -440.00
v 803.00 37.00 -466.00
v 818.00 37.00 -466.00
v 755.00 0.00 -600.00
v 825.00 0.00 -600.00
v 755.00 0.00 -760.00
v 825.00 0.00 -760.00
v 755.00 100.00 -600.00
v 825.00 100.00 -600.00
v 755.00 100.00 -760.00
v 825.00 100.00 -760.00
v 765.00 12.00 -560.00
v 815.00 12.00 -560.00
v 765.00 12.00 -600.00
v 815.00 12.00 -600.00
v 765.00 88.00 -560.00
v 815.00 88.00 -560.00
v 765.00 88.00 -600.00
v 815.00 88.00 -600.00
v 790.00 0.00 -801.00
v 787.85 0.00 -800.79
v 785.79 0.00 -800.16
v 783.89 0.00 -799.15
v 782.22 0.00 -797.78
v 780.85 0.00 -796.11
v 779.84 0.00 -794.21
v 779.21 0.00 -792.15
v 779.00 0.00 -790.00
v 779.21 0.00 -787.85
v 779.84 0.00 -785.79
v 780.85 0.00 -783.89
v 782.22 0.00 -782.22
v 783.89 0.00 -780.85
v 785.79 0.00 -779.84
v 787.85 0.00 -779.21
v 790.00 0.00 -779.00
v 792.15 0.00 -779.21
v 794.21 0.00 -779.84
v 796.11 0.00 -780.85
v 797.78 0.00 -782.22
v 799.15 0.00 -783.89
v 800.16 0.00 -785.79
v 800.79 0.00 -787.85
v 801.00 0.00 -790.00
v 800.79 0.00 -792.15
v 800.16 0.00 -794.21
v 799.15 0.00 -796.11
v 797.78 0.00 -797.78
v 796.11 0.00 -799.15
v 794.21 0.00 -800.16
v 792.15 0.00 -800.79
v 790.00 180.00 -801.00
v 787.85 180.00 -800.79
v 785.79 180.00 -800.16
v 783.89 180.00 -799.15
v 782.22 180.00 -797.78
v 780.85 180.00 -796.11
v 779.84 180.00 -794.21
v 779.21 180.00 -792.15
v 779.00 180.00 -790.00
v 779.21 180.00 -787.85
v 779.84 180.00 -785.79
v 780.85 180.00 -783.89
v 782.22 180.00 -782.22
v 783.89 180.00 -780.85
v 785.79 180.00 -779.84
v 787.85 180.00 -779.21
v 790.00 180.00 -779.00
v 792.15 180.00 -779.21
v 794.21 180.00 -779.84
v 796.11 180.00 -780.85
v 797.78 180.00 -782.22
v 799.15 180.00 -783.89
v 800.16 180.00 -785.79
v 800.79 180.00 -787.85
v 801.00 180.00 -790.00
v 800.79 180.00 -792.15
v 800.16 180.00 -794.21
v 799.15 180.00 -796.11
v 797.78 180.00 -797.78
v 796.11 180.00 -799.15
v 794.21 180.00 -800.16
v 792.15 180.00 -800.79
v 808.00 0.00 -806.00
v 824.00 0.00 -806.00
v 808.00 0.00 -820.00
v 824.00 0.00 -820.00
v 808.00 12.00 -806.00
v 824.00 12.00 -806.00
v 808.00 12.00 -820.00
v 824.00 12.00 -820.00
v 835.00 0.00 -615.00
v 868.00 0.00 -615.00
v 835.00 0.00 -660.00
v 868.00 0.00 -660.00
v 835.00 10.00 -615.00
v 868.00 10.00 -615.00
v 835.00 10.00 -660.00
v 868.00 10.00 -660.00
v 835.00 0.00 -705.00
v 860.00 0.00 -705.00
v 835.00 0.00 -725.00
v 860.00 0.00 -725.00
v 835.00 8.00 -705.00
v 860.00 8.00 -705.00
v 835.00 8.00 -725.00
v 860.00 8.00 -725.00
v 937.00 20.00 -455.00
v 963.00 20.00 -455.00
v 937.00 20.00 -540.00
v 963.00 20.00 -540.00
v 937.00 38.00 -455.00
v 963.00 38.00 -455.00
v 937.00 38.00 -540.00
v 963.00 38.00 -540.00
v 942.00 20.00 -410.00
v 958.00 20.00 -410.00
v 942.00 20.00 -455.00
v 958.00 20.00 -455.00
v 942.00 36.00 -410.00
v 958.00 36.00 -410.00
v 942.00 36.00 -455.00
v 958.00 36.00 -455.00
v 981.00 20.00 -470.00
v 995.00 20.00 -470.00
v 981.00 20.00 -505.00
v 995.00 20.00 -505.00
v 981.00 30.00 -470.00
v 995.00 30.00 -470.00
v 981.00 30.00 -505.00
v 995.00 30.00 -505.00
v 982.00 20.00 -510.00
v 994.00 20.00 -510.00
v 982.00 20.00 -534.00
v 994.00 20.00 -534.00
v 982.00 28.00 -510.00
v 994.00 28.00 -510.00
v 982.00 28.00 -534.00
v 994.00 28.00 -534.00
v 904.00 20.00 -475.00
v 916.00 20.00 -475.00
v 904.00 20.00 -495.00
v 916.00 20.00 -495.00
v 904.00 27.00 -475.00
v 916.00 27.00 -475.00
v 904.00 27.00 -495.00
v 916.00 27.00 -495.00
v 963.00 23.00 -440.00
v 978.00 23.00 -440.00
v 963.00 23.00 -466.00
v 978.00 23.00 -466.00
v 963.00 37.00 -440.00
v 978.00 37.00 -440.00
v 963.00 37.00 -466.00
v 978.00 37.00 -466.00
v 915.00 0.00 -600.00
v 985.00 0.00 -600.00
v 915.00 0.00 -760.00
v 985.00 0.00 -760.00
v 915.00 100.00 -600.00
v 985.00 100.00 -600.00
v 915.00 100.00 -760.00
v 985.00 100.00 -760.00
v 925.00 12.00 -560.00
v 975.00 12.00 -560.00
v 925.00 12.00 -600.00
v 975.00 12.00 -600.00
v 925.00 88.00 -560.00
v 975.00 88.00 -560.00
v 925.00 88.00 -600.00
v 975.00 88.00 -600.00
v 950.00 0.00 -801.00
v 947.85 0.00 -800.79
v 945.79 0.00 -800.16
v 943.89 0.00 -799.15
v 942.22 0.00 -797.78
v 940.85 0.00 -796.11
v 939.84 0.00 -794.21
v 939.21 0.00 -792.15
v 939.00 0.00 -790.00
v 939.21 0.00 -787.85
v 939.84 0.00 -785.79
v 940.85 0.00 -783.89
v 942.22 0.00 -782.22
v 943.89 0.00 -780.85
v 945.79 0.00 -779.84
v 947.85 0.00 -779.21
v 950.00 0.00 -779.00
v 952.15 0.00 -779.21
v 954.21 0.00 -779.84
v 956.11 0.00 -780.85
v 957.78 0.00 -782.22
v 959.15 0.00 -783.89
v 960.16 0.00 -785.79
v 960.79 0.00 -787.85
v 961.00 0.00 -790.00
v 960.79 0.00 -792.15
v 960.16 0.00 -794.21
v 959.15 0.00 -796.11
v 957.78 0.00 -797.78
v 956.11 0.00 -799.15
v 954.21 0.00 -800.16
v 952.15 0.00 -800.79
v 950.00 180.00 -801.00
v 947.85 180.00 -800.79
v 945.79 180.00 -800.16
v 943.89 180.00 -799.15
v 942.22 180.00 -797.78
v 940.85 180.00 -796.11
v 939.84 180.00 -794.21
v 939.21 180.00 -792.15
v 939.00 180.00 -790.00
v 939.21 180.00 -787.85
v 939.84 180.00 -785.79
v 940.85 180.00 -783.89
v 942.22 180.00 -782.22
v 943.89 180.00 -780.85
v 945.79 180.00 -779.84
v 947.85 180.00 -779.21
v 950.00 180.00 -779.00
v 952.15 180.00 -779.21
v 954.21 180.00 -779.84
v 956.11 180.00 -780.85
v 957.78 180.00 -782.22
v 959.15 180.00 -783.89
v 960.16 180.00 -785.79
v 960.79 180.00 -787.85
v 961.00 180.00 -790.00
v 960.79 180.00 -792.15
v 960.16 180.00 -794.21
v 959.15 180.00 -796.11
v 957.78 180.00 -797.78
v 956.11 180.00 -799.15
v 954.21 180.00 -800.16
v 952.15 180.00 -800.79
v 968.00 0.00 -806.00
v 984.00 0.00 -806.00
v 968.00 0.00 -820.00
v 984.00 0.00 -820.00
v 968.00 12.00 -806.00
v 984.00 12.00 -806.00
v 968.00 12.00 -820.00
v 984.00 12.00 -820.00
v 995.00 0.00 -615.00
v 1028.00 0.00 -615.00
v 995.00 0.00 -660.00
v 1028.00 0.00 -660.00
v 995.00 10.00 -615.00
v 1028.00 10.00 -615.00
v 995.00 10.00 -660.00
v 1028.00 10.00 -660.00
v 995.00 0.00 -705.00
v 1020.00 0.00 -705.00
v 995.00 0.00 -725.00
v 1020.00 0.00 -725.00
v 995.00 8.00 -705.00
v 1020.00 8.00 -705.00
v 995.00 8.00 -725.00
v 1020.00 8.00 -725.00
v 1020.00 20.00 -460.00
v 1080.00 20.00 -460.00
v 1020.00 20.00 -552.00
v 1080.00 20.00 -552.00
v 1020.00 46.00 -460.00
v 1080.00 46.00 -460.00
v 1020.00 46.00 -552.00
v 1080.00 46.00 -552.00
v 1041.00 20.00 -410.00
v 1059.00 20.00 -410.00
v 1041.00 20.00 -460.00
v 1059.00 20.00 -460.00
v 1041.00 38.00 -410.00
v 1059.00 38.00 -410.00
v 1041.00 38.00 -460.00
v 1059.00 38.00 -460.00
v 1082.00 20.00 -470.00
v 1098.00 20.00 -470.00
v 1082.00 20.00 -505.00
v 1098.00 20.00 -505.00
v 1082.00 30.00 -470.00
v 1098.00 30.00 -470.00
v 1082.00 30.00 -505.00
v 1098.00 30.00 -505.00
v 1080.00 22.00 -487.00
v 1140.00 22.00 -487.00
v 1080.00 22.00 -513.00
v 1140.00 22.00 -513.00
v 1080.00 48.00 -487.00
v 1140.00 48.00 -487.00
v 1080.00 48.00 -513.00
v 1140.00 48.00 -513.00
v 1140.00 22.00 -487.00
v 1166.00 22.00 -487.00
v 1140.00 22.00 -513.00
v 1166.00 22.00 -513.00
v 1140.00 112.00 -487.00
v 1166.00 112.00 -487.00
v 1140.00 112.00 -513.00
v 1166.00 112.00 -513.00
v 1140.00 104.00 -400.00
v 1160.00 104.00 -400.00
v 1140.00 104.00 -760.00
v 1160.00 104.00 -760.00
v 1140.00 118.00 -400.00
v 1160.00 118.00 -400.00
v 1140.00 118.00 -760.00
v 1160.00 118.00 -760.00
v 588.00 100.00 -366.00
v 672.00 100.00 -366.00
v 588.00 100.00 -403.00
v 672.00 100.00 -403.00
v 588.00 135.00 -366.00
v 672.00 135.00 -366.00
v 588.00 135.00 -403.00
v 672.00 135.00 -403.00
v 588.00 107.00 -356.00
v 672.00 107.00 -356.00
v 588.00 107.00 -366.00
v 672.00 107.00 -366.00
v 588.00 108.00 -356.00
v 672.00 108.00 -356.00
v 588.00 108.00 -366.00
v 672.00 108.00 -366.00
v 574.00 0.00 -350.00
v 586.00 0.00 -350.00
v 574.00 0.00 -366.00
v 586.00 0.00 -366.00
v 574.00 110.00 -350.00
v 586.00 110.00 -350.00
v 574.00 110.00 -366.00
v 586.00 110.00 -366.00
v 660.00 37.00 -372.00
v 692.00 37.00 -372.00
v 660.00 37.00 -400.00
v 692.00 37.00 -400.00
v 660.00 100.00 -372.00
v 692.00 100.00 -372.00
v 660.00 100.00 -400.00
v 692.00 100.00 -400.00
v 658.00 23.00 -372.00
v 694.00 23.00 -372.00
v 658.00 23.00 -466.00
v 694.00 23.00 -466.00
v 658.00 37.00 -372.00
v 694.00 37.00 -372.00
v 658.00 37.00 -466.00
v 694.00 37.00 -466.00
v 588.50 0.00 -366.00
v 591.50 0.00 -366.00
v 588.50 0.00 -369.00
v 591.50 0.00 -369.00
v 588.50 100.00 -366.00
v 591.50 100.00 -366.00
v 588.50 100.00 -369.00
v 591.50 100.00 -369.00
v 588.50 0.00 -400.00
v 591.50 0.00 -400.00
v 588.50 0.00 -403.00
v 591.50 0.00 -403.00
v 588.50 100.00 -400.00
v 591.50 100.00 -400.00
v 588.50 100.00 -403.00
v 591.50 100.00 -403.00
v 628.50 0.00 -366.00
v 631.50 0.00 -366.00
v 628.50 0.00 -369.00
v 631.50 0.00 -369.00
v 628.50 100.00 -366.00
v 631.50 100.00 -366.00
v 628.50 100.00 -369.00
v 631.50 100.00 -369.00
v 628.50 0.00 -400.00
v 631.50 0.00 -400.00
v 628.50 0.00 -403.00
v 631.50 0.00 -403.00
v 628.50 100.00 -400.00
v 631.50 100.00 -400.00
v 628.50 100.00 -403.00
v 631.50 100.00 -403.00
v 668.50 0.00 -366.00
v 671.50 0.00 -366.00
v 668.50 0.00 -369.00
v 671.50 0.00 -369.00
v 668.50 100.00 -366.00
v 671.50 100.00 -366.00
v 668.50 100.00 -369.00
v 671.50 100.00 -369.00
v 668.50 0.00 -400.00
v 671.50 0.00 -400.00
v 668.50 0.00 -403.00
v 671.50 0.00 -403.00
v 668.50 100.00 -400.00
v 671.50 100.00 -400.00
v 668.50 100.00 -403.00
v 671.50 100.00 -403.00
v 748.00 100.00 -366.00
v 832.00 100.00 -366.00
v 748.00 100.00 -403.00
v 832.00 100.00 -403.00
v 748.00 135.00 -366.00
v 832.00 135.00 -366.00
v 748.00 135.00 -403.00
v 832.00 135.00 -403.00
v 748.00 107.00 -356.00
v 832.00 107.00 -356.00
v 748.00 107.00 -366.00
v 832.00 107.00 -366.00
v 748.00 108.00 -356.00
v 832.00 108.00 -356.00
v 748.00 108.00 -366.00
v 832.00 108.00 -366.00
v 734.00 0.00 -350.00
v 746.00 0.00 -350.00
v 734.00 0.00 -366.00
v 746.00 0.00 -366.00
v 734.00 110.00 -350.00
v 746.00 110.00 -350.00
v 734.00 110.00 -366.00
v 746.00 110.00 -366.00
v 820.00 37.00 -372.00
v 852.00 37.00 -372.00
v 820.00 37.00 -400.00
v 852.00 37.00 -400.00
v 820.00 100.00 -372.00
v 852.00 100.00 -372.00
v 820.00 100.00 -400.00
v 852.00 100.00 -400.00
v 818.00 23.00 -372.00
v 854.00 23.00 -372.00
v 818.00 23.00 -466.00
v 854.00 23.00 -466.00
v 818.00 37.00 -372.00
v 854.00 37.00 -372.00
v 818.00 37.00 -466.00
v 854.00 37.00 -466.00
v 748.50 0.00 -366.00
v 751.50 0.00 -366.00
v 748.50 0.00 -369.00
v 751.50 0.00 -369.00
v 748.50 100.00 -366.00
v 751.50 100.00 -366.00
v 748.50 100.00 -369.00
v 751.50 100.00 -369.00
v 748.50 0.00 -400.00
v 751.50 0.00 -400.00
v 748.50 0.00 -403.00
v 751.50 0.00 -403.00
v 748.50 100.00 -400.00
v 751.50 100.00 -400.00
v 748.50 100.00 -403.00
v 751.50 100.00 -403.00
v 788.50 0.00 -366.00
v 791.50 0.00 -366.00
v 788.50 0.00 -369.00
v 791.50 0.00 -369.00
v 788.50 100.00 -366.00
v 791.50 100.00 -366.00
v 788.50 100.00 -369.00
v 791.50 100.00 -369.00
v 788.50 0.00 -400.00
v 791.50 0.00 -400.00
v 788.50 0.00 -403.00
v 791.50 0.00 -403.00
v 788.50 100.00 -400.00
v 791.50 100.00 -400.00
v 788.50 100.00 -403.00
v 791.50 100.00 -403.00
v 828.50 0.00 -366.00
v 831.50 0.00 -366.00
v 828.50 0.00 -369.00
v 831.50 0.00 -369.00
v 828.50 100.00 -366.00
v 831.50 100.00 -366.00
v 828.50 100.00 -369.00
v 831.50 100.00 -369.00
v 828.50 0.00 -400.00
v 831.50 0.00 -400.00
v 828.50 0.00 -403.00
v 831.50 0.00 -403.00
v 828.50 100.00 -400.00
v 831.50 100.00 -400.00
v 828.50 100.00 -403.00
v 831.50 100.00 -403.00
v 908.00 100.00 -366.00
v 992.00 100.00 -366.00
v 908.00 100.00 -403.00
v 992.00 100.00 -403.00
v 908.00 135.00 -366.00
v 992.00 135.00 -366.00
v 908.00 135.00 -403.00
v 992.00 135.00 -403.00
v 908.00 107.00 -356.00
v 992.00 107.00 -356.00
v 908.00 107.00 -366.00
v 992.00 107.00 -366.00
v 908.00 108.00 -356.00
v 992.00 108.00 -356.00
v 908.00 108.00 -366.00
v 992.00 108.00 -366.00
v 894.00 0.00 -350.00
v 906.00 0.00 -350.00
v 894.00 0.00 -366.00
v 906.00 0.00 -366.00
v 894.00 110.00 -350.00
v 906.00 110.00 -350.00
v 894.00 110.00 -366.00
v 906.00 110.00 -366.00
v 980.00 37.00 -372.00
v 1012.00 37.00 -372.00
v 980.00 37.00 -400.00
v 1012.00 37.00 -400.00
v 980.00 100.00 -372.00
v 1012.00 100.00 -372.00
v 980.00 100.00 -400.00
v 1012.00 100.00 -400.00
v 978.00 23.00 -372.00
v 1014.00 23.00 -372.00
v 978.00 23.00 -466.00
v 1014.00 23.00 -466.00
v 978.00 37.00 -372.00
v 1014.00 37.00 -372.00
v 978.00 37.00 -466.00
v 1014.00 37.00 -466.00
v 908.50 0.00 -366.00
v 911.50 0.00 -366.00
v 908.50 0.00 -369.00
v 911.50 0.00 -369.00
v 908.50 100.00 -366.00
v 911.50 100.00 -366.00
v 908.50 100.00 -369.00
v 911.50 100.00 -369.00
v 908.50 0.00 -400.00
v 911.50 0.00 -400.00
v 908.50 0.00 -403.00
v 911.50 0.00 -403.00
v 908.50 100.00 -400.00
v 911.50 100.00 -400.00
v 908.50 100.00 -403.00
v 911.50 100.00 -403.00
v 948.50 0.00 -366.00
v 951.50 0.00 -366.00
v 948.50 0.00 -369.00
v 951.50 0.00 -369.00
v 948.50 100.00 -366.00
v 951.50 100.00 -366.00
v 948.50 100.00 -369.00
v 951.50 100.00 -369.00
v 948.50 0.00 -400.00
v 951.50 0.00 -400.00
v 948.50 0.00 -403.00
v 951.50 0.00 -403.00
v 948.50 100.00 -400.00
v 951.50 100.00 -400.00
v 948.50 100.00 -403.00
v 951.50 100.00 -403.00
v 988.50 0.00 -366.00
v 991.50 0.00 -366.00
v 988.50 0.00 -369.00
v 991.50 0.00 -369.00
v 988.50 100.00 -366.00
v 991.50 100.00 -366.00
v 988.50 100.00 -369.00
v 991.50 100.00 -369.00
v 988.50 0.00 -400.00
v 991.50 0.00 -400.00
v 988.50 0.00 -403.00
v 991.50 0.00 -403.00
v 988.50 100.00 -400.00
v 991.50 100.00 -400.00
v 988.50 100.00 -403.00
v 991.50 100.00 -403.00
v 1130.00 88.00 -380.00
v 1450.00 88.00 -380.00
v 1130.00 88.00 -780.00
v 1450.00 88.00 -780.00
v 1130.00 92.00 -380.00
v 1450.00 92.00 -380.00
v 1130.00 92.00 -780.00
v 1450.00 92.00 -780.00
v 1132.00 92.00 -382.00
v 1168.00 92.00 -382.00
v 1150.00 122.00 -382.00
v 1132.00 92.00 -778.00
v 1168.00 92.00 -778.00
v 1150.00 122.00 -778.00
v 1150.00 121.00 -382.00
v 1148.66 121.27 -382.00
v 1147.53 122.03 -382.00
v 1146.77 123.16 -382.00
v 1146.50 124.50 -382.00
v 1146.77 125.84 -382.00
v 1147.53 126.97 -382.00
v 1148.66 127.73 -382.00
v 1150.00 128.00 -382.00
v 1151.34 127.73 -382.00
v 1152.47 126.97 -382.00
v 1153.23 125.84 -382.00
v 1153.50 124.50 -382.00
v 1153.23 123.16 -382.00
v 1152.47 122.03 -382.00
v 1151.34 121.27 -382.00
v 1150.00 121.00 -778.00
v 1148.66 121.27 -778.00
v 1147.53 122.03 -778.00
v 1146.77 123.16 -778.00
v 1146.50 124.50 -778.00
v 1146.77 125.84 -778.00
v 1147.53 126.97 -778.00
v 1148.66 127.73 -778.00
v 1150.00 128.00 -778.00
v 1151.34 127.73 -778.00
v 1152.47 126.97 -778.00
v 1153.23 125.84 -778.00
v 1153.50 124.50 -778.00
v 1153.23 123.16 -778.00
v 1152.47 122.03 -778.00
v 1151.34 121.27 -778.00
v 1172.00 92.00 -382.00
v 1208.00 92.00 -382.00
v 1190.00 122.00 -382.00
v 1172.00 92.00 -778.00
v 1208.00 92.00 -778.00
v 1190.00 122.00 -778.00
v 1190.00 121.00 -382.00
v 1188.66 121.27 -382.00
v 1187.53 122.03 -382.00
v 1186.77 123.16 -382.00
v 1186.50 124.50 -382.00
v 1186.77 125.84 -382.00
v 1187.53 126.97 -382.00
v 1188.66 127.73 -382.00
v 1190.00 128.00 -382.00
v 1191.34 127.73 -382.00
v 1192.47 126.97 -382.00
v 1193.23 125.84 -382.00
v 1193.50 124.50 -382.00
v 1193.23 123.16 -382.00
v 1192.47 122.03 -382.00
v 1191.34 121.27 -382.00
v 1190.00 121.00 -778.00
v 1188.66 121.27 -778.00
v 1187.53 122.03 -778.00
v 1186.77 123.16 -778.00
v 1186.50 124.50 -778.00
v 1186.77 125.84 -778.00
v 1187.53 126.97 -778.00
v 1188.66 127.73 -778.00
v 1190.00 128.00 -778.00
v 1191.34 127.73 -778.00
v 1192.47 126.97 -778.00
v 1193.23 125.84 -778.00
v 1193.50 124.50 -778.00
v 1193.23 123.16 -778.00
v 1192.47 122.03 -778.00
v 1191.34 121.27 -778.00
v 1212.00 92.00 -382.00
v 1248.00 92.00 -382.00
v 1230.00 122.00 -382.00
v 1212.00 92.00 -778.00
v 1248.00 92.00 -778.00
v 1230.00 122.00 -778.00
v 1230.00 121.00 -382.00
v 1228.66 121.27 -382.00
v 1227.53 122.03 -382.00
v 1226.77 123.16 -382.00
v 1226.50 124.50 -382.00
v 1226.77 125.84 -382.00
v 1227.53 126.97 -382.00
v 1228.66 127.73 -382.00
v 1230.00 128.00 -382.00
v 1231.34 127.73 -382.00
v 1232.47 126.97 -382.00
v 1233.23 125.84 -382.00
v 1233.50 124.50 -382.00
v 1233.23 123.16 -382.00
v 1232.47 122.03 -382.00
v 1231.34 121.27 -382.00
v 1230.00 121.00 -778.00
v 1228.66 121.27 -778.00
v 1227.53 122.03 -778.00
v 1226.77 123.16 -778.00
v 1226.50 124.50 -778.00
v 1226.77 125.84 -778.00
v 1227.53 126.97 -778.00
v 1228.66 127.73 -778.00
v 1230.00 128.00 -778.00
v 1231.34 127.73 -778.00
v 1232.47 126.97 -778.00
v 1233.23 125.84 -778.00
v 1233.50 124.50 -778.00
v 1233.23 123.16 -778.00
v 1232.47 122.03 -778.00
v 1231.34 121.27 -778.00
v 1252.00 92.00 -382.00
v 1288.00 92.00 -382.00
v 1270.00 122.00 -382.00
v 1252.00 92.00 -778.00
v 1288.00 92.00 -778.00
v 1270.00 122.00 -778.00
v 1270.00 121.00 -382.00
v 1268.66 121.27 -382.00
v 1267.53 122.03 -382.00
v 1266.77 123.16 -382.00
v 1266.50 124.50 -382.00
v 1266.77 125.84 -382.00
v 1267.53 126.97 -382.00
v 1268.66 127.73 -382.00
v 1270.00 128.00 -382.00
v 1271.34 127.73 -382.00
v 1272.47 126.97 -382.00
v 1273.23 125.84 -382.00
v 1273.50 124.50 -382.00
v 1273.23 123.16 -382.00
v 1272.47 122.03 -382.00
v 1271.34 121.27 -382.00
v 1270.00 121.00 -778.00
v 1268.66 121.27 -778.00
v 1267.53 122.03 -778.00
v 1266.77 123.16 -778.00
v 1266.50 124.50 -778.00
v 1266.77 125.84 -778.00
v 1267.53 126.97 -778.00
v 1268.66 127.73 -778.00
v 1270.00 128.00 -778.00
v 1271.34 127.73 -778.00
v 1272.47 126.97 -778.00
v 1273.23 125.84 -778.00
v 1273.50 124.50 -778.00
v 1273.23 123.16 -778.00
v 1272.47 122.03 -778.00
v 1271.34 121.27 -778.00
v 1292.00 92.00 -382.00
v 1328.00 92.00 -382.00
v 1310.00 122.00 -382.00
v 1292.00 92.00 -778.00
v 1328.00 92.00 -778.00
v 1310.00 122.00 -778.00
v 1310.00 121.00 -382.00
v 1308.66 121.27 -382.00
v 1307.53 122.03 -382.00
v 1306.77 123.16 -382.00
v 1306.50 124.50 -382.00
v 1306.77 125.84 -382.00
v 1307.53 126.97 -382.00
v 1308.66 127.73 -382.00
v 1310.00 128.00 -382.00
v 1311.34 127.73 -382.00
v 1312.47 126.97 -382.00
v 1313.23 125.84 -382.00
v 1313.50 124.50 -382.00
v 1313.23 123.16 -382.00
v 1312.47 122.03 -382.00
v 1311.34 121.27 -382.00
v 1310.00 121.00 -778.00
v 1308.66 121.27 -778.00
v 1307.53 122.03 -778.00
v 1306.77 123.16 -778.00
v 1306.50 124.50 -778.00
v 1306.77 125.84 -778.00
v 1307.53 126.97 -778.00
v 1308.66 127.73 -778.00
v 1310.00 128.00 -778.00
v 1311.34 127.73 -778.00
v 1312.47 126.97 -778.00
v 1313.23 125.84 -778.00
v 1313.50 124.50 -778.00
v 1313.23 123.16 -778.00
v 1312.47 122.03 -778.00
v 1311.34 121.27 -778.00
v 1332.00 92.00 -382.00
v 1368.00 92.00 -382.00
v 1350.00 122.00 -382.00
v 1332.00 92.00 -778.00
v 1368.00 92.00 -778.00
v 1350.00 122.00 -778.00
v 1350.00 121.00 -382.00
v 1348.66 121.27 -382.00
v 1347.53 122.03 -382.00
v 1346.77 123.16 -382.00
v 1346.50 124.50 -382.00
v 1346.77 125.84 -382.00
v 1347.53 126.97 -382.00
v 1348.66 127.73 -382.00
v 1350.00 128.00 -382.00
v 1351.34 127.73 -382.00
v 1352.47 126.97 -382.00
v 1353.23 125.84 -382.00
v 1353.50 124.50 -382.00
v 1353.23 123.16 -382.00
v 1352.47 122.03 -382.00
v 1351.34 121.27 -382.00
v 1350.00 121.00 -778.00
v 1348.66 121.27 -778.00
v 1347.53 122.03 -778.00
v 1346.77 123.16 -778.00
v 1346.50 124.50 -778.00
v 1346.77 125.84 -778.00
v 1347.53 126.97 -778.00
v 1348.66 127.73 -778.00
v 1350.00 128.00 -778.00
v 1351.34 127.73 -778.00
v 1352.47 126.97 -778.00
v 1353.23 125.84 -778.00
v 1353.50 124.50 -778.00
v 1353.23 123.16 -778.00
v 1352.47 122.03 -778.00
v 1351.34 121.27 -778.00
v 1372.00 92.00 -382.00
v 1408.00 92.00 -382.00
v 1390.00 122.00 -382.00
v 1372.00 92.00 -778.00
v 1408.00 92.00 -778.00
v 1390.00 122.00 -778.00
v 1390.00 121.00 -382.00
v 1388.66 121.27 -382.00
v 1387.53 122.03 -382.00
v 1386.77 123.16 -382.00
v 1386.50 124.50 -382.00
v 1386.77 125.84 -382.00
v 1387.53 126.97 -382.00
v 1388.66 127.73 -382.00
v 1390.00 128.00 -382.00
v 1391.34 127.73 -382.00
v 1392.47 126.97 -382.00
v 1393.23 125.84 -382.00
v 1393.50 124.50 -382.00
v 1393.23 123.16 -382.00
v 1392.47 122.03 -382.00
v 1391.34 121.27 -382.00
v 1390.00 121.00 -778.00
v 1388.66 121.27 -778.00
v 1387.53 122.03 -778.00
v 1386.77 123.16 -778.00
v 1386.50 124.50 -778.00
v 1386.77 125.84 -778.00
v 1387.53 126.97 -778.00
v 1388.66 127.73 -778.00
v 1390.00 128.00 -778.00
v 1391.34 127.73 -778.00
v 1392.47 126.97 -778.00
v 1393.23 125.84 -778.00
v 1393.50 124.50 -778.00
v 1393.23 123.16 -778.00
v 1392.47 122.03 -778.00
v 1391.34 121.27 -778.00
v 1412.00 92.00 -382.00
v 1448.00 92.00 -382.00
v 1430.00 122.00 -382.00
v 1412.00 92.00 -778.00
v 1448.00 92.00 -778.00
v 1430.00 122.00 -778.00
v 1430.00 121.00 -382.00
v 1428.66 121.27 -382.00
v 1427.53 122.03 -382.00
v 1426.77 123.16 -382.00
v 1426.50 124.50 -382.00
v 1426.77 125.84 -382.00
v 1427.53 126.97 -382.00
v 1428.66 127.73 -382.00
v 1430.00 128.00 -382.00
v 1431.34 127.73 -382.00
v 1432.47 126.97 -382.00
v 1433.23 125.84 -382.00
v 1433.50 124.50 -382.00
v 1433.23 123.16 -382.00
v 1432.47 122.03 -382.00
v 1431.34 121.27 -382.00
v 1430.00 121.00 -778.00
v 1428.66 121.27 -778.00
v 1427.53 122.03 -778.00
v 1426.77 123.16 -778.00
v 1426.50 124.50 -778.00
v 1426.77 125.84 -778.00
v 1427.53 126.97 -778.00
v 1428.66 127.73 -778.00
v 1430.00 128.00 -778.00
v 1431.34 127.73 -778.00
v 1432.47 126.97 -778.00
v 1433.23 125.84 -778.00
v 1433.50 124.50 -778.00
v 1433.23 123.16 -778.00
v 1432.47 122.03 -778.00
v 1431.34 121.27 -778.00
v 1130.00 92.00 -379.00
v 1450.00 92.00 -379.00
v 1130.00 92.00 -380.00
v 1450.00 92.00 -380.00
v 1130.00 125.00 -379.00
v 1450.00 125.00 -379.00
v 1130.00 125.00 -380.00
v 1450.00 125.00 -380.00
v 1130.00 92.00 -780.00
v 1450.00 92.00 -780.00
v 1130.00 92.00 -781.00
v 1450.00 92.00 -781.00
v 1130.00 125.00 -780.00
v 1450.00 125.00 -780.00
v 1130.00 125.00 -781.00
v 1450.00 125.00 -781.00
v 1129.00 92.00 -380.00
v 1130.00 92.00 -380.00
v 1129.00 92.00 -780.00
v 1130.00 92.00 -780.00
v 1129.00 125.00 -380.00
v 1130.00 125.00 -380.00
v 1129.00 125.00 -780.00
v 1130.00 125.00 -780.00
v 1450.00 92.00 -380.00
v 1451.00 92.00 -380.00
v 1450.00 92.00 -780.00
v 1451.00 92.00 -780.00
v 1450.00 125.00 -380.00
v 1451.00 125.00 -380.00
v 1450.00 125.00 -780.00
v 1451.00 125.00 -780.00
v 1128.00 0.00 -378.00
v 1132.00 0.00 -378.00
v 1128.00 0.00 -382.00
v 1132.00 0.00 -382.00
v 1128.00 88.00 -378.00
v 1132.00 88.00 -378.00
v 1128.00 88.00 -382.00
v 1132.00 88.00 -382.00
v 1128.00 0.00 -418.00
v 1132.00 0.00 -418.00
v 1128.00 0.00 -422.00
v 1132.00 0.00 -422.00
v 1128.00 88.00 -418.00
v 1132.00 88.00 -418.00
v 1128.00 88.00 -422.00
v 1132.00 88.00 -422.00
v 1128.00 0.00 -458.00
v 1132.00 0.00 -458.00
v 1128.00 0.00 -462.00
v 1132.00 0.00 -462.00
v 1128.00 88.00 -458.00
v 1132.00 88.00 -458.00
v 1128.00 88.00 -462.00
v 1132.00 88.00 -462.00
v 1128.00 0.00 -498.00
v 1132.00 0.00 -498.00
v 1128.00 0.00 -502.00
v 1132.00 0.00 -502.00
v 1128.00 88.00 -498.00
v 1132.00 88.00 -498.00
v 1128.00 88.00 -502.00
v 1132.00 88.00 -502.00
v 1128.00 0.00 -538.00
v 1132.00 0.00 -538.00
v 1128.00 0.00 -542.00
v 1132.00 0.00 -542.00
v 1128.00 88.00 -538.00
v 1132.00 88.00 -538.00
v 1128.00 88.00 -542.00
v 1132.00 88.00 -542.00
v 1128.00 0.00 -578.00
v 1132.00 0.00 -578.00
v 1128.00 0.00 -582.00
v 1132.00 0.00 -582.00
v 1128.00 88.00 -578.00
v 1132.00 88.00 -578.00
v 1128.00 88.00 -582.00
v 1132.00 88.00 -582.00
v 1128.00 0.00 -618.00
v 1132.00 0.00 -618.00
v 1128.00 0.00 -622.00
v 1132.00 0.00 -622.00
v 1128.00 88.00 -618.00
v 1132.00 88.00 -618.00
v 1128.00 88.00 -622.00
v 1132.00 88.00 -622.00
v 1128.00 0.00 -658.00
v 1132.00 0.00 -658.00
v 1128.00 0.00 -662.00
v 1132.00 0.00 -662.00
v 1128.00 88.00 -658.00
v 1132.00 88.00 -658.00
v 1128.00 88.00 -662.00
v 1132.00 88.00 -662.00
v 1128.00 0.00 -698.00
v 1132.00 0.00 -698.00
v 1128.00 0.00 -702.00
v 1132.00 0.00 -702.00
v 1128.00 88.00 -698.00
v 1132.00 88.00 -698.00
v 1128.00 88.00 -702.00
v 1132.00 88.00 -702.00
v 1128.00 0.00 -738.00
v 1132.00 0.00 -738.00
v 1128.00 0.00 -742.00
v 1132.00 0.00 -742.00
v 1128.00 88.00 -738.00
v 1132.00 88.00 -738.00
v 1128.00 88.00 -742.00
v 1132.00 88.00 -742.00
v 1128.00 0.00 -778.00
v 1132.00 0.00 -778.00
v 1128.00 0.00 -782.00
v 1132.00 0.00 -782.00
v 1128.00 88.00 -778.00
v 1132.00 88.00 -778.00
v 1128.00 88.00 -782.00
v 1132.00 88.00 -782.00
v 1168.00 0.00 -378.00
v 1172.00 0.00 -378.00
v 1168.00 0.00 -382.00
v 1172.00 0.00 -382.00
v 1168.00 88.00 -378.00
v 1172.00 88.00 -378.00
v 1168.00 88.00 -382.00
v 1172.00 88.00 -382.00
v 1168.00 0.00 -418.00
v 1172.00 0.00 -418.00
v 1168.00 0.00 -422.00
v 1172.00 0.00 -422.00
v 1168.00 88.00 -418.00
v 1172.00 88.00 -418.00
v 1168.00 88.00 -422.00
v 1172.00 88.00 -422.00
v 1168.00 0.00 -458.00
v 1172.00 0.00 -458.00
v 1168.00 0.00 -462.00
v 1172.00 0.00 -462.00
v 1168.00 88.00 -458.00
v 1172.00 88.00 -458.00
v 1168.00 88.00 -462.00
v 1172.00 88.00 -462.00
v 1168.00 0.00 -498.00
v 1172.00 0.00 -498.00
v 1168.00 0.00 -502.00
v 1172.00 0.00 -502.00
v 1168.00 88.00 -498.00
v 1172.00 88.00 -498.00
v 1168.00 88.00 -502.00
v 1172.00 88.00 -502.00
v 1168.00 0.00 -538.00
v 1172.00 0.00 -538.00
v 1168.00 0.00 -542.00
v 1172.00 0.00 -542.00
v 1168.00 88.00 -538.00
v 1172.00 88.00 -538.00
v 1168.00 88.00 -542.00
v 1172.00 88.00 -542.00
v 1168.00 0.00 -578.00
v 1172.00 0.00 -578.00
v 1168.00 0.00 -582.00
v 1172.00 0.00 -582.00
v 1168.00 88.00 -578.00
v 1172.00 88.00 -578.00
v 1168.00 88.00 -582.00
v 1172.00 88.00 -582.00
v 1168.00 0.00 -618.00
v 1172.00 0.00 -618.00
v 1168.00 0.00 -622.00
v 1172.00 0.00 -622.00
v 1168.00 88.00 -618.00
v 1172.00 88.00 -618.00
v 1168.00 88.00 -622.00
v 1172.00 88.00 -622.00
v 1168.00 0.00 -658.00
v 1172.00 0.00 -658.00
v 1168.00 0.00 -662.00
v 1172.00 0.00 -662.00
v 1168.00 88.00 -658.00
v 1172.00 88.00 -658.00
v 1168.00 88.00 -662.00
v 1172.00 88.00 -662.00
v 1168.00 0.00 -698.00
v 1172.00 0.00 -698.00
v 1168.00 0.00 -702.00
v 1172.00 0.00 -702.00
v 1168.00 88.00 -698.00
v 1172.00 88.00 -698.00
v 1168.00 88.00 -702.00
v 1172.00 88.00 -702.00
v 1168.00 0.00 -738.00
v 1172.00 0.00 -738.00
v 1168.00 0.00 -742.00
v 1172.00 0.00 -742.00
v 1168.00 88.00 -738.00
v 1172.00 88.00 -738.00
v 1168.00 88.00 -742.00
v 1172.00 88.00 -742.00
v 1168.00 0.00 -778.00
v 1172.00 0.00 -778.00
v 1168.00 0.00 -782.00
v 1172.00 0.00 -782.00
v 1168.00 88.00 -778.00
v 1172.00 88.00 -778.00
v 1168.00 88.00 -782.00
v 1172.00 88.00 -782.00
v 1208.00 0.00 -378.00
v 1212.00 0.00 -378.00
v 1208.00 0.00 -382.00
v 1212.00 0.00 -382.00
v 1208.00 88.00 -378.00
v 1212.00 88.00 -378.00
v 1208.00 88.00 -382.00
v 1212.00 88.00 -382.00
v 1208.00 0.00 -418.00
v 1212.00 0.00 -418.00
v 1208.00 0.00 -422.00
v 1212.00 0.00 -422.00
v 1208.00 88.00 -418.00
v 1212.00 88.00 -418.00
v 1208.00 88.00 -422.00
v 1212.00 88.00 -422.00
v 1208.00 0.00 -458.00
v 1212.00 0.00 -458.00
v 1208.00 0.00 -462.00
v 1212.00 0.00 -462.00
v 1208.00 88.00 -458.00
v 1212.00 88.00 -458.00
v 1208.00 88.00 -462.00
v 1212.00 88.00 -462.00
v 1208.00 0.00 -498.00
v 1212.00 0.00 -498.00
v 1208.00 0.00 -502.00
v 1212.00 0.00 -502.00
v 1208.00 88.00 -498.00
v 1212.00 88.00 -498.00
v 1208.00 88.00 -502.00
v 1212.00 88.00 -502.00
v 1208.00 0.00 -538.00
v 1212.00 0.00 -538.00
v 1208.00 0.00 -542.00
v 1212.00 0.00 -542.00
v 1208.00 88.00 -538.00
v 1212.00 88.00 -538.00
v 1208.00 88.00 -542.00
v 1212.00 88.00 -542.00
v 1208.00 0.00 -578.00
v 1212.00 0.00 -578.00
v 1208.00 0.00 -582.00
v 1212.00 0.00 -582.00
v 1208.00 88.00 -578.00
v 1212.00 88.00 -578.00
v 1208.00 88.00 -582.00
v 1212.00 88.00 -582.00
v 1208.00 0.00 -618.00
v 1212.00 0.00 -618.00
v 1208.00 0.00 -622.00
v 1212.00 0.00 -622.00
v 1208.00 88.00 -618.00
v 1212.00 88.00 -618.00
v 1208.00 88.00 -622.00
v 1212.00 88.00 -622.00
v 1208.00 0.00 -658.00
v 1212.00 0.00 -658.00
v 1208.00 0.00 -662.00
v 1212.00 0.00 -662.00
v 1208.00 88.00 -658.00
v 1212.00 88.00 -658.00
v 1208.00 88.00 -662.00
v 1212.00 88.00 -662.00
v 1208.00 0.00 -698.00
v 1212.00 0.00 -698.00
v 1208.00 0.00 -702.00
v 1212.00 0.00 -702.00
v 1208.00 88.00 -698.00
v 1212.00 88.00 -698.00
v 1208.00 88.00 -702.00
v 1212.00 88.00 -702.00
v 1208.00 0.00 -738.00
v 1212.00 0.00 -738.00
v 1208.00 0.00 -742.00
v 1212.00 0.00 -742.00
v 1208.00 88.00 -738.00
v 1212.00 88.00 -738.00
v 1208.00 88.00 -742.00
v 1212.00 88.00 -742.00
v 1208.00 0.00 -778.00
v 1212.00 0.00 -778.00
v 1208.00 0.00 -782.00
v 1212.00 0.00 -782.00
v 1208.00 88.00 -778.00
v 1212.00 88.00 -778.00
v 1208.00 88.00 -782.00
v 1212.00 88.00 -782.00
v 1248.00 0.00 -378.00
v 1252.00 0.00 -378.00
v 1248.00 0.00 -382.00
v 1252.00 0.00 -382.00
v 1248.00 88.00 -378.00
v 1252.00 88.00 -378.00
v 1248.00 88.00 -382.00
v 1252.00 88.00 -382.00
v 1248.00 0.00 -418.00
v 1252.00 0.00 -418.00
v 1248.00 0.00 -422.00
v 1252.00 0.00 -422.00
v 1248.00 88.00 -418.00
v 1252.00 88.00 -418.00
v 1248.00 88.00 -422.00
v 1252.00 88.00 -422.00
v 1248.00 0.00 -458.00
v 1252.00 0.00 -458.00
v 1248.00 0.00 -462.00
v 1252.00 0.00 -462.00
v 1248.00 88.00 -458.00
v 1252.00 88.00 -458.00
v 1248.00 88.00 -462.00
v 1252.00 88.00 -462.00
v 1248.00 0.00 -498.00
v 1252.00 0.00 -498.00
v 1248.00 0.00 -502.00
v 1252.00 0.00 -502.00
v 1248.00 88.00 -498.00
v 1252.00 88.00 -498.00
v 1248.00 88.00 -502.00
v 1252.00 88.00 -502.00
v 1248.00 0.00 -538.00
v 1252.00 0.00 -538.00
v 1248.00 0.00 -542.00
v 1252.00 0.00 -542.00
v 1248.00 88.00 -538.00
v 1252.00 88.00 -538.00
v 1248.00 88.00 -542.00
v 1252.00 88.00 -542.00
v 1248.00 0.00 -578.00
v 1252.00 0.00 -578.00
v 1248.00 0.00 -582.00
v 1252.00 0.00 -582.00
v 1248.00 88.00 -578.00
v 1252.00 88.00 -578.00
v 1248.00 88.00 -582.00
v 1252.00 88.00 -582.00
v 1248.00 0.00 -618.00
v 1252.00 0.00 -618.00
v 1248.00 0.00 -622.00
v 1252.00 0.00 -622.00
v 1248.00 88.00 -618.00
v 1252.00 88.00 -618.00
v 1248.00 88.00 -622.00
v 1252.00 88.00 -622.00
v 1248.00 0.00 -658.00
v 1252.00 0.00 -658.00
v 1248.00 0.00 -662.00
v 1252.00 0.00 -662.00
v 1248.00 88.00 -658.00
v 1252.00 88.00 -658.00
v 1248.00 88.00 -662.00
v 1252.00 88.00 -662.00
v 1248.00 0.00 -698.00
v 1252.00 0.00 -698.00
v 1248.00 0.00 -702.00
v 1252.00 0.00 -702.00
v 1248.00 88.00 -698.00
v 1252.00 88.00 -698.00
v 1248.00 88.00 -702.00
v 1252.00 88.00 -702.00
v 1248.00 0.00 -738.00
v 1252.00 0.00 -738.00
v 1248.00 0.00 -742.00
v 1252.00 0.00 -742.00
v 1248.00 88.00 -738.00
v 1252.00 88.00 -738.00
v 1248.00 88.00 -742.00
v 1252.00 88.00 -742.00
v 1248.00 0.00 -778.00
v 1252.00 0.00 -778.00
v 1248.00 0.00 -782.00
v 1252.00 0.00 -782.00
v 1248.00 88.00 -778.00
v 1252.00 88.00 -778.00
v 1248.00 88.00 -782.00
v 1252.00 88.00 -782.00
v 1288.00 0.00 -378.00
v 1292.00 0.00 -378.00
v 1288.00 0.00 -382.00
v 1292.00 0.00 -382.00
v 1288.00 88.00 -378.00
v 1292.00 88.00 -378.00
v 1288.00 88.00 -382.00
v 1292.00 88.00 -382.00
v 1288.00 0.00 -418.00
v 1292.00 0.00 -418.00
v 1288.00 0.00 -422.00
v 1292.00 0.00 -422.00
v 1288.00 88.00 -418.00
v 1292.00 88.00 -418.00
v 1288.00 88.00 -422.00
v 1292.00 88.00 -422.00
v 1288.00 0.00 -458.00
v 1292.00 0.00 -458.00
v 1288.00 0.00 -462.00
v 1292.00 0.00 -462.00
v 1288.00 88.00 -458.00
v 1292.00 88.00 -458.00
v 1288.00 88.00 -462.00
v 1292.00 88.00 -462.00
v 1288.00 0.00 -498.00
v 1292.00 0.00 -498.00
v 1288.00 0.00 -502.00
v 1292.00 0.00 -502.00
v 1288.00 88.00 -498.00
v 1292.00 88.00 -498.00
v 1288.00 88.00 -502.00
v 1292.00 88.00 -502.00
v 1288.00 0.00 -538.00
v 1292.00 0.00 -538.00
v 1288.00 0.00 -542.00
v 1292.00 0.00 -542.00
v 1288.00 88.00 -538.00
v 1292.00 88.00 -538.00
v 1288.00 88.00 -542.00
v 1292.00 88.00 -542.00
v 1288.00 0.00 -578.00
v 1292.00 0.00 -578.00
v 1288.00 0.00 -582.00
v 1292.00 0.00 -582.00
v 1288.00 88.00 -578.00
v 1292.00 88.00 -578.00
v 1288.00 88.00 -582.00
v 1292.00 88.00 -582.00
v 1288.00 0.00 -618.00
v 1292.00 0.00 -618.00
v 1288.00 0.00 -622.00
v 1292.00 0.00 -622.00
v 1288.00 88.00 -618.00
v 1292.00 88.00 -618.00
v 1288.00 88.00 -622.00
v 1292.00 88.00 -622.00
v 1288.00 0.00 -658.00
v 1292.00 0.00 -658.00
v 1288.00 0.00 -662.00
v 1292.00 0.00 -662.00
v 1288.00 88.00 -658.00
v 1292.00 88.00 -658.00
v 1288.00 88.00 -662.00
v 1292.00 88.00 -662.00
v 1288.00 0.00 -698.00
v 1292.00 0.00 -698.00
v 1288.00 0.00 -702.00
v 1292.00 0.00 -702.00
v 1288.00 88.00 -698.00
v 1292.00 88.00 -698.00
v 1288.00 88.00 -702.00
v 1292.00 88.00 -702.00
v 1288.00 0.00 -738.00
v 1292.00 0.00 -738.00
v 1288.00 0.00 -742.00
v 1292.00 0.00 -742.00
v 1288.00 88.00 -738.00
v 1292.00 88.00 -738.00
v 1288.00 88.00 -742.00
v 1292.00 88.00 -742.00
v 1288.00 0.00 -778.00
v 1292.00 0.00 -778.00
v 1288.00 0.00 -782.00
v 1292.00 0.00 -782.00
v 1288.00 88.00 -778.00
v 1292.00 88.00 -778.00
v 1288.00 88.00 -782.00
v 1292.00 88.00 -782.00
v 1328.00 0.00 -378.00
v 1332.00 0.00 -378.00
v 1328.00 0.00 -382.00
v 1332.00 0.00 -382.00
v 1328.00 88.00 -378.00
v 1332.00 88.00 -378.00
v 1328.00 88.00 -382.00
v 1332.00 88.00 -382.00
v 1328.00 0.00 -418.00
v 1332.00 0.00 -418.00
v 1328.00 0.00 -422.00
v 1332.00 0.00 -422.00
v 1328.00 88.00 -418.00
v 1332.00 88.00 -418.00
v 1328.00 88.00 -422.00
v 1332.00 88.00 -422.00
v 1328.00 0.00 -458.00
v 1332.00 0.00 -458.00
v 1328.00 0.00 -462.00
v 1332.00 0.00 -462.00
v 1328.00 88.00 -458.00
v 1332.00 88.00 -458.00
v 1328.00 88.00 -462.00
v 1332.00 88.00 -462.00
v 1328.00 0.00 -498.00
v 1332.00 0.00 -498.00
v 1328.00 0.00 -502.00
v 1332.00 0.00 -502.00
v 1328.00 88.00 -498.00
v 1332.00 88.00 -498.00
v 1328.00 88.00 -502.00
v 1332.00 88.00 -502.00
v 1328.00 0.00 -538.00
v 1332.00 0.00 -538.00
v 1328.00 0.00 -542.00
v 1332.00 0.00 -542.00
v 1328.00 88.00 -538.00
v 1332.00 88.00 -538.00
v 1328.00 88.00 -542.00
v 1332.00 88.00 -542.00
v 1328.00 0.00 -578.00
v 1332.00 0.00 -578.00
v 1328.00 0.00 -582.00
v 1332.00 0.00 -582.00
v 1328.00 88.00 -578.00
v 1332.00 88.00 -578.00
v 1328.00 88.00 -582.00
v 1332.00 88.00 -582.00
v 1328.00 0.00 -618.00
v 1332.00 0.00 -618.00
v 1328.00 0.00 -622.00
v 1332.00 0.00 -622.00
v 1328.00 88.00 -618.00
v 1332.00 88.00 -618.00
v 1328.00 88.00 -622.00
v 1332.00 88.00 -622.00
v 1328.00 0.00 -658.00
v 1332.00 0.00 -658.00
v 1328.00 0.00 -662.00
v 1332.00 0.00 -662.00
v 1328.00 88.00 -658.00
v 1332.00 88.00 -658.00
v 1328.00 88.00 -662.00
v 1332.00 88.00 -662.00
v 1328.00 0.00 -698.00
v 1332.00 0.00 -698.00
v 1328.00 0.00 -702.00
v 1332.00 0.00 -702.00
v 1328.00 88.00 -698.00
v 1332.00 88.00 -698.00
v 1328.00 88.00 -702.00
v 1332.00 88.00 -702.00
v 1328.00 0.00 -738.00
v 1332.00 0.00 -738.00
v 1328.00 0.00 -742.00
v 1332.00 0.00 -742.00
v 1328.00 88.00 -738.00
v 1332.00 88.00 -738.00
v 1328.00 88.00 -742.00
v 1332.00 88.00 -742.00
v 1328.00 0.00 -778.00
v 1332.00 0.00 -778.00
v 1328.00 0.00 -782.00
v 1332.00 0.00 -782.00
v 1328.00 88.00 -778.00
v 1332.00 88.00 -778.00
v 1328.00 88.00 -782.00
v 1332.00 88.00 -782.00
v 1368.00 0.00 -378.00
v 1372.00 0.00 -378.00
v 1368.00 0.00 -382.00
v 1372.00 0.00 -382.00
v 1368.00 88.00 -378.00
v 1372.00 88.00 -378.00
v 1368.00 88.00 -382.00
v 1372.00 88.00 -382.00
v 1368.00 0.00 -418.00
v 1372.00 0.00 -418.00
v 1368.00 0.00 -422.00
v 1372.00 0.00 -422.00
v 1368.00 88.00 -418.00
v 1372.00 88.00 -418.00
v 1368.00 88.00 -422.00
v 1372.00 88.00 -422.00
v 1368.00 0.00 -458.00
v 1372.00 0.00 -458.00
v 1368.00 0.00 -462.00
v 1372.00 0.00 -462.00
v 1368.00 88.00 -458.00
v 1372.00 88.00 -458.00
v 1368.00 88.00 -462.00
v 1372.00 88.00 -462.00
v 1368.00 0.00 -498.00
v 1372.00 0.00 -498.00
v 1368.00 0.00 -502.00
v 1372.00 0.00 -502.00
v 1368.00 88.00 -498.00
v 1372.00 88.00 -498.00
v 1368.00 88.00 -502.00
v 1372.00 88.00 -502.00
v 1368.00 0.00 -538.00
v 1372.00 0.00 -538.00
v 1368.00 0.00 -542.00
v 1372.00 0.00 -542.00
v 1368.00 88.00 -538.00
v 1372.00 88.00 -538.00
v 1368.00 88.00 -542.00
v 1372.00 88.00 -542.00
v 1368.00 0.00 -578.00
v 1372.00 0.00 -578.00
v 1368.00 0.00 -582.00
v 1372.00 0.00 -582.00
v 1368.00 88.00 -578.00
v 1372.00 88.00 -578.00
v 1368.00 88.00 -582.00
v 1372.00 88.00 -582.00
v 1368.00 0.00 -618.00
v 1372.00 0.00 -618.00
v 1368.00 0.00 -622.00
v 1372.00 0.00 -622.00
v 1368.00 88.00 -618.00
v 1372.00 88.00 -618.00
v 1368.00 88.00 -622.00
v 1372.00 88.00 -622.00
v 1368.00 0.00 -658.00
v 1372.00 0.00 -658.00
v 1368.00 0.00 -662.00
v 1372.00 0.00 -662.00
v 1368.00 88.00 -658.00
v 1372.00 88.00 -658.00
v 1368.00 88.00 -662.00
v 1372.00 88.00 -662.00
v 1368.00 0.00 -698.00
v 1372.00 0.00 -698.00
v 1368.00 0.00 -702.00
v 1372.00 0.00 -702.00
v 1368.00 88.00 -698.00
v 1372.00 88.00 -698.00
v 1368.00 88.00 -702.00
v 1372.00 88.00 -702.00
v 1368.00 0.00 -738.00
v 1372.00 0.00 -738.00
v 1368.00 0.00 -742.00
v 1372.00 0.00 -742.00
v 1368.00 88.00 -738.00
v 1372.00 88.00 -738.00
v 1368.00 88.00 -742.00
v 1372.00 88.00 -742.00
v 1368.00 0.00 -778.00
v 1372.00 0.00 -778.00
v 1368.00 0.00 -782.00
v 1372.00 0.00 -782.00
v 1368.00 88.00 -778.00
v 1372.00 88.00 -778.00
v 1368.00 88.00 -782.00
v 1372.00 88.00 -782.00
v 1408.00 0.00 -378.00
v 1412.00 0.00 -378.00
v 1408.00 0.00 -382.00
v 1412.00 0.00 -382.00
v 1408.00 88.00 -378.00
v 1412.00 88.00 -378.00
v 1408.00 88.00 -382.00
v 1412.00 88.00 -382.00
v 1408.00 0.00 -418.00
v 1412.00 0.00 -418.00
v 1408.00 0.00 -422.00
v 1412.00 0.00 -422.00
v 1408.00 88.00 -418.00
v 1412.00 88.00 -418.00
v 1408.00 88.00 -422.00
v 1412.00 88.00 -422.00
v 1408.00 0.00 -458.00
v 1412.00 0.00 -458.00
v 1408.00 0.00 -462.00
v 1412.00 0.00 -462.00
v 1408.00 88.00 -458.00
v 1412.00 88.00 -458.00
v 1408.00 88.00 -462.00
v 1412.00 88.00 -462.00
v 1408.00 0.00 -498.00
v 1412.00 0.00 -498.00
v 1408.00 0.00 -502.00
v 1412.00 0.00 -502.00
v 1408.00 88.00 -498.00
v 1412.00 88.00 -498.00
v 1408.00 88.00 -502.00
v 1412.00 88.00 -502.00
v 1408.00 0.00 -538.00
v 1412.00 0.00 -538.00
v 1408.00 0.00 -542.00
v 1412.00 0.00 -542.00
v 1408.00 88.00 -538.00
v 1412.00 88.00 -538.00
v 1408.00 88.00 -542.00
v 1412.00 88.00 -542.00
v 1408.00 0.00 -578.00
v 1412.00 0.00 -578.00
v 1408.00 0.00 -582.00
v 1412.00 0.00 -582.00
v 1408.00 88.00 -578.00
v 1412.00 88.00 -578.00
v 1408.00 88.00 -582.00
v 1412.00 88.00 -582.00
v 1408.00 0.00 -618.00
v 1412.00 0.00 -618.00
v 1408.00 0.00 -622.00
v 1412.00 0.00 -622.00
v 1408.00 88.00 -618.00
v 1412.00 88.00 -618.00
v 1408.00 88.00 -622.00
v 1412.00 88.00 -622.00
v 1408.00 0.00 -658.00
v 1412.00 0.00 -658.00
v 1408.00 0.00 -662.00
v 1412.00 0.00 -662.00
v 1408.00 88.00 -658.00
v 1412.00 88.00 -658.00
v 1408.00 88.00 -662.00
v 1412.00 88.00 -662.00
v 1408.00 0.00 -698.00
v 1412.00 0.00 -698.00
v 1408.00 0.00 -702.00
v 1412.00 0.00 -702.00
v 1408.00 88.00 -698.00
v 1412.00 88.00 -698.00
v 1408.00 88.00 -702.00
v 1412.00 88.00 -702.00
v 1408.00 0.00 -738.00
v 1412.00 0.00 -738.00
v 1408.00 0.00 -742.00
v 1412.00 0.00 -742.00
v 1408.00 88.00 -738.00
v 1412.00 88.00 -738.00
v 1408.00 88.00 -742.00
v 1412.00 88.00 -742.00
v 1408.00 0.00 -778.00
v 1412.00 0.00 -778.00
v 1408.00 0.00 -782.00
v 1412.00 0.00 -782.00
v 1408.00 88.00 -778.00
v 1412.00 88.00 -778.00
v 1408.00 88.00 -782.00
v 1412.00 88.00 -782.00
v 1448.00 0.00 -378.00
v 1452.00 0.00 -378.00
v 1448.00 0.00 -382.00
v 1452.00 0.00 -382.00
v 1448.00 88.00 -378.00
v 1452.00 88.00 -378.00
v 1448.00 88.00 -382.00
v 1452.00 88.00 -382.00
v 1448.00 0.00 -418.00
v 1452.00 0.00 -418.00
v 1448.00 0.00 -422.00
v 1452.00 0.00 -422.00
v 1448.00 88.00 -418.00
v 1452.00 88.00 -418.00
v 1448.00 88.00 -422.00
v 1452.00 88.00 -422.00
v 1448.00 0.00 -458.00
v 1452.00 0.00 -458.00
v 1448.00 0.00 -462.00
v 1452.00 0.00 -462.00
v 1448.00 88.00 -458.00
v 1452.00 88.00 -458.00
v 1448.00 88.00 -462.00
v 1452.00 88.00 -462.00
v 1448.00 0.00 -498.00
v 1452.00 0.00 -498.00
v 1448.00 0.00 -502.00
v 1452.00 0.00 -502.00
v 1448.00 88.00 -498.00
v 1452.00 88.00 -498.00
v 1448.00 88.00 -502.00
v 1452.00 88.00 -502.00
v 1448.00 0.00 -538.00
v 1452.00 0.00 -538.00
v 1448.00 0.00 -542.00
v 1452.00 0.00 -542.00
v 1448.00 88.00 -538.00
v 1452.00 88.00 -538.00
v 1448.00 88.00 -542.00
v 1452.00 88.00 -542.00
v 1448.00 0.00 -578.00
v 1452.00 0.00 -578.00
v 1448.00 0.00 -582.00
v 1452.00 0.00 -582.00
v 1448.00 88.00 -578.00
v 1452.00 88.00 -578.00
v 1448.00 88.00 -582.00
v 1452.00 88.00 -582.00
v 1448.00 0.00 -618.00
v 1452.00 0.00 -618.00
v 1448.00 0.00 -622.00
v 1452.00 0.00 -622.00
v 1448.00 88.00 -618.00
v 1452.00 88.00 -618.00
v 1448.00 88.00 -622.00
v 1452.00 88.00 -622.00
v 1448.00 0.00 -658.00
v 1452.00 0.00 -658.00
v 1448.00 0.00 -662.00
v 1452.00 0.00 -662.00
v 1448.00 88.00 -658.00
v 1452.00 88.00 -658.00
v 1448.00 88.00 -662.00
v 1452.00 88.00 -662.00
v 1448.00 0.00 -698.00
v 1452.00 0.00 -698.00
v 1448.00 0.00 -702.00
v 1452.00 0.00 -702.00
v 1448.00 88.00 -698.00
v 1452.00 88.00 -698.00
v 1448.00 88.00 -702.00
v 1452.00 88.00 -702.00
v 1448.00 0.00 -738.00
v 1452.00 0.00 -738.00
v 1448.00 0.00 -742.00
v 1452.00 0.00 -742.00
v 1448.00 88.00 -738.00
v 1452.00 88.00 -738.00
v 1448.00 88.00 -742.00
v 1452.00 88.00 -742.00
v 1448.00 0.00 -778.00
v 1452.00 0.00 -778.00
v 1448.00 0.00 -782.00
v 1452.00 0.00 -782.00
v 1448.00 88.00 -778.00
v 1452.00 88.00 -778.00
v 1448.00 88.00 -782.00
v 1452.00 88.00 -782.00
v 1150.00 92.00 -416.00
v 1146.88 92.00 -415.69
v 1143.88 92.00 -414.78
v 1141.11 92.00 -413.30
v 1138.69 92.00 -411.31
v 1136.70 92.00 -408.89
v 1135.22 92.00 -406.12
v 1134.31 92.00 -403.12
v 1134.00 92.00 -400.00
v 1134.31 92.00 -396.88
v 1135.22 92.00 -393.88
v 1136.70 92.00 -391.11
v 1138.69 92.00 -388.69
v 1141.11 92.00 -386.70
v 1143.88 92.00 -385.22
v 1146.88 92.00 -384.31
v 1150.00 92.00 -384.00
v 1153.12 92.00 -384.31
v 1156.12 92.00 -385.22
v 1158.89 92.00 -386.70
v 1161.31 92.00 -388.69
v 1163.30 92.00 -391.11
v 1164.78 92.00 -393.88
v 1165.69 92.00 -396.88
v 1166.00 92.00 -400.00
v 1165.69 92.00 -403.12
v 1164.78 92.00 -406.12
v 1163.30 92.00 -408.89
v 1161.31 92.00 -411.31
v 1158.89 92.00 -413.30
v 1156.12 92.00 -414.78
v 1153.12 92.00 -415.69
v 1150.00 94.00 -416.00
v 1146.88 94.00 -415.69
v 1143.88 94.00 -414.78
v 1141.11 94.00 -413.30
v 1138.69 94.00 -411.31
v 1136.70 94.00 -408.89
v 1135.22 94.00 -406.12
v 1134.31 94.00 -403.12
v 1134.00 94.00 -400.00
v 1134.31 94.00 -396.88
v 1135.22 94.00 -393.88
v 1136.70 94.00 -391.11
v 1138.69 94.00 -388.69
v 1141.11 94.00 -386.70
v 1143.88 94.00 -385.22
v 1146.88 94.00 -384.31
v 1150.00 94.00 -384.00
v 1153.12 94.00 -384.31
v 1156.12 94.00 -385.22
v 1158.89 94.00 -386.70
v 1161.31 94.00 -388.69
v 1163.30 94.00 -391.11
v 1164.78 94.00 -393.88
v 1165.69 94.00 -396.88
v 1166.00 94.00 -400.00
v 1165.69 94.00 -403.12
v 1164.78 94.00 -406.12
v 1163.30 94.00 -408.89
v 1161.31 94.00 -411.31
v 1158.89 94.00 -413.30
v 1156.12 94.00 -414.78
v 1153.12 94.00 -415.69
v 1150.00 92.00 -456.00
v 1146.88 92.00 -455.69
v 1143.88 92.00 -454.78
v 1141.11 92.00 -453.30
v 1138.69 92.00 -451.31
v 1136.70 92.00 -448.89
v 1135.22 92.00 -446.12
v 1134.31 92.00 -443.12
v 1134.00 92.00 -440.00
v 1134.31 92.00 -436.88
v 1135.22 92.00 -433.88
v 1136.70 92.00 -431.11
v 1138.69 92.00 -428.69
v 1141.11 92.00 -426.70
v 1143.88 92.00 -425.22
v 1146.88 92.00 -424.31
v 1150.00 92.00 -424.00
v 1153.12 92.00 -424.31
v 1156.12 92.00 -425.22
v 1158.89 92.00 -426.70
v 1161.31 92.00 -428.69
v 1163.30 92.00 -431.11
v 1164.78 92.00 -433.88
v 1165.69 92.00 -436.88
v 1166.00 92.00 -440.00
v 1165.69 92.00 -443.12
v 1164.78 92.00 -446.12
v 1163.30 92.00 -448.89
v 1161.31 92.00 -451.31
v 1158.89 92.00 -453.30
v 1156.12 92.00 -454.78
v 1153.12 92.00 -455.69
v 1150.00 94.00 -456.00
v 1146.88 94.00 -455.69
v 1143.88 94.00 -454.78
v 1141.11 94.00 -453.30
v 1138.69 94.00 -451.31
v 1136.70 94.00 -448.89
v 1135.22 94.00 -446.12
v 1134.31 94.00 -443.12
v 1134.00 94.00 -440.00
v 1134.31 94.00 -436.88
v 1135.22 94.00 -433.88
v 1136.70 94.00 -431.11
v 1138.69 94.00 -428.69
v 1141.11 94.00 -426.70
v 1143.88 94.00 -425.22
v 1146.88 94.00 -424.31
v 1150.00 94.00 -424.00
v 1153.12 94.00 -424.31
v 1156.12 94.00 -425.22
v 1158.89 94.00 -426.70
v 1161.31 94.00 -428.69
v 1163.30 94.00 -431.11
v 1164.78 94.00 -433.88
v 1165.69 94.00 -436.88
v 1166.00 94.00 -440.00
v 1165.69 94.00 -443.12
v 1164.78 94.00 -446.12
v 1163.30 94.00 -448.89
v 1161.31 94.00 -451.31
v 1158.89 94.00 -453.30
v 1156.12 94.00 -454.78
v 1153.12 94.00 -455.69
v 1150.00 92.00 -496.00
v 1146.88 92.00 -495.69
v 1143.88 92.00 -494.78
v 1141.11 92.00 -493.30
v 1138.69 92.00 -491.31
v 1136.70 92.00 -488.89
v 1135.22 92.00 -486.12
v 1134.31 92.00 -483.12
v 1134.00 92.00 -480.00
v 1134.31 92.00 -476.88
v 1135.22 92.00 -473.88
v 1136.70 92.00 -471.11
v 1138.69 92.00 -468.69
v 1141.11 92.00 -466.70
v 1143.88 92.00 -465.22
v 1146.88 92.00 -464.31
v 1150.00 92.00 -464.00
v 1153.12 92.00 -464.31
v 1156.12 92.00 -465.22
v 1158.89 92.00 -466.70
v 1161.31 92.00 -468.69
v 1163.30 92.00 -471.11
v 1164.78 92.00 -473.88
v 1165.69 92.00 -476.88
v 1166.00 92.00 -480.00
v 1165.69 92.00 -483.12
v 1164.78 92.00 -486.12
v 1163.30 92.00 -488.89
v 1161.31 92.00 -491.31
v 1158.89 92.00 -493.30
v 1156.12 92.00 -494.78
v 1153.12 92.00 -495.69
v 1150.00 94.00 -496.00
v 1146.88 94.00 -495.69
v 1143.88 94.00 -494.78
v 1141.11 94.00 -493.30
v 1138.69 94.00 -491.31
v 1136.70 94.00 -488.89
v 1135.22 94.00 -486.12
v 1134.31 94.00 -483.12
v 1134.00 94.00 -480.00
v 1134.31 94.00 -476.88
v 1135.22 94.00 -473.88
v 1136.70 94.00 -471.11
v 1138.69 94.00 -468.69
v 1141.11 94.00 -466.70
v 1143.88 94.00 -465.22
v 1146.88 94.00 -464.31
v 1150.00 94.00 -464.00
v 1153.12 94.00 -464.31
v 1156.12 94.00 -465.22
v 1158.89 94.00 -466.70
v 1161.31 94.00 -468.69
v 1163.30 94.00 -471.11
v 1164.78 94.00 -473.88
v 1165.69 94.00 -476.88
v 1166.00 94.00 -480.00
v 1165.69 94.00 -483.12
v 1164.78 94.00 -486.12
v 1163.30 94.00 -488.89
v 1161.31 94.00 -491.31
v 1158.89 94.00 -493.30
v 1156.12 94.00 -494.78
v 1153.12 94.00 -495.69
v 1150.00 92.00 -536.00
v 1146.88 92.00 -535.69
v 1143.88 92.00 -534.78
v 1141.11 92.00 -533.30
v 1138.69 92.00 -531.31
v 1136.70 92.00 -528.89
v 1135.22 92.00 -526.12
v 1134.31 92.00 -523.12
v 1134.00 92.00 -520.00
v 1134.31 92.00 -516.88
v 1135.22 92.00 -513.88
v 1136.70 92.00 -511.11
v 1138.69 92.00 -508.69
v 1141.11 92.00 -506.70
v 1143.88 92.00 -505.22
v 1146.88 92.00 -504.31
v 1150.00 92.00 -504.00
v 1153.12 92.00 -504.31
v 1156.12 92.00 -505.22
v 1158.89 92.00 -506.70
v 1161.31 92.00 -508.69
v 1163.30 92.00 -511.11
v 1164.78 92.00 -513.88
v 1165.69 92.00 -516.88
v 1166.00 92.00 -520.00
v 1165.69 92.00 -523.12
v 1164.78 92.00 -526.12
v 1163.30 92.00 -528.89
v 1161.31 92.00 -531.31
v 1158.89 92.00 -533.30
v 1156.12 92.00 -534.78
v 1153.12 92.00 -535.69
v 1150.00 94.00 -536.00
v 1146.88 94.00 -535.69
v 1143.88 94.00 -534.78
v 1141.11 94.00 -533.30
v 1138.69 94.00 -531.31
v 1136.70 94.00 -528.89
v 1135.22 94.00 -526.12
v 1134.31 94.00 -523.12
v 1134.00 94.00 -520.00
v 1134.31 94.00 -516.88
v 1135.22 94.00 -513.88
v 1136.70 94.00 -511.11
v 1138.69 94.00 -508.69
v 1141.11 94.00 -506.70
v 1143.88 94.00 -505.22
v 1146.88 94.00 -504.31
v 1150.00 94.00 -504.00
v 1153.12 94.00 -504.31
v 1156.12 94.00 -505.22
v 1158.89 94.00 -506.70
v 1161.31 94.00 -508.69
v 1163.30 94.00 -511.11
v 1164.78 94.00 -513.88
v 1165.69 94.00 -516.88
v 1166.00 94.00 -520.00
v 1165.69 94.00 -523.12
v 1164.78 94.00 -526.12
v 1163.30 94.00 -528.89
v 1161.31 94.00 -531.31
v 1158.89 94.00 -533.30
v 1156.12 94.00 -534.78
v 1153.12 94.00 -535.69
v 1150.00 92.00 -576.00
v 1146.88 92.00 -575.69
v 1143.88 92.00 -574.78
v 1141.11 92.00 -573.30
v 1138.69 92.00 -571.31
v 1136.70 92.00 -568.89
v 1135.22 92.00 -566.12
v 1134.31 92.00 -563.12
v 1134.00 92.00 -560.00
v 1134.31 92.00 -556.88
v 1135.22 92.00 -553.88
v 1136.70 92.00 -551.11
v 1138.69 92.00 -548.69
v 1141.11 92.00 -546.70
v 1143.88 92.00 -545.22
v 1146.88 92.00 -544.31
v 1150.00 92.00 -544.00
v 1153.12 92.00 -544.31
v 1156.12 92.00 -545.22
v 1158.89 92.00 -546.70
v 1161.31 92.00 -548.69
v 1163.30 92.00 -551.11
v 1164.78 92.00 -553.88
v 1165.69 92.00 -556.88
v 1166.00 92.00 -560.00
v 1165.69 92.00 -563.12
v 1164.78 92.00 -566.12
v 1163.30 92.00 -568.89
v 1161.31 92.00 -571.31
v 1158.89 92.00 -573.30
v 1156.12 92.00 -574.78
v 1153.12 92.00 -575.69
v 1150.00 94.00 -576.00
v 1146.88 94.00 -575.69
v 1143.88 94.00 -574.78
v 1141.11 94.00 -573.30
v 1138.69 94.00 -571.31
v 1136.70 94.00 -568.89
v 1135.22 94.00 -566.12
v 1134.31 94.00 -563.12
v 1134.00 94.00 -560.00
v 1134.31 94.00 -556.88
v 1135.22 94.00 -553.88
v 1136.70 94.00 -551.11
v 1138.69 94.00 -548.69
v 1141.11 94.00 -546.70
v 1143.88 94.00 -545.22
v 1146.88 94.00 -544.31
v 1150.00 94.00 -544.00
v 1153.12 94.00 -544.31
v 1156.12 94.00 -545.22
v 1158.89 94.00 -546.70
v 1161.31 94.00 -548.69
v 1163.30 94.00 -551.11
v 1164.78 94.00 -553.88
v 1165.69 94.00 -556.88
v 1166.00 94.00 -560.00
v 1165.69 94.00 -563.12
v 1164.78 94.00 -566.12
v 1163.30 94.00 -568.89
v 1161.31 94.00 -571.31
v 1158.89 94.00 -573.30
v 1156.12 94.00 -574.78
v 1153.12 94.00 -575.69
v 1150.00 92.00 -616.00
v 1146.88 92.00 -615.69
v 1143.88 92.00 -614.78
v 1141.11 92.00 -613.30
v 1138.69 92.00 -611.31
v 1136.70 92.00 -608.89
v 1135.22 92.00 -606.12
v 1134.31 92.00 -603.12
v 1134.00 92.00 -600.00
v 1134.31 92.00 -596.88
v 1135.22 92.00 -593.88
v 1136.70 92.00 -591.11
v 1138.69 92.00 -588.69
v 1141.11 92.00 -586.70
v 1143.88 92.00 -585.22
v 1146.88 92.00 -584.31
v 1150.00 92.00 -584.00
v 1153.12 92.00 -584.31
v 1156.12 92.00 -585.22
v 1158.89 92.00 -586.70
v 1161.31 92.00 -588.69
v 1163.30 92.00 -591.11
v 1164.78 92.00 -593.88
v 1165.69 92.00 -596.88
v 1166.00 92.00 -600.00
v 1165.69 92.00 -603.12
v 1164.78 92.00 -606.12
v 1163.30 92.00 -608.89
v 1161.31 92.00 -611.31
v 1158.89 92.00 -613.30
v 1156.12 92.00 -614.78
v 1153.12 92.00 -615.69
v 1150.00 94.00 -616.00
v 1146.88 94.00 -615.69
v 1143.88 94.00 -614.78
v 1141.11 94.00 -613.30
v 1138.69 94.00 -611.31
v 1136.70 94.00 -608.89
v 1135.22 94.00 -606.12
v 1134.31 94.00 -603.12
v 1134.00 94.00 -600.00
v 1134.31 94.00 -596.88
v 1135.22 94.00 -593.88
v 1136.70 94.00 -591.11
v 1138.69 94.00 -588.69
v 1141.11 94.00 -586.70
v 1143.88 94.00 -585.22
v 1146.88 94.00 -584.31
v 1150.00 94.00 -584.00
v 1153.12 94.00 -584.31
v 1156.12 94.00 -585.22
v 1158.89 94.00 -586.70
v 1161.31 94.00 -588.69
v 1163.30 94.00 -591.11
v 1164.78 94.00 -593.88
v 1165.69 94.00 -596.88
v 1166.00 94.00 -600.00
v 1165.69 94.00 -603.12
v 1164.78 94.00 -606.12
v 1163.30 94.00 -608.89
v 1161.31 94.00 -611.31
v 1158.89 94.00 -613.30
v 1156.12 94.00 -614.78
v 1153.12 94.00 -615.69
v 1150.00 92.00 -656.00
v 1146.88 92.00 -655.69
v 1143.88 92.00 -654.78
v 1141.11 92.00 -653.30
v 1138.69 92.00 -651.31
v 1136.70 92.00 -648.89
v 1135.22 92.00 -646.12
v 1134.31 92.00 -643.12
v 1134.00 92.00 -640.00
v 1134.31 92.00 -636.88
v 1135.22 92.00 -633.88
v 1136.70 92.00 -631.11
v 1138.69 92.00 -628.69
v 1141.11 92.00 -626.70
v 1143.88 92.00 -625.22
v 1146.88 92.00 -624.31
v 1150.00 92.00 -624.00
v 1153.12 92.00 -624.31
v 1156.12 92.00 -625.22
v 1158.89 92.00 -626.70
v 1161.31 92.00 -628.69
v 1163.30 92.00 -631.11
v 1164.78 92.00 -633.88
v 1165.69 92.00 -636.88
v 1166.00 92.00 -640.00
v 1165.69 92.00 -643.12
v 1164.78 92.00 -646.12
v 1163.30 92.00 -648.89
v 1161.31 92.00 -651.31
v 1158.89 92.00 -653.30
v 1156.12 92.00 -654.78
v 1153.12 92.00 -655.69
v 1150.00 94.00 -656.00
v 1146.88 94.00 -655.69
v 1143.88 94.00 -654.78
v 1141.11 94.00 -653.30
v 1138.69 94.00 -651.31
v 1136.70 94.00 -648.89
v 1135.22 94.00 -646.12
v 1134.31 94.00 -643.12
v 1134.00 94.00 -640.00
v 1134.31 94.00 -636.88
v 1135.22 94.00 -633.88
v 1136.70 94.00 -631.11
v 1138.69 94.00 -628.69
v 1141.11 94.00 -626.70
v 1143.88 94.00 -625.22
v 1146.88 94.00 -624.31
v 1150.00 94.00 -624.00
v 1153.12 94.00 -624.31
v 1156.12 94.00 -625.22
v 1158.89 94.00 -626.70
v 1161.31 94.00 -628.69
v 1163.30 94.00 -631.11
v 1164.78 94.00 -633.88
v 1165.69 94.00 -636.88
v 1166.00 94.00 -640.00
v 1165.69 94.00 -643.12
v 1164.78 94.00 -646.12
v 1163.30 94.00 -648.89
v 1161.31 94.00 -651.31
v 1158.89 94.00 -653.30
v 1156.12 94.00 -654.78
v 1153.12 94.00 -655.69
v 1150.00 92.00 -696.00
v 1146.88 92.00 -695.69
v 1143.88 92.00 -694.78
v 1141.11 92.00 -693.30
v 1138.69 92.00 -691.31
v 1136.70 92.00 -688.89
v 1135.22 92.00 -686.12
v 1134.31 92.00 -683.12
v 1134.00 92.00 -680.00
v 1134.31 92.00 -676.88
v 1135.22 92.00 -673.88
v 1136.70 92.00 -671.11
v 1138.69 92.00 -668.69
v 1141.11 92.00 -666.70
v 1143.88 92.00 -665.22
v 1146.88 92.00 -664.31
v 1150.00 92.00 -664.00
v 1153.12 92.00 -664.31
v 1156.12 92.00 -665.22
v 1158.89 92.00 -666.70
v 1161.31 92.00 -668.69
v 1163.30 92.00 -671.11
v 1164.78 92.00 -673.88
v 1165.69 92.00 -676.88
v 1166.00 92.00 -680.00
v 1165.69 92.00 -683.12
v 1164.78 92.00 -686.12
v 1163.30 92.00 -688.89
v 1161.31 92.00 -691.31
v 1158.89 92.00 -693.30
v 1156.12 92.00 -694.78
v 1153.12 92.00 -695.69
v 1150.00 94.00 -696.00
v 1146.88 94.00 -695.69
v 1143.88 94.00 -694.78
v 1141.11 94.00 -693.30
v 1138.69 94.00 -691.31
v 1136.70 94.00 -688.89
v 1135.22 94.00 -686.12
v 1134.31 94.00 -683.12
v 1134.00 94.00 -680.00
v 1134.31 94.00 -676.88
v 1135.22 94.00 -673.88
v 1136.70 94.00 -671.11
v 1138.69 94.00 -668.69
v 1141.11 94.00 -666.70
v 1143.88 94.00 -665.22
v 1146.88 94.00 -664.31
v 1150.00 94.00 -664.00
v 1153.12 94.00 -664.31
v 1156.12 94.00 -665.22
v 1158.89 94.00 -666.70
v 1161.31 94.00 -668.69
v 1163.30 94.00 -671.11
v 1164.78 94.00 -673.88
v 1165.69 94.00 -676.88
v 1166.00 94.00 -680.00
v 1165.69 94.00 -683.12
v 1164.78 94.00 -686.12
v 1163.30 94.00 -688.89
v 1161.31 94.00 -691.31
v 1158.89 94.00 -693.30
v 1156.12 94.00 -694.78
v 1153.12 94.00 -695.69
v 1150.00 92.00 -736.00
v 1146.88 92.00 -735.69
v 1143.88 92.00 -734.78
v 1141.11 92.00 -733.30
v 1138.69 92.00 -731.31
v 1136.70 92.00 -728.89
v 1135.22 92.00 -726.12
v 1134.31 92.00 -723.12
v 1134.00 92.00 -720.00
v 1134.31 92.00 -716.88
v 1135.22 92.00 -713.88
v 1136.70 92.00 -711.11
v 1138.69 92.00 -708.69
v 1141.11 92.00 -706.70
v 1143.88 92.00 -705.22
v 1146.88 92.00 -704.31
v 1150.00 92.00 -704.00
v 1153.12 92.00 -704.31
v 1156.12 92.00 -705.22
v 1158.89 92.00 -706.70
v 1161.31 92.00 -708.69
v 1163.30 92.00 -711.11
v 1164.78 92.00 -713.88
v 1165.69 92.00 -716.88
v 1166.00 92.00 -720.00
v 1165.69 92.00 -723.12
v 1164.78 92.00 -726.12
v 1163.30 92.00 -728.89
v 1161.31 92.00 -731.31
v 1158.89 92.00 -733.30
v 1156.12 92.00 -734.78
v 1153.12 92.00 -735.69
v 1150.00 94.00 -736.00
v 1146.88 94.00 -735.69
v 1143.88 94.00 -734.78
v 1141.11 94.00 -733.30
v 1138.69 94.00 -731.31
v 1136.70 94.00 -728.89
v 1135.22 94.00 -726.12
v 1134.31 94.00 -723.12
v 1134.00 94.00 -720.00
v 1134.31 94.00 -716.88
v 1135.22 94.00 -713.88
v 1136.70 94.00 -711.11
v 1138.69 94.00 -708.69
v 1141.11 94.00 -706.70
v 1143.88 94.00 -705.22
v 1146.88 94.00 -704.31
v 1150.00 94.00 -704.00
v 1153.12 94.00 -704.31
v 1156.12 94.00 -705.22
v 1158.89 94.00 -706.70
v 1161.31 94.00 -708.69
v 1163.30 94.00 -711.11
v 1164.78 94.00 -713.88
v 1165.69 94.00 -716.88
v 1166.00 94.00 -720.00
v 1165.69 94.00 -723.12
v 1164.78 94.00 -726.12
v 1163.30 94.00 -728.89
v 1161.31 94.00 -731.31
v 1158.89 94.00 -733.30
v 1156.12 94.00 -734.78
v 1153.12 94.00 -735.69
v 1150.00 92.00 -776.00
v 1146.88 92.00 -775.69
v 1143.88 92.00 -774.78
v 1141.11 92.00 -773.30
v 1138.69 92.00 -771.31
v 1136.70 92.00 -768.89
v 1135.22 92.00 -766.12
v 1134.31 92.00 -763.12
v 1134.00 92.00 -760.00
v 1134.31 92.00 -756.88
v 1135.22 92.00 -753.88
v 1136.70 92.00 -751.11
v 1138.69 92.00 -748.69
v 1141.11 92.00 -746.70
v 1143.88 92.00 -745.22
v 1146.88 92.00 -744.31
v 1150.00 92.00 -744.00
v 1153.12 92.00 -744.31
v 1156.12 92.00 -745.22
v 1158.89 92.00 -746.70
v 1161.31 92.00 -748.69
v 1163.30 92.00 -751.11
v 1164.78 92.00 -753.88
v 1165.69 92.00 -756.88
v 1166.00 92.00 -760.00
v 1165.69 92.00 -763.12
v 1164.78 92.00 -766.12
v 1163.30 92.00 -768.89
v 1161.31 92.00 -771.31
v 1158.89 92.00 -773.30
v 1156.12 92.00 -774.78
v 1153.12 92.00 -775.69
v 1150.00 94.00 -776.00
v 1146.88 94.00 -775.69
v 1143.88 94.00 -774.78
v 1141.11 94.00 -773.30
v 1138.69 94.00 -771.31
v 1136.70 94.00 -768.89
v 1135.22 94.00 -766.12
v 1134.31 94.00 -763.12
v 1134.00 94.00 -760.00
v 1134.31 94.00 -756.88
v 1135.22 94.00 -753.88
v 1136.70 94.00 -751.11
v 1138.69 94.00 -748.69
v 1141.11 94.00 -746.70
v 1143.88 94.00 -745.22
v 1146.88 94.00 -744.31
v 1150.00 94.00 -744.00
v 1153.12 94.00 -744.31
v 1156.12 94.00 -745.22
v 1158.89 94.00 -746.70
v 1161.31 94.00 -748.69
v 1163.30 94.00 -751.11
v 1164.78 94.00 -753.88
v 1165.69 94.00 -756.88
v 1166.00 94.00 -760.00
v 1165.69 94.00 -763.12
v 1164.78 94.00 -766.12
v 1163.30 94.00 -768.89
v 1161.31 94.00 -771.31
v 1158.89 94.00 -773.30
v 1156.12 94.00 -774.78
v 1153.12 94.00 -775.69
v 1190.00 92.00 -416.00
v 1186.88 92.00 -415.69
v 1183.88 92.00 -414.78
v 1181.11 92.00 -413.30
v 1178.69 92.00 -411.31
v 1176.70 92.00 -408.89
v 1175.22 92.00 -406.12
v 1174.31 92.00 -403.12
v 1174.00 92.00 -400.00
v 1174.31 92.00 -396.88
v 1175.22 92.00 -393.88
v 1176.70 92.00 -391.11
v 1178.69 92.00 -388.69
v 1181.11 92.00 -386.70
v 1183.88 92.00 -385.22
v 1186.88 92.00 -384.31
v 1190.00 92.00 -384.00
v 1193.12 92.00 -384.31
v 1196.12 92.00 -385.22
v 1198.89 92.00 -386.70
v 1201.31 92.00 -388.69
v 1203.30 92.00 -391.11
v 1204.78 92.00 -393.88
v 1205.69 92.00 -396.88
v 1206.00 92.00 -400.00
v 1205.69 92.00 -403.12
v 1204.78 92.00 -406.12
v 1203.30 92.00 -408.89
v 1201.31 92.00 -411.31
v 1198.89 92.00 -413.30
v 1196.12 92.00 -414.78
v 1193.12 92.00 -415.69
v 1190.00 94.00 -416.00
v 1186.88 94.00 -415.69
v 1183.88 94.00 -414.78
v 1181.11 94.00 -413.30
v 1178.69 94.00 -411.31
v 1176.70 94.00 -408.89
v 1175.22 94.00 -406.12
v 1174.31 94.00 -403.12
v 1174.00 94.00 -400.00
v 1174.31 94.00 -396.88
v 1175.22 94.00 -393.88
v 1176.70 94.00 -391.11
v 1178.69 94.00 -388.69
v 1181.11 94.00 -386.70
v 1183.88 94.00 -385.22
v 1186.88 94.00 -384.31
v 1190.00 94.00 -384.00
v 1193.12 94.00 -384.31
v 1196.12 94.00 -385.22
v 1198.89 94.00 -386.70
v 1201.31 94.00 -388.69
v 1203.30 94.00 -391.11
v 1204.78 94.00 -393.88
v 1205.69 94.00 -396.88
v 1206.00 94.00 -400.00
v 1205.69 94.00 -403.12
v 1204.78 94.00 -406.12
v 1203.30 94.00 -408.89
v 1201.31 94.00 -411.31
v 1198.89 94.00 -413.30
v 1196.12 94.00 -414.78
v 1193.12 94.00 -415.69
v 1190.00 92.00 -456.00
v 1186.88 92.00 -455.69
v 1183.88 92.00 -454.78
v 1181.11 92.00 -453.30
v 1178.69 92.00 -451.31
v 1176.70 92.00 -448.89
v 1175.22 92.00 -446.12
v 1174.31 92.00 -443.12
v 1174.00 92.00 -440.00
v 1174.31 92.00 -436.88
v 1175.22 92.00 -433.88
v 1176.70 92.00 -431.11
v 1178.69 92.00 -428.69
v 1181.11 92.00 -426.70
v 1183.88 92.00 -425.22
v 1186.88 92.00 -424.31
v 1190.00 92.00 -424.00
v 1193.12 92.00 -424.31
v 1196.12 92.00 -425.22
v 1198.89 92.00 -426.70
v 1201.31 92.00 -428.69
v 1203.30 92.00 -431.11
v 1204.78 92.00 -433.88
v 1205.69 92.00 -436.88
v 1206.00 92.00 -440.00
v 1205.69 92.00 -443.12
v 1204.78 92.00 -446.12
v 1203.30 92.00 -448.89
v 1201.31 92.00 -451.31
v 1198.89 92.00 -453.30
v 1196.12 92.00 -454.78
v 1193.12 92.00 -455.69
v 1190.00 94.00 -456.00
v 1186.88 94.00 -455.69
v 1183.88 94.00 -454.78
v 1181.11 94.00 -453.30
v 1178.69 94.00 -451.31
v 1176.70 94.00 -448.89
v 1175.22 94.00 -446.12
v 1174.31 94.00 -443.12
v 1174.00 94.00 -440.00
v 1174.31 94.00 -436.88
v 1175.22 94.00 -433.88
v 1176.70 94.00 -431.11
v 1178.69 94.00 -428.69
v 1181.11 94.00 -426.70
v 1183.88 94.00 -425.22
v 1186.88 94.00 -424.31
v 1190.00 94.00 -424.00
v 1193.12 94.00 -424.31
v 1196.12 94.00 -425.22
v 1198.89 94.00 -426.70
v 1201.31 94.00 -428.69
v 1203.30 94.00 -431.11
v 1204.78 94.00 -433.88
v 1205.69 94.00 -436.88
v 1206.00 94.00 -440.00
v 1205.69 94.00 -443.12
v 1204.78 94.00 -446.12
v 1203.30 94.00 -448.89
v 1201.31 94.00 -451.31
v 1198.89 94.00 -453.30
v 1196.12 94.00 -454.78
v 1193.12 94.00 -455.69
v 1190.00 92.00 -496.00
v 1186.88 92.00 -495.69
v 1183.88 92.00 -494.78
v 1181.11 92.00 -493.30
v 1178.69 92.00 -491.31
v 1176.70 92.00 -488.89
v 1175.22 92.00 -486.12
v 1174.31 92.00 -483.12
v 1174.00 92.00 -480.00
v 1174.31 92.00 -476.88
v 1175.22 92.00 -473.88
v 1176.70 92.00 -471.11
v 1178.69 92.00 -468.69
v 1181.11 92.00 -466.70
v 1183.88 92.00 -465.22
v 1186.88 92.00 -464.31
v 1190.00 92.00 -464.00
v 1193.12 92.00 -464.31
v 1196.12 92.00 -465.22
v 1198.89 92.00 -466.70
v 1201.31 92.00 -468.69
v 1203.30 92.00 -471.11
v 1204.78 92.00 -473.88
v 1205.69 92.00 -476.88
v 1206.00 92.00 -480.00
v 1205.69 92.00 -483.12
v 1204.78 92.00 -486.12
v 1203.30 92.00 -488.89
v 1201.31 92.00 -491.31
v 1198.89 92.00 -493.30
v 1196.12 92.00 -494.78
v 1193.12 92.00 -495.69
v 1190.00 94.00 -496.00
v 1186.88 94.00 -495.69
v 1183.88 94.00 -494.78
v 1181.11 94.00 -493.30
v 1178.69 94.00 -491.31
v 1176.70 94.00 -488.89
v 1175.22 94.00 -486.12
v 1174.31 94.00 -483.12
v 1174.00 94.00 -480.00
v 1174.31 94.00 -476.88
v 1175.22 94.00 -473.88
v 1176.70 94.00 -471.11
v 1178.69 94.00 -468.69
v 1181.11 94.00 -466.70
v 1183.88 94.00 -465.22
v 1186.88 94.00 -464.31
v 1190.00 94.00 -464.00
v 1193.12 94.00 -464.31
v 1196.12 94.00 -465.22
v 1198.89 94.00 -466.70
v 1201.31 94.00 -468.69
v 1203.30 94.00 -471.11
v 1204.78 94.00 -473.88
v 1205.69 94.00 -476.88
v 1206.00 94.00 -480.00
v 1205.69 94.00 -483.12
v 1204.78 94.00 -486.12
v 1203.30 94.00 -488.89
v 1201.31 94.00 -491.31
v 1198.89 94.00 -493.30
v 1196.12 94.00 -494.78
v 1193.12 94.00 -495.69
v 1190.00 92.00 -536.00
v 1186.88 92.00 -535.69
v 1183.88 92.00 -534.78
v 1181.11 92.00 -533.30
v 1178.69 92.00 -531.31
v 1176.70 92.00 -528.89
v 1175.22 92.00 -526.12
v 1174.31 92.00 -523.12
v 1174.00 92.00 -520.00
v 1174.31 92.00 -516.88
v 1175.22 92.00 -513.88
v 1176.70 92.00 -511.11
v 1178.69 92.00 -508.69
v 1181.11 92.00 -506.70
v 1183.88 92.00 -505.22
v 1186.88 92.00 -504.31
v 1190.00 92.00 -504.00
v 1193.12 92.00 -504.31
v 1196.12 92.00 -505.22
v 1198.89 92.00 -506.70
v 1201.31 92.00 -508.69
v 1203.30 92.00 -511.11
v 1204.78 92.00 -513.88
v 1205.69 92.00 -516.88
v 1206.00 92.00 -520.00
v 1205.69 92.00 -523.12
v 1204.78 92.00 -526.12
v 1203.30 92.00 -528.89
v 1201.31 92.00 -531.31
v 1198.89 92.00 -533.30
v 1196.12 92.00 -534.78
v 1193.12 92.00 -535.69
v 1190.00 94.00 -536.00
v 1186.88 94.00 -535.69
v 1183.88 94.00 -534.78
v 1181.11 94.00 -533.30
v 1178.69 94.00 -531.31
v 1176.70 94.00 -528.89
v 1175.22 94.00 -526.12
v 1174.31 94.00 -523.12
v 1174.00 94.00 -520.00
v 1174.31 94.00 -516.88
v 1175.22 94.00 -513.88
v 1176.70 94.00 -511.11
v 1178.69 94.00 -508.69
v 1181.11 94.00 -506.70
v 1183.88 94.00 -505.22
v 1186.88 94.00 -504.31
v 1190.00 94.00 -504.00
v 1193.12 94.00 -504.31
v 1196.12 94.00 -505.22
v 1198.89 94.00 -506.70
v 1201.31 94.00 -508.69
v 1203.30 94.00 -511.11
v 1204.78 94.00 -513.88
v 1205.69 94.00 -516.88
v 1206.00 94.00 -520.00
v 1205.69 94.00 -523.12
v 1204.78 94.00 -526.12
v 1203.30 94.00 -528.89
v 1201.31 94.00 -531.31
v 1198.89 94.00 -533.30
v 1196.12 94.00 -534.78
v 1193.12 94.00 -535.69
v 1190.00 92.00 -576.00
v 1186.88 92.00 -575.69
v 1183.88 92.00 -574.78
v 1181.11 92.00 -573.30
v 1178.69 92.00 -571.31
v 1176.70 92.00 -568.89
v 1175.22 92.00 -566.12
v 1174.31 92.00 -563.12
v 1174.00 92.00 -560.00
v 1174.31 92.00 -556.88
v 1175.22 92.00 -553.88
v 1176.70 92.00 -551.11
v 1178.69 92.00 -548.69
v 1181.11 92.00 -546.70
v 1183.88 92.00 -545.22
v 1186.88 92.00 -544.31
v 1190.00 92.00 -544.00
v 1193.12 92.00 -544.31
v 1196.12 92.00 -545.22
v 1198.89 92.00 -546.70
v 1201.31 92.00 -548.69
v 1203.30 92.00 -551.11
v 1204.78 92.00 -553.88
v 1205.69 92.00 -556.88
v 1206.00 92.00 -560.00
v 1205.69 92.00 -563.12
v 1204.78 92.00 -566.12
v 1203.30 92.00 -568.89
v 1201.31 92.00 -571.31
v 1198.89 92.00 -573.30
v 1196.12 92.00 -574.78
v 1193.12 92.00 -575.69
v 1190.00 94.00 -576.00
v 1186.88 94.00 -575.69
v 1183.88 94.00 -574.78
v 1181.11 94.00 -573.30
v 1178.69 94.00 -571.31
v 1176.70 94.00 -568.89
v 1175.22 94.00 -566.12
v 1174.31 94.00 -563.12
v 1174.00 94.00 -560.00
v 1174.31 94.00 -556.88
v 1175.22 94.00 -553.88
v 1176.70 94.00 -551.11
v 1178.69 94.00 -548.69
v 1181.11 94.00 -546.70
v 1183.88 94.00 -545.22
v 1186.88 94.00 -544.31
v 1190.00 94.00 -544.00
v 1193.12 94.00 -544.31
v 1196.12 94.00 -545.22
v 1198.89 94.00 -546.70
v 1201.31 94.00 -548.69
v 1203.30 94.00 -551.11
v 1204.78 94.00 -553.88
v 1205.69 94.00 -556.88
v 1206.00 94.00 -560.00
v 1205.69 94.00 -563.12
v 1204.78 94.00 -566.12
v 1203.30 94.00 -568.89
v 1201.31 94.00 -571.31
v 1198.89 94.00 -573.30
v 1196.12 94.00 -574.78
v 1193.12 94.00 -575.69
v 1190.00 92.00 -616.00
v 1186.88 92.00 -615.69
v 1183.88 92.00 -614.78
v 1181.11 92.00 -613.30
v 1178.69 92.00 -611.31
v 1176.70 92.00 -608.89
v 1175.22 92.00 -606.12
v 1174.31 92.00 -603.12
v 1174.00 92.00 -600.00
v 1174.31 92.00 -596.88
v 1175.22 92.00 -593.88
v 1176.70 92.00 -591.11
v 1178.69 92.00 -588.69
v 1181.11 92.00 -586.70
v 1183.88 92.00 -585.22
v 1186.88 92.00 -584.31
v 1190.00 92.00 -584.00
v 1193.12 92.00 -584.31
v 1196.12 92.00 -585.22
v 1198.89 92.00 -586.70
v 1201.31 92.00 -588.69
v 1203.30 92.00 -591.11
v 1204.78 92.00 -593.88
v 1205.69 92.00 -596.88
v 1206.00 92.00 -600.00
v 1205.69 92.00 -603.12
v 1204.78 92.00 -606.12
v 1203.30 92.00 -608.89
v 1201.31 92.00 -611.31
v 1198.89 92.00 -613.30
v 1196.12 92.00 -614.78
v 1193.12 92.00 -615.69
v 1190.00 94.00 -616.00
v 1186.88 94.00 -615.69
v 1183.88 94.00 -614.78
v 1181.11 94.00 -613.30
v 1178.69 94.00 -611.31
v 1176.70 94.00 -608.89
v 1175.22 94.00 -606.12
v 1174.31 94.00 -603.12
v 1174.00 94.00 -600.00
v 1174.31 94.00 -596.88
v 1175.22 94.00 -593.88
v 1176.70 94.00 -591.11
v 1178.69 94.00 -588.69
v 1181.11 94.00 -586.70
v 1183.88 94.00 -585.22
v 1186.88 94.00 -584.31
v 1190.00 94.00 -584.00
v 1193.12 94.00 -584.31
v 1196.12 94.00 -585.22
v 1198.89 94.00 -586.70
v 1201.31 94.00 -588.69
v 1203.30 94.00 -591.11
v 1204.78 94.00 -593.88
v 1205.69 94.00 -596.88
v 1206.00 94.00 -600.00
v 1205.69 94.00 -603.12
v 1204.78 94.00 -606.12
v 1203.30 94.00 -608.89
v 1201.31 94.00 -611.31
v 1198.89 94.00 -613.30
v 1196.12 94.00 -614.78
v 1193.12 94.00 -615.69
v 1190.00 92.00 -656.00
v 1186.88 92.00 -655.69
v 1183.88 92.00 -654.78
v 1181.11 92.00 -653.30
v 1178.69 92.00 -651.31
v 1176.70 92.00 -648.89
v 1175.22 92.00 -646.12
v 1174.31 92.00 -643.12
v 1174.00 92.00 -640.00
v 1174.31 92.00 -636.88
v 1175.22 92.00 -633.88
v 1176.70 92.00 -631.11
v 1178.69 92.00 -628.69
v 1181.11 92.00 -626.70
v 1183.88 92.00 -625.22
v 1186.88 92.00 -624.31
v 1190.00 92.00 -624.00
v 1193.12 92.00 -624.31
v 1196.12 92.00 -625.22
v 1198.89 92.00 -626.70
v 1201.31 92.00 -628.69
v 1203.30 92.00 -631.11
v 1204.78 92.00 -633.88
v 1205.69 92.00 -636.88
v 1206.00 92.00 -640.00
v 1205.69 92.00 -643.12
v 1204.78 92.00 -646.12
v 1203.30 92.00 -648.89
v 1201.31 92.00 -651.31
v 1198.89 92.00 -653.30
v 1196.12 92.00 -654.78
v 1193.12 92.00 -655.69
v 1190.00 94.00 -656.00
v 1186.88 94.00 -655.69
v 1183.88 94.00 -654.78
v 1181.11 94.00 -653.30
v 1178.69 94.00 -651.31
v 1176.70 94.00 -648.89
v 1175.22 94.00 -646.12
v 1174.31 94.00 -643.12
v 1174.00 94.00 -640.00
v 1174.31 94.00 -636.88
v 1175.22 94.00 -633.88
v 1176.70 94.00 -631.11
v 1178.69 94.00 -628.69
v 1181.11 94.00 -626.70
v 1183.88 94.00 -625.22
v 1186.88 94.00 -624.31
v 1190.00 94.00 -624.00
v 1193.12 94.00 -624.31
v 1196.12 94.00 -625.22
v 1198.89 94.00 -626.70
v 1201.31 94.00 -628.69
v 1203.30 94.00 -631.11
v 1204.78 94.00 -633.88
v 1205.69 94.00 -636.88
v 1206.00 94.00 -640.00
v 1205.69 94.00 -643.12
v 1204.78 94.00 -646.12
v 1203.30 94.00 -648.89
v 1201.31 94.00 -651.31
v 1198.89 94.00 -653.30
v 1196.12 94.00 -654.78
v 1193.12 94.00 -655.69
v 1190.00 92.00 -696.00
v 1186.88 92.00 -695.69
v 1183.88 92.00 -694.78
v 1181.11 92.00 -693.30
v 1178.69 92.00 -691.31
v 1176.70 92.00 -688.89
v 1175.22 92.00 -686.12
v 1174.31 92.00 -683.12
v 1174.00 92.00 -680.00
v 1174.31 92.00 -676.88
v 1175.22 92.00 -673.88
v 1176.70 92.00 -671.11
v 1178.69 92.00 -668.69
v 1181.11 92.00 -666.70
v 1183.88 92.00 -665.22
v 1186.88 92.00 -664.31
v 1190.00 92.00 -664.00
v 1193.12 92.00 -664.31
v 1196.12 92.00 -665.22
v 1198.89 92.00 -666.70
v 1201.31 92.00 -668.69
v 1203.30 92.00 -671.11
v 1204.78 92.00 -673.88
v 1205.69 92.00 -676.88
v 1206.00 92.00 -680.00
v 1205.69 92.00 -683.12
v 1204.78 92.00 -686.12
v 1203.30 92.00 -688.89
v 1201.31 92.00 -691.31
v 1198.89 92.00 -693.30
v 1196.12 92.00 -694.78
v 1193.12 92.00 -695.69
v 1190.00 94.00 -696.00
v 1186.88 94.00 -695.69
v 1183.88 94.00 -694.78
v 1181.11 94.00 -693.30
v 1178.69 94.00 -691.31
v 1176.70 94.00 -688.89
v 1175.22 94.00 -686.12
v 1174.31 94.00 -683.12
v 1174.00 94.00 -680.00
v 1174.31 94.00 -676.88
v 1175.22 94.00 -673.88
v 1176.70 94.00 -671.11
v 1178.69 94.00 -668.69
v 1181.11 94.00 -666.70
v 1183.88 94.00 -665.22
v 1186.88 94.00 -664.31
v 1190.00 94.00 -664.00
v 1193.12 94.00 -664.31
v 1196.12 94.00 -665.22
v 1198.89 94.00 -666.70
v 1201.31 94.00 -668.69
v 1203.30 94.00 -671.11
v 1204.78 94.00 -673.88
v 1205.69 94.00 -676.88
v 1206.00 94.00 -680.00
v 1205.69 94.00 -683.12
v 1204.78 94.00 -686.12
v 1203.30 94.00 -688.89
v 1201.31 94.00 -691.31
v 1198.89 94.00 -693.30
v 1196.12 94.00 -694.78
v 1193.12 94.00 -695.69
v 1190.00 92.00 -736.00
v 1186.88 92.00 -735.69
v 1183.88 92.00 -734.78
v 1181.11 92.00 -733.30
v 1178.69 92.00 -731.31
v 1176.70 92.00 -728.89
v 1175.22 92.00 -726.12
v 1174.31 92.00 -723.12
v 1174.00 92.00 -720.00
v 1174.31 92.00 -716.88
v 1175.22 92.00 -713.88
v 1176.70 92.00 -711.11
v 1178.69 92.00 -708.69
v 1181.11 92.00 -706.70
v 1183.88 92.00 -705.22
v 1186.88 92.00 -704.31
v 1190.00 92.00 -704.00
v 1193.12 92.00 -704.31
v 1196.12 92.00 -705.22
v 1198.89 92.00 -706.70
v 1201.31 92.00 -708.69
v 1203.30 92.00 -711.11
v 1204.78 92.00 -713.88
v 1205.69 92.00 -716.88
v 1206.00 92.00 -720.00
v 1205.69 92.00 -723.12
v 1204.78 92.00 -726.12
v 1203.30 92.00 -728.89
v 1201.31 92.00 -731.31
v 1198.89 92.00 -733.30
v 1196.12 92.00 -734.78
v 1193.12 92.00 -735.69
v 1190.00 94.00 -736.00
v 1186.88 94.00 -735.69
v 1183.88 94.00 -734.78
v 1181.11 94.00 -733.30
v 1178.69 94.00 -731.31
v 1176.70 94.00 -728.89
v 1175.22 94.00 -726.12
v 1174.31 94.00 -723.12
v 1174.00 94.00 -720.00
v 1174.31 94.00 -716.88
v 1175.22 94.00 -713.88
v 1176.70 94.00 -711.11
v 1178.69 94.00 -708.69
v 1181.11 94.00 -706.70
v 1183.88 94.00 -705.22
v 1186.88 94.00 -704.31
v 1190.00 94.00 -704.00
v 1193.12 94.00 -704.31
v 1196.12 94.00 -705.22
v 1198.89 94.00 -706.70
v 1201.31 94.00 -708.69
v 1203.30 94.00 -711.11
v 1204.78 94.00 -713.88
v 1205.69 94.00 -716.88
v 1206.00 94.00 -720.00
v 1205.69 94.00 -723.12
v 1204.78 94.00 -726.12
v 1203.30 94.00 -728.89
v 1201.31 94.00 -731.31
v 1198.89 94.00 -733.30
v 1196.12 94.00 -734.78
v 1193.12 94.00 -735.69
v 1190.00 92.00 -776.00
v 1186.88 92.00 -775.69
v 1183.88 92.00 -774.78
v 1181.11 92.00 -773.30
v 1178.69 92.00 -771.31
v 1176.70 92.00 -768.89
v 1175.22 92.00 -766.12
v 1174.31 92.00 -763.12
v 1174.00 92.00 -760.00
v 1174.31 92.00 -756.88
v 1175.22 92.00 -753.88
v 1176.70 92.00 -751.11
v 1178.69 92.00 -748.69
v 1181.11 92.00 -746.70
v 1183.88 92.00 -745.22
v 1186.88 92.00 -744.31
v 1190.00 92.00 -744.00
v 1193.12 92.00 -744.31
v 1196.12 92.00 -745.22
v 1198.89 92.00 -746.70
v 1201.31 92.00 -748.69
v 1203.30 92.00 -751.11
v 1204.78 92.00 -753.88
v 1205.69 92.00 -756.88
v 1206.00 92.00 -760.00
v 1205.69 92.00 -763.12
v 1204.78 92.00 -766.12
v 1203.30 92.00 -768.89
v 1201.31 92.00 -771.31
v 1198.89 92.00 -773.30
v 1196.12 92.00 -774.78
v 1193.12 92.00 -775.69
v 1190.00 94.00 -776.00
v 1186.88 94.00 -775.69
v 1183.88 94.00 -774.78
v 1181.11 94.00 -773.30
v 1178.69 94.00 -771.31
v 1176.70 94.00 -768.89
v 1175.22 94.00 -766.12
v 1174.31 94.00 -763.12
v 1174.00 94.00 -760.00
v 1174.31 94.00 -756.88
v 1175.22 94.00 -753.88
v 1176.70 94.00 -751.11
v 1178.69 94.00 -748.69
v 1181.11 94.00 -746.70
v 1183.88 94.00 -745.22
v 1186.88 94.00 -744.31
v 1190.00 94.00 -744.00
v 1193.12 94.00 -744.31
v 1196.12 94.00 -745.22
v 1198.89 94.00 -746.70
v 1201.31 94.00 -748.69
v 1203.30 94.00 -751.11
v 1204.78 94.00 -753.88
v 1205.69 94.00 -756.88
v 1206.00 94.00 -760.00
v 1205.69 94.00 -763.12
v 1204.78 94.00 -766.12
v 1203.30 94.00 -768.89
v 1201.31 94.00 -771.31
v 1198.89 94.00 -773.30
v 1196.12 94.00 -774.78
v 1193.12 94.00 -775.69
v 1230.00 92.00 -416.00
v 1226.88 92.00 -415.69
v 1223.88 92.00 -414.78
v 1221.11 92.00 -413.30
v 1218.69 92.00 -411.31
v 1216.70 92.00 -408.89
v 1215.22 92.00 -406.12
v 1214.31 92.00 -403.12
v 1214.00 92.00 -400.00
v 1214.31 92.00 -396.88
v 1215.22 92.00 -393.88
v 1216.70 92.00 -391.11
v 1218.69 92.00 -388.69
v 1221.11 92.00 -386.70
v 1223.88 92.00 -385.22
v 1226.88 92.00 -384.31
v 1230.00 92.00 -384.00
v 1233.12 92.00 -384.31
v 1236.12 92.00 -385.22
v 1238.89 92.00 -386.70
v 1241.31 92.00 -388.69
v 1243.30 92.00 -391.11
v 1244.78 92.00 -393.88
v 1245.69 92.00 -396.88
v 1246.00 92.00 -400.00
v 1245.69 92.00 -403.12
v 1244.78 92.00 -406.12
v 1243.30 92.00 -408.89
v 1241.31 92.00 -411.31
v 1238.89 92.00 -413.30
v 1236.12 92.00 -414.78
v 1233.12 92.00 -415.69
v 1230.00 94.00 -416.00
v 1226.88 94.00 -415.69
v 1223.88 94.00 -414.78
v 1221.11 94.00 -413.30
v 1218.69 94.00 -411.31
v 1216.70 94.00 -408.89
v 1215.22 94.00 -406.12
v 1214.31 94.00 -403.12
v 1214.00 94.00 -400.00
v 1214.31 94.00 -396.88
v 1215.22 94.00 -393.88
v 1216.70 94.00 -391.11
v 1218.69 94.00 -388.69
v 1221.11 94.00 -386.70
v 1223.88 94.00 -385.22
v 1226.88 94.00 -384.31
v 1230.00 94.00 -384.00
v 1233.12 94.00 -384.31
v 1236.12 94.00 -385.22
v 1238.89 94.00 -386.70
v 1241.31 94.00 -388.69
v 1243.30 94.00 -391.11
v 1244.78 94.00 -393.88
v 1245.69 94.00 -396.88
v 1246.00 94.00 -400.00
v 1245.69 94.00 -403.12
v 1244.78 94.00 -406.12
v 1243.30 94.00 -408.89
v 1241.31 94.00 -411.31
v 1238.89 94.00 -413.30
v 1236.12 94.00 -414.78
v 1233.12 94.00 -415.69
v 1230.00 92.00 -456.00
v 1226.88 92.00 -455.69
v 1223.88 92.00 -454.78
v 1221.11 92.00 -453.30
v 1218.69 92.00 -451.31
v 1216.70 92.00 -448.89
v 1215.22 92.00 -446.12
v 1214.31 92.00 -443.12
v 1214.00 92.00 -440.00
v 1214.31 92.00 -436.88
v 1215.22 92.00 -433.88
v 1216.70 92.00 -431.11
v 1218.69 92.00 -428.69
v 1221.11 92.00 -426.70
v 1223.88 92.00 -425.22
v 1226.88 92.00 -424.31
v 1230.00 92.00 -424.00
v 1233.12 92.00 -424.31
v 1236.12 92.00 -425.22
v 1238.89 92.00 -426.70
v 1241.31 92.00 -428.69
v 1243.30 92.00 -431.11
v 1244.78 92.00 -433.88
v 1245.69 92.00 -436.88
v 1246.00 92.00 -440.00
v 1245.69 92.00 -443.12
v 1244.78 92.00 -446.12
v 1243.30 92.00 -448.89
v 1241.31 92.00 -451.31
v 1238.89 92.00 -453.30
v 1236.12 92.00 -454.78
v 1233.12 92.00 -455.69
v 1230.00 94.00 -456.00
v 1226.88 94.00 -455.69
v 1223.88 94.00 -454.78
v 1221.11 94.00 -453.30
v 1218.69 94.00 -451.31
v 1216.70 94.00 -448.89
v 1215.22 94.00 -446.12
v 1214.31 94.00 -443.12
v 1214.00 94.00 -440.00
v 1214.31 94.00 -436.88
v 1215.22 94.00 -433.88
v 1216.70 94.00 -431.11
v 1218.69 94.00 -428.69
v 1221.11 94.00 -426.70
v 1223.88 94.00 -425.22
v 1226.88 94.00 -424.31
v 1230.00 94.00 -424.00
v 1233.12 94.00 -424.31
v 1236.12 94.00 -425.22
v 1238.89 94.00 -426.70
v 1241.31 94.00 -428.69
v 1243.30 94.00 -431.11
v 1244.78 94.00 -433.88
v 1245.69 94.00 -436.88
v 1246.00 94.00 -440.00
v 1245.69 94.00 -443.12
v 1244.78 94.00 -446.12
v 1243.30 94.00 -448.89
v 1241.31 94.00 -451.31
v 1238.89 94.00 -453.30
v 1236.12 94.00 -454.78
v 1233.12 94.00 -455.69
v 1230.00 92.00 -496.00
v 1226.88 92.00 -495.69
v 1223.88 92.00 -494.78
v 1221.11 92.00 -493.30
v 1218.69 92.00 -491.31
v 1216.70 92.00 -488.89
v 1215.22 92.00 -486.12
v 1214.31 92.00 -483.12
v 1214.00 92.00 -480.00
v 1214.31 92.00 -476.88
v 1215.22 92.00 -473.88
v 1216.70 92.00 -471.11
v 1218.69 92.00 -468.69
v 1221.11 92.00 -466.70
v 1223.88 92.00 -465.22
v 1226.88 92.00 -464.31
v 1230.00 92.00 -464.00
v 1233.12 92.00 -464.31
v 1236.12 92.00 -465.22
v 1238.89 92.00 -466.70
v 1241.31 92.00 -468.69
v 1243.30 92.00 -471.11
v 1244.78 92.00 -473.88
v 1245.69 92.00 -476.88
v 1246.00 92.00 -480.00
v 1245.69 92.00 -483.12
v 1244.78 92.00 -486.12
v 1243.30 92.00 -488.89
v 1241.31 92.00 -491.31
v 1238.89 92.00 -493.30
v 1236.12 92.00 -494.78
v 1233.12 92.00 -495.69
v 1230.00 94.00 -496.00
v 1226.88 94.00 -495.69
v 1223.88 94.00 -494.78
v 1221.11 94.00 -493.30
v 1218.69 94.00 -491.31
v 1216.70 94.00 -488.89
v 1215.22 94.00 -486.12
v 1214.31 94.00 -483.12
v 1214.00 94.00 -480.00
v 1214.31 94.00 -476.88
v 1215.22 94.00 -473.88
v 1216.70 94.00 -471.11
v 1218.69 94.00 -468.69
v 1221.11 94.00 -466.70
v 1223.88 94.00 -465.22
v 1226.88 94.00 -464.31
v 1230.00 94.00 -464.00
v 1233.12 94.00 -464.31
v 1236.12 94.00 -465.22
v 1238.89 94.00 -466.70
v 1241.31 94.00 -468.69
v 1243.30 94.00 -471.11
v 1244.78 94.00 -473.88
v 1245.69 94.00 -476.88
v 1246.00 94.00 -480.00
v 1245.69 94.00 -483.12
v 1244.78 94.00 -486.12
v 1243.30 94.00 -488.89
v 1241.31 94.00 -491.31
v 1238.89 94.00 -493.30
v 1236.12 94.00 -494.78
v 1233.12 94.00 -495.69
v 1230.00 92.00 -536.00
v 1226.88 92.00 -535.69
v 1223.88 92.00 -534.78
v 1221.11 92.00 -533.30
v 1218.69 92.00 -531.31
v 1216.70 92.00 -528.89
v 1215.22 92.00 -526.12
v 1214.31 92.00 -523.12
v 1214.00 92.00 -520.00
v 1214.31 92.00 -516.88
v 1215.22 92.00 -513.88
v 1216.70 92.00 -511.11
v 1218.69 92.00 -508.69
v 1221.11 92.00 -506.70
v 1223.88 92.00 -505.22
v 1226.88 92.00 -504.31
v 1230.00 92.00 -504.00
v 1233.12 92.00 -504.31
v 1236.12 92.00 -505.22
v 1238.89 92.00 -506.70
v 1241.31 92.00 -508.69
v 1243.30 92.00 -511.11
v 1244.78 92.00 -513.88
v 1245.69 92.00 -516.88
v 1246.00 92.00 -520.00
v 1245.69 92.00 -523.12
v 1244.78 92.00 -526.12
v 1243.30 92.00 -528.89
v 1241.31 92.00 -531.31
v 1238.89 92.00 -533.30
v 1236.12 92.00 -534.78
v 1233.12 92.00 -535.69
v 1230.00 94.00 -536.00
v 1226.88 94.00 -535.69
v 1223.88 94.00 -534.78
v 1221.11 94.00 -533.30
v 1218.69 94.00 -531.31
v 1216.70 94.00 -528.89
v 1215.22 94.00 -526.12
v 1214.31 94.00 -523.12
v 1214.00 94.00 -520.00
v 1214.31 94.00 -516.88
v 1215.22 94.00 -513.88
v 1216.70 94.00 -511.11
v 1218.69 94.00 -508.69
v 1221.11 94.00 -506.70
v 1223.88 94.00 -505.22
v 1226.88 94.00 -504.31
v 1230.00 94.00 -504.00
v 1233.12 94.00 -504.31
v 1236.12 94.00 -505.22
v 1238.89 94.00 -506.70
v 1241.31 94.00 -508.69
v 1243.30 94.00 -511.11
v 1244.78 94.00 -513.88
v 1245.69 94.00 -516.88
v 1246.00 94.00 -520.00
v 1245.69 94.00 -523.12
v 1244.78 94.00 -526.12
v 1243.30 94.00 -528.89
v 1241.31 94.00 -531.31
v 1238.89 94.00 -533.30
v 1236.12 94.00 -534.78
v 1233.12 94.00 -535.69
v 1230.00 92.00 -576.00
v 1226.88 92.00 -575.69
v 1223.88 92.00 -574.78
v 1221.11 92.00 -573.30
v 1218.69 92.00 -571.31
v 1216.70 92.00 -568.89
v 1215.22 92.00 -566.12
v 1214.31 92.00 -563.12
v 1214.00 92.00 -560.00
v 1214.31 92.00 -556.88
v 1215.22 92.00 -553.88
v 1216.70 92.00 -551.11
v 1218.69 92.00 -548.69
v 1221.11 92.00 -546.70
v 1223.88 92.00 -545.22
v 1226.88 92.00 -544.31
v 1230.00 92.00 -544.00
v 1233.12 92.00 -544.31
v 1236.12 92.00 -545.22
v 1238.89 92.00 -546.70
v 1241.31 92.00 -548.69
v 1243.30 92.00 -551.11
v 1244.78 92.00 -553.88
v 1245.69 92.00 -556.88
v 1246.00 92.00 -560.00
v 1245.69 92.00 -563.12
v 1244.78 92.00 -566.12
v 1243.30 92.00 -568.89
v 1241.31 92.00 -571.31
v 1238.89 92.00 -573.30
v 1236.12 92.00 -574.78
v 1233.12 92.00 -575.69
v 1230.00 94.00 -576.00
v 1226.88 94.00 -575.69
v 1223.88 94.00 -574.78
v 1221.11 94.00 -573.30
v 1218.69 94.00 -571.31
v 1216.70 94.00 -568.89
v 1215.22 94.00 -566.12
v 1214.31 94.00 -563.12
v 1214.00 94.00 -560.00
v 1214.31 94.00 -556.88
v 1215.22 94.00 -553.88
v 1216.70 94.00 -551.11
v 1218.69 94.00 -548.69
v 1221.11 94.00 -546.70
v 1223.88 94.00 -545.22
v 1226.88 94.00 -544.31
v 1230.00 94.00 -544.00
v 1233.12 94.00 -544.31
v 1236.12 94.00 -545.22
v 1238.89 94.00 -546.70
v 1241.31 94.00 -548.69
v 1243.30 94.00 -551.11
v 1244.78 94.00 -553.88
v 1245.69 94.00 -556.88
v 1246.00 94.00 -560.00
v 1245.69 94.00 -563.12
v 1244.78 94.00 -566.12
v 1243.30 94.00 -568.89
v 1241.31 94.00 -571.31
v 1238.89 94.00 -573.30
v 1236.12 94.00 -574.78
v 1233.12 94.00 -575.69
v 1230.00 92.00 -616.00
v 1226.88 92.00 -615.69
v 1223.88 92.00 -614.78
v 1221.11 92.00 -613.30
v 1218.69 92.00 -611.31
v 1216.70 92.00 -608.89
v 1215.22 92.00 -606.12
v 1214.31 92.00 -603.12
v 1214.00 92.00 -600.00
v 1214.31 92.00 -596.88
v 1215.22 92.00 -593.88
v 1216.70 92.00 -591.11
v 1218.69 92.00 -588.69
v 1221.11 92.00 -586.70
v 1223.88 92.00 -585.22
v 1226.88 92.00 -584.31
v 1230.00 92.00 -584.00
v 1233.12 92.00 -584.31
v 1236.12 92.00 -585.22
v 1238.89 92.00 -586.70
v 1241.31 92.00 -588.69
v 1243.30 92.00 -591.11
v 1244.78 92.00 -593.88
v 1245.69 92.00 -596.88
v 1246.00 92.00 -600.00
v 1245.69 92.00 -603.12
v 1244.78 92.00 -606.12
v 1243.30 92.00 -608.89
v 1241.31 92.00 -611.31
v 1238.89 92.00 -613.30
v 1236.12 92.00 -614.78
v 1233.12 92.00 -615.69
v 1230.00 94.00 -616.00
v 1226.88 94.00 -615.69
v 1223.88 94.00 -614.78
v 1221.11 94.00 -613.30
v 1218.69 94.00 -611.31
v 1216.70 94.00 -608.89
v 1215.22 94.00 -606.12
v 1214.31 94.00 -603.12
v 1214.00 94.00 -600.00
v 1214.31 94.00 -596.88
v 1215.22 94.00 -593.88
v 1216.70 94.00 -591.11
v 1218.69 94.00 -588.69
v 1221.11 94.00 -586.70
v 1223.88 94.00 -585.22
v 1226.88 94.00 -584.31
v 1230.00 94.00 -584.00
v 1233.12 94.00 -584.31
v 1236.12 94.00 -585.22
v 1238.89 94.00 -586.70
v 1241.31 94.00 -588.69
v 1243.30 94.00 -591.11
v 1244.78 94.00 -593.88
v 1245.69 94.00 -596.88
v 1246.00 94.00 -600.00
v 1245.69 94.00 -603.12
v 1244.78 94.00 -606.12
v 1243.30 94.00 -608.89
v 1241.31 94.00 -611.31
v 1238.89 94.00 -613.30
v 1236.12 94.00 -614.78
v 1233.12 94.00 -615.69
v 1230.00 92.00 -656.00
v 1226.88 92.00 -655.69
v 1223.88 92.00 -654.78
v 1221.11 92.00 -653.30
v 1218.69 92.00 -651.31
v 1216.70 92.00 -648.89
v 1215.22 92.00 -646.12
v 1214.31 92.00 -643.12
v 1214.00 92.00 -640.00
v 1214.31 92.00 -636.88
v 1215.22 92.00 -633.88
v 1216.70 92.00 -631.11
v 1218.69 92.00 -628.69
v 1221.11 92.00 -626.70
v 1223.88 92.00 -625.22
v 1226.88 92.00 -624.31
v 1230.00 92.00 -624.00
v 1233.12 92.00 -624.31
v 1236.12 92.00 -625.22
v 1238.89 92.00 -626.70
v 1241.31 92.00 -628.69
v 1243.30 92.00 -631.11
v 1244.78 92.00 -633.88
v 1245.69 92.00 -636.88
v 1246.00 92.00 -640.00
v 1245.69 92.00 -643.12
v 1244.78 92.00 -646.12
v 1243.30 92.00 -648.89
v 1241.31 92.00 -651.31
v 1238.89 92.00 -653.30
v 1236.12 92.00 -654.78
v 1233.12 92.00 -655.69
v 1230.00 94.00 -656.00
v 1226.88 94.00 -655.69
v 1223.88 94.00 -654.78
v 1221.11 94.00 -653.30
v 1218.69 94.00 -651.31
v 1216.70 94.00 -648.89
v 1215.22 94.00 -646.12
v 1214.31 94.00 -643.12
v 1214.00 94.00 -640.00
v 1214.31 94.00 -636.88
v 1215.22 94.00 -633.88
v 1216.70 94.00 -631.11
v 1218.69 94.00 -628.69
v 1221.11 94.00 -626.70
v 1223.88 94.00 -625.22
v 1226.88 94.00 -624.31
v 1230.00 94.00 -624.00
v 1233.12 94.00 -624.31
v 1236.12 94.00 -625.22
v 1238.89 94.00 -626.70
v 1241.31 94.00 -628.69
v 1243.30 94.00 -631.11
v 1244.78 94.00 -633.88
v 1245.69 94.00 -636.88
v 1246.00 94.00 -640.00
v 1245.69 94.00 -643.12
v 1244.78 94.00 -646.12
v 1243.30 94.00 -648.89
v 1241.31 94.00 -651.31
v 1238.89 94.00 -653.30
v 1236.12 94.00 -654.78
v 1233.12 94.00 -655.69
v 1230.00 92.00 -696.00
v 1226.88 92.00 -695.69
v 1223.88 92.00 -694.78
v 1221.11 92.00 -693.30
v 1218.69 92.00 -691.31
v 1216.70 92.00 -688.89
v 1215.22 92.00 -686.12
v 1214.31 92.00 -683.12
v 1214.00 92.00 -680.00
v 1214.31 92.00 -676.88
v 1215.22 92.00 -673.88
v 1216.70 92.00 -671.11
v 1218.69 92.00 -668.69
v 1221.11 92.00 -666.70
v 1223.88 92.00 -665.22
v 1226.88 92.00 -664.31
v 1230.00 92.00 -664.00
v 1233.12 92.00 -664.31
v 1236.12 92.00 -665.22
v 1238.89 92.00 -666.70
v 1241.31 92.00 -668.69
v 1243.30 92.00 -671.11
v 1244.78 92.00 -673.88
v 1245.69 92.00 -676.88
v 1246.00 92.00 -680.00
v 1245.69 92.00 -683.12
v 1244.78 92.00 -686.12
v 1243.30 92.00 -688.89
v 1241.31 92.00 -691.31
v 1238.89 92.00 -693.30
v 1236.12 92.00 -694.78
v 1233.12 92.00 -695.69
v 1230.00 94.00 -696.00
v 1226.88 94.00 -695.69
v 1223.88 94.00 -694.78
v 1221.11 94.00 -693.30
v 1218.69 94.00 -691.31
v 1216.70 94.00 -688.89
v 1215.22 94.00 -686.12
v 1214.31 94.00 -683.12
v 1214.00 94.00 -680.00
v 1214.31 94.00 -676.88
v 1215.22 94.00 -673.88
v 1216.70 94.00 -671.11
v 1218.69 94.00 -668.69
v 1221.11 94.00 -666.70
v 1223.88 94.00 -665.22
v 1226.88 94.00 -664.31
v 1230.00 94.00 -664.00
v 1233.12 94.00 -664.31
v 1236.12 94.00 -665.22
v 1238.89 94.00 -666.70
v 1241.31 94.00 -668.69
v 1243.30 94.00 -671.11
v 1244.78 94.00 -673.88
v 1245.69 94.00 -676.88
v 1246.00 94.00 -680.00
v 1245.69 94.00 -683.12
v 1244.78 94.00 -686.12
v 1243.30 94.00 -688.89
v 1241.31 94.00 -691.31
v 1238.89 94.00 -693.30
v 1236.12 94.00 -694.78
v 1233.12 94.00 -695.69
v 1230.00 92.00 -736.00
v 1226.88 92.00 -735.69
v 1223.88 92.00 -734.78
v 1221.11 92.00 -733.30
v 1218.69 92.00 -731.31
v 1216.70 92.00 -728.89
v 1215.22 92.00 -726.12
v 1214.31 92.00 -723.12
v 1214.00 92.00 -720.00
v 1214.31 92.00 -716.88
v 1215.22 92.00 -713.88
v 1216.70 92.00 -711.11
v 1218.69 92.00 -708.69
v 1221.11 92.00 -706.70
v 1223.88 92.00 -705.22
v 1226.88 92.00 -704.31
v 1230.00 92.00 -704.00
v 1233.12 92.00 -704.31
v 1236.12 92.00 -705.22
v 1238.89 92.00 -706.70
v 1241.31 92.00 -708.69
v 1243.30 92.00 -711.11
v 1244.78 92.00 -713.88
v 1245.69 92.00 -716.88
v 1246.00 92.00 -720.00
v 1245.69 92.00 -723.12
v 1244.78 92.00 -726.12
v 1243.30 92.00 -728.89
v 1241.31 92.00 -731.31
v 1238.89 92.00 -733.30
v 1236.12 92.00 -734.78
v 1233.12 92.00 -735.69
v 1230.00 94.00 -736.00
v 1226.88 94.00 -735.69
v 1223.88 94.00 -734.78
v 1221.11 94.00 -733.30
v 1218.69 94.00 -731.31
v 1216.70 94.00 -728.89
v 1215.22 94.00 -726.12
v 1214.31 94.00 -723.12
v 1214.00 94.00 -720.00
v 1214.31 94.00 -716.88
v 1215.22 94.00 -713.88
v 1216.70 94.00 -711.11
v 1218.69 94.00 -708.69
v 1221.11 94.00 -706.70
v 1223.88 94.00 -705.22
v 1226.88 94.00 -704.31
v 1230.00 94.00 -704.00
v 1233.12 94.00 -704.31
v 1236.12 94.00 -705.22
v 1238.89 94.00 -706.70
v 1241.31 94.00 -708.69
v 1243.30 94.00 -711.11
v 1244.78 94.00 -713.88
v 1245.69 94.00 -716.88
v 1246.00 94.00 -720.00
v 1245.69 94.00 -723.12
v 1244.78 94.00 -726.12
v 1243.30 94.00 -728.89
v 1241.31 94.00 -731.31
v 1238.89 94.00 -733.30
v 1236.12 94.00 -734.78
v 1233.12 94.00 -735.69
v 1230.00 92.00 -776.00
v 1226.88 92.00 -775.69
v 1223.88 92.00 -774.78
v 1221.11 92.00 -773.30
v 1218.69 92.00 -771.31
v 1216.70 92.00 -768.89
v 1215.22 92.00 -766.12
v 1214.31 92.00 -763.12
v 1214.00 92.00 -760.00
v 1214.31 92.00 -756.88
v 1215.22 92.00 -753.88
v 1216.70 92.00 -751.11
v 1218.69 92.00 -748.69
v 1221.11 92.00 -746.70
v 1223.88 92.00 -745.22
v 1226.88 92.00 -744.31
v 1230.00 92.00 -744.00
v 1233.12 92.00 -744.31
v 1236.12 92.00 -745.22
v 1238.89 92.00 -746.70
v 1241.31 92.00 -748.69
v 1243.30 92.00 -751.11
v 1244.78 92.00 -753.88
v 1245.69 92.00 -756.88
v 1246.00 92.00 -760.00
v 1245.69 92.00 -763.12
v 1244.78 92.00 -766.12
v 1243.30 92.00 -768.89
v 1241.31 92.00 -771.31
v 1238.89 92.00 -773.30
v 1236.12 92.00 -774.78
v 1233.12 92.00 -775.69
v 1230.00 94.00 -776.00
v 1226.88 94.00 -775.69
v 1223.88 94.00 -774.78
v 1221.11 94.00 -773.30
v 1218.69 94.00 -771.31
v 1216.70 94.00 -768.89
v 1215.22 94.00 -766.12
v 1214.31 94.00 -763.12
v 1214.00 94.00 -760.00
v 1214.31 94.00 -756.88
v 1215.22 94.00 -753.88
v 1216.70 94.00 -751.11
v 1218.69 94.00 -748.69
v 1221.11 94.00 -746.70
v 1223.88 94.00 -745.22
v 1226.88 94.00 -744.31
v 1230.00 94.00 -744.00
v 1233.12 94.00 -744.31
v 1236.12 94.00 -745.22
v 1238.89 94.00 -746.70
v 1241.31 94.00 -748.69
v 1243.30 94.00 -751.11
v 1244.78 94.00 -753.88
v 1245.69 94.00 -756.88
v 1246.00 94.00 -760.00
v 1245.69 94.00 -763.12
v 1244.78 94.00 -766.12
v 1243.30 94.00 -768.89
v 1241.31 94.00 -771.31
v 1238.89 94.00 -773.30
v 1236.12 94.00 -774.78
v 1233.12 94.00 -775.69
v 1270.00 92.00 -416.00
v 1266.88 92.00 -415.69
v 1263.88 92.00 -414.78
v 1261.11 92.00 -413.30
v 1258.69 92.00 -411.31
v 1256.70 92.00 -408.89
v 1255.22 92.00 -406.12
v 1254.31 92.00 -403.12
v 1254.00 92.00 -400.00
v 1254.31 92.00 -396.88
v 1255.22 92.00 -393.88
v 1256.70 92.00 -391.11
v 1258.69 92.00 -388.69
v 1261.11 92.00 -386.70
v 1263.88 92.00 -385.22
v 1266.88 92.00 -384.31
v 1270.00 92.00 -384.00
v 1273.12 92.00 -384.31
v 1276.12 92.00 -385.22
v 1278.89 92.00 -386.70
v 1281.31 92.00 -388.69
v 1283.30 92.00 -391.11
v 1284.78 92.00 -393.88
v 1285.69 92.00 -396.88
v 1286.00 92.00 -400.00
v 1285.69 92.00 -403.12
v 1284.78 92.00 -406.12
v 1283.30 92.00 -408.89
v 1281.31 92.00 -411.31
v 1278.89 92.00 -413.30
v 1276.12 92.00 -414.78
v 1273.12 92.00 -415.69
v 1270.00 94.00 -416.00
v 1266.88 94.00 -415.69
v 1263.88 94.00 -414.78
v 1261.11 94.00 -413.30
v 1258.69 94.00 -411.31
v 1256.70 94.00 -408.89
v 1255.22 94.00 -406.12
v 1254.31 94.00 -403.12
v 1254.00 94.00 -400.00
v 1254.31 94.00 -396.88
v 1255.22 94.00 -393.88
v 1256.70 94.00 -391.11
v 1258.69 94.00 -388.69
v 1261.11 94.00 -386.70
v 1263.88 94.00 -385.22
v 1266.88 94.00 -384.31
v 1270.00 94.00 -384.00
v 1273.12 94.00 -384.31
v 1276.12 94.00 -385.22
v 1278.89 94.00 -386.70
v 1281.31 94.00 -388.69
v 1283.30 94.00 -391.11
v 1284.78 94.00 -393.88
v 1285.69 94.00 -396.88
v 1286.00 94.00 -400.00
v 1285.69 94.00 -403.12
v 1284.78 94.00 -406.12
v 1283.30 94.00 -408.89
v 1281.31 94.00 -411.31
v 1278.89 94.00 -413.30
v 1276.12 94.00 -414.78
v 1273.12 94.00 -415.69
v 1270.00 92.00 -456.00
v 1266.88 92.00 -455.69
v 1263.88 92.00 -454.78
v 1261.11 92.00 -453.30
v 1258.69 92.00 -451.31
v 1256.70 92.00 -448.89
v 1255.22 92.00 -446.12
v 1254.31 92.00 -443.12
v 1254.00 92.00 -440.00
v 1254.31 92.00 -436.88
v 1255.22 92.00 -433.88
v 1256.70 92.00 -431.11
v 1258.69 92.00 -428.69
v 1261.11 92.00 -426.70
v 1263.88 92.00 -425.22
v 1266.88 92.00 -424.31
v 1270.00 92.00 -424.00
v 1273.12 92.00 -424.31
v 1276.12 92.00 -425.22
v 1278.89 92.00 -426.70
v 1281.31 92.00 -428.69
v 1283.30 92.00 -431.11
v 1284.78 92.00 -433.88
v 1285.69 92.00 -436.88
v 1286.00 92.00 -440.00
v 1285.69 92.00 -443.12
v 1284.78 92.00 -446.12
v 1283.30 92.00 -448.89
v 1281.31 92.00 -451.31
v 1278.89 92.00 -453.30
v 1276.12 92.00 -454.78
v 1273.12 92.00 -455.69
v 1270.00 94.00 -456.00
v 1266.88 94.00 -455.69
v 1263.88 94.00 -454.78
v 1261.11 94.00 -453.30
v 1258.69 94.00 -451.31
v 1256.70 94.00 -448.89
v 1255.22 94.00 -446.12
v 1254.31 94.00 -443.12
v 1254.00 94.00 -440.00
v 1254.31 94.00 -436.88
v 1255.22 94.00 -433.88
v 1256.70 94.00 -431.11
v 1258.69 94.00 -428.69
v 1261.11 94.00 -426.70
v 1263.88 94.00 -425.22
v 1266.88 94.00 -424.31
v 1270.00 94.00 -424.00
v 1273.12 94.00 -424.31
v 1276.12 94.00 -425.22
v 1278.89 94.00 -426.70
v 1281.31 94.00 -428.69
v 1283.30 94.00 -431.11
v 1284.78 94.00 -433.88
v 1285.69 94.00 -436.88
v 1286.00 94.00 -440.00
v 1285.69 94.00 -443.12
v 1284.78 94.00 -446.12
v 1283.30 94.00 -448.89
v 1281.31 94.00 -451.31
v 1278.89 94.00 -453.30
v 1276.12 94.00 -454.78
v 1273.12 94.00 -455.69
v 1270.00 92.00 -496.00
v 1266.88 92.00 -495.69
v 1263.88 92.00 -494.78
v 1261.11 92.00 -493.30
v 1258.69 92.00 -491.31
v 1256.70 92.00 -488.89
v 1255.22 92.00 -486.12
v 1254.31 92.00 -483.12
v 1254.00 92.00 -480.00
v 1254.31 92.00 -476.88
v 1255.22 92.00 -473.88
v 1256.70 92.00 -471.11
v 1258.69 92.00 -468.69
v 1261.11 92.00 -466.70
v 1263.88 92.00 -465.22
v 1266.88 92.00 -464.31
v 1270.00 92.00 -464.00
v 1273.12 92.00 -464.31
v 1276.12 92.00 -465.22
v 1278.89 92.00 -466.70
v 1281.31 92.00 -468.69
v 1283.30 92.00 -471.11
v 1284.78 92.00 -473.88
v 1285.69 92.00 -476.88
v 1286.00 92.00 -480.00
v 1285.69 92.00 -483.12
v 1284.78 92.00 -486.12
v 1283.30 92.00 -488.89
v 1281.31 92.00 -491.31
v 1278.89 92.00 -493.30
v 1276.12 92.00 -494.78
v 1273.12 92.00 -495.69
v 1270.00 94.00 -496.00
v 1266.88 94.00 -495.69
v 1263.88 94.00 -494.78
v 1261.11 94.00 -493.30
v 1258.69 94.00 -491.31
v 1256.70 94.00 -488.89
v 1255.22 94.00 -486.12
v 1254.31 94.00 -483.12
v 1254.00 94.00 -480.00
v 1254.31 94.00 -476.88
v 1255.22 94.00 -473.88
v 1256.70 94.00 -471.11
v 1258.69 94.00 -468.69
v 1261.11 94.00 -466.70
v 1263.88 94.00 -465.22
v 1266.88 94.00 -464.31
v 1270.00 94.00 -464.00
v 1273.12 94.00 -464.31
v 1276.12 94.00 -465.22
v 1278.89 94.00 -466.70
v 1281.31 94.00 -468.69
v 1283.30 94.00 -471.11
v 1284.78 94.00 -473.88
v 1285.69 94.00 -476.88
v 1286.00 94.00 -480.00
v 1285.69 94.00 -483.12
v 1284.78 94.00 -486.12
v 1283.30 94.00 -488.89
v 1281.31 94.00 -491.31
v 1278.89 94.00 -493.30
v 1276.12 94.00 -494.78
v 1273.12 94.00 -495.69
v 1270.00 92.00 -536.00
v 1266.88 92.00 -535.69
v 1263.88 92.00 -534.78
v 1261.11 92.00 -533.30
v 1258.69 92.00 -531.31
v 1256.70 92.00 -528.89
v 1255.22 92.00 -526.12
v 1254.31 92.00 -523.12
v 1254.00 92.00 -520.00
v 1254.31 92.00 -516.88
v 1255.22 92.00 -513.88
v 1256.70 92.00 -511.11
v 1258.69 92.00 -508.69
v 1261.11 92.00 -506.70
v 1263.88 92.00 -505.22
v 1266.88 92.00 -504.31
v 1270.00 92.00 -504.00
v 1273.12 92.00 -504.31
v 1276.12 92.00 -505.22
v 1278.89 92.00 -506.70
v 1281.31 92.00 -508.69
v 1283.30 92.00 -511.11
v 1284.78 92.00 -513.88
v 1285.69 92.00 -516.88
v 1286.00 92.00 -520.00
v 1285.69 92.00 -523.12
v 1284.78 92.00 -526.12
v 1283.30 92.00 -528.89
v 1281.31 92.00 -531.31
v 1278.89 92.00 -533.30
v 1276.12 92.00 -534.78
v 1273.12 92.00 -535.69
v 1270.00 94.00 -536.00
v 1266.88 94.00 -535.69
v 1263.88 94.00 -534.78
v 1261.11 94.00 -533.30
v 1258.69 94.00 -531.31
v 1256.70 94.00 -528.89
v 1255.22 94.00 -526.12
v 1254.31 94.00 -523.12
v 1254.00 94.00 -520.00
v 1254.31 94.00 -516.88
v 1255.22 94.00 -513.88
v 1256.70 94.00 -511.11
v 1258.69 94.00 -508.69
v 1261.11 94.00 -506.70
v 1263.88 94.00 -505.22
v 1266.88 94.00 -504.31
v 1270.00 94.00 -504.00
v 1273.12 94.00 -504.31
v 1276.12 94.00 -505.22
v 1278.89 94.00 -506.70
v 1281.31 94.00 -508.69
v 1283.30 94.00 -511.11
v 1284.78 94.00 -513.88
v 1285.69 94.00 -516.88
v 1286.00 94.00 -520.00
v 1285.69 94.00 -523.12
v 1284.78 94.00 -526.12
v 1283.30 94.00 -528.89
v 1281.31 94.00 -531.31
v 1278.89 94.00 -533.30
v 1276.12 94.00 -534.78
v 1273.12 94.00 -535.69
v 1270.00 92.00 -576.00
v 1266.88 92.00 -575.69
v 1263.88 92.00 -574.78
v 1261.11 92.00 -573.30
v 1258.69 92.00 -571.31
v 1256.70 92.00 -568.89
v 1255.22 92.00 -566.12
v 1254.31 92.00 -563.12
v 1254.00 92.00 -560.00
v 1254.31 92.00 -556.88
v 1255.22 92.00 -553.88
v 1256.70 92.00 -551.11
v 1258.69 92.00 -548.69
v 1261.11 92.00 -546.70
v 1263.88 92.00 -545.22
v 1266.88 92.00 -544.31
v 1270.00 92.00 -544.00
v 1273.12 92.00 -544.31
v 1276.12 92.00 -545.22
v 1278.89 92.00 -546.70
v 1281.31 92.00 -548.69
v 1283.30 92.00 -551.11
v 1284.78 92.00 -553.88
v 1285.69 92.00 -556.88
v 1286.00 92.00 -560.00
v 1285.69 92.00 -563.12
v 1284.78 92.00 -566.12
v 1283.30 92.00 -568.89
v 1281.31 92.00 -571.31
v 1278.89 92.00 -573.30
v 1276.12 92.00 -574.78
v 1273.12 92.00 -575.69
v 1270.00 94.00 -576.00
v 1266.88 94.00 -575.69
v 1263.88 94.00 -574.78
v 1261.11 94.00 -573.30
v 1258.69 94.00 -571.31
v 1256.70 94.00 -568.89
v 1255.22 94.00 -566.12
v 1254.31 94.00 -563.12
v 1254.00 94.00 -560.00
v 1254.31 94.00 -556.88
v 1255.22 94.00 -553.88
v 1256.70 94.00 -551.11
v 1258.69 94.00 -548.69
v 1261.11 94.00 -546.70
v 1263.88 94.00 -545.22
v 1266.88 94.00 -544.31
v 1270.00 94.00 -544.00
v 1273.12 94.00 -544.31
v 1276.12 94.00 -545.22
v 1278.89 94.00 -546.70
v 1281.31 94.00 -548.69
v 1283.30 94.00 -551.11
v 1284.78 94.00 -553.88
v 1285.69 94.00 -556.88
v 1286.00 94.00 -560.00
v 1285.69 94.00 -563.12
v 1284.78 94.00 -566.12
v 1283.30 94.00 -568.89
v 1281.31 94.00 -571.31
v 1278.89 94.00 -573.30
v 1276.12 94.00 -574.78
v 1273.12 94.00 -575.69
v 1270.00 92.00 -616.00
v 1266.88 92.00 -615.69
v 1263.88 92.00 -614.78
v 1261.11 92.00 -613.30
v 1258.69 92.00 -611.31
v 1256.70 92.00 -608.89
v 1255.22 92.00 -606.12
v 1254.31 92.00 -603.12
v 1254.00 92.00 -600.00
v 1254.31 92.00 -596.88
v 1255.22 92.00 -593.88
v 1256.70 92.00 -591.11
v 1258.69 92.00 -588.69
v 1261.11 92.00 -586.70
v 1263.88 92.00 -585.22
v 1266.88 92.00 -584.31
v 1270.00 92.00 -584.00
v 1273.12 92.00 -584.31
v 1276.12 92.00 -585.22
v 1278.89 92.00 -586.70
v 1281.31 92.00 -588.69
v 1283.30 92.00 -591.11
v 1284.78 92.00 -593.88
v 1285.69 92.00 -596.88
v 1286.00 92.00 -600.00
v 1285.69 92.00 -603.12
v 1284.78 92.00 -606.12
v 1283.30 92.00 -608.89
v 1281.31 92.00 -611.31
v 1278.89 92.00 -613.30
v 1276.12 92.00 -614.78
v 1273.12 92.00 -615.69
v 1270.00 94.00 -616.00
v 1266.88 94.00 -615.69
v 1263.88 94.00 -614.78
v 1261.11 94.00 -613.30
v 1258.69 94.00 -611.31
v 1256.70 94.00 -608.89
v 1255.22 94.00 -606.12
v 1254.31 94.00 -603.12
v 1254.00 94.00 -600.00
v 1254.31 94.00 -596.88
v 1255.22 94.00 -593.88
v 1256.70 94.00 -591.11
v 1258.69 94.00 -588.69
v 1261.11 94.00 -586.70
v 1263.88 94.00 -585.22
v 1266.88 94.00 -584.31
v 1270.00 94.00 -584.00
v 1273.12 94.00 -584.31
v 1276.12 94.00 -585.22
v 1278.89 94.00 -586.70
v 1281.31 94.00 -588.69
v 1283.30 94.00 -591.11
v 1284.78 94.00 -593.88
v 1285.69 94.00 -596.88
v 1286.00 94.00 -600.00
v 1285.69 94.00 -603.12
v 1284.78 94.00 -606.12
v 1283.30 94.00 -608.89
v 1281.31 94.00 -611.31
v 1278.89 94.00 -613.30
v 1276.12 94.00 -614.78
v 1273.12 94.00 -615.69
v 1270.00 92.00 -656.00
v 1266.88 92.00 -655.69
v 1263.88 92.00 -654.78
v 1261.11 92.00 -653.30
v 1258.69 92.00 -651.31
v 1256.70 92.00 -648.89
v 1255.22 92.00 -646.12
v 1254.31 92.00 -643.12
v 1254.00 92.00 -640.00
v 1254.31 92.00 -636.88
v 1255.22 92.00 -633.88
v 1256.70 92.00 -631.11
v 1258.69 92.00 -628.69
v 1261.11 92.00 -626.70
v 1263.88 92.00 -625.22
v 1266.88 92.00 -624.31
v 1270.00 92.00 -624.00
v 1273.12 92.00 -624.31
v 1276.12 92.00 -625.22
v 1278.89 92.00 -626.70
v 1281.31 92.00 -628.69
v 1283.30 92.00 -631.11
v 1284.78 92.00 -633.88
v 1285.69 92.00 -636.88
v 1286.00 92.00 -640.00
v 1285.69 92.00 -643.12
v 1284.78 92.00 -646.12
v 1283.30 92.00 -648.89
v 1281.31 92.00 -651.31
v 1278.89 92.00 -653.30
v 1276.12 92.00 -654.78
v 1273.12 92.00 -655.69
v 1270.00 94.00 -656.00
v 1266.88 94.00 -655.69
v 1263.88 94.00 -654.78
v 1261.11 94.00 -653.30
v 1258.69 94.00 -651.31
v 1256.70 94.00 -648.89
v 1255.22 94.00 -646.12
v 1254.31 94.00 -643.12
v 1254.00 94.00 -640.00
v 1254.31 94.00 -636.88
v 1255.22 94.00 -633.88
v 1256.70 94.00 -631.11
v 1258.69 94.00 -628.69
v 1261.11 94.00 -626.70
v 1263.88 94.00 -625.22
v 1266.88 94.00 -624.31
v 1270.00 94.00 -624.00
v 1273.12 94.00 -624.31
v 1276.12 94.00 -625.22
v 1278.89 94.00 -626.70
v 1281.31 94.00 -628.69
v 1283.30 94.00 -631.11
v 1284.78 94.00 -633.88
v 1285.69 94.00 -636.88
v 1286.00 94.00 -640.00
v 1285.69 94.00 -643.12
v 1284.78 94.00 -646.12
v 1283.30 94.00 -648.89
v 1281.31 94.00 -651.31
v 1278.89 94.00 -653.30
v 1276.12 94.00 -654.78
v 1273.12 94.00 -655.69
v 1270.00 92.00 -696.00
v 1266.88 92.00 -695.69
v 1263.88 92.00 -694.78
v 1261.11 92.00 -693.30
v 1258.69 92.00 -691.31
v 1256.70 92.00 -688.89
v 1255.22 92.00 -686.12
v 1254.31 92.00 -683.12
v 1254.00 92.00 -680.00
v 1254.31 92.00 -676.88
v 1255.22 92.00 -673.88
v 1256.70 92.00 -671.11
v 1258.69 92.00 -668.69
v 1261.11 92.00 -666.70
v 1263.88 92.00 -665.22
v 1266.88 92.00 -664.31
v 1270.00 92.00 -664.00
v 1273.12 92.00 -664.31
v 1276.12 92.00 -665.22
v 1278.89 92.00 -666.70
v 1281.31 92.00 -668.69
v 1283.30 92.00 -671.11
v 1284.78 92.00 -673.88
v 1285.69 92.00 -676.88
v 1286.00 92.00 -680.00
v 1285.69 92.00 -683.12
v 1284.78 92.00 -686.12
v 1283.30 92.00 -688.89
v 1281.31 92.00 -691.31
v 1278.89 92.00 -693.30
v 1276.12 92.00 -694.78
v 1273.12 92.00 -695.69
v 1270.00 94.00 -696.00
v 1266.88 94.00 -695.69
v 1263.88 94.00 -694.78
v 1261.11 94.00 -693.30
v 1258.69 94.00 -691.31
v 1256.70 94.00 -688.89
v 1255.22 94.00 -686.12
v 1254.31 94.00 -683.12
v 1254.00 94.00 -680.00
v 1254.31 94.00 -676.88
v 1255.22 94.00 -673.88
v 1256.70 94.00 -671.11
v 1258.69 94.00 -668.69
v 1261.11 94.00 -666.70
v 1263.88 94.00 -665.22
v 1266.88 94.00 -664.31
v 1270.00 94.00 -664.00
v 1273.12 94.00 -664.31
v 1276.12 94.00 -665.22
v 1278.89 94.00 -666.70
v 1281.31 94.00 -668.69
v 1283.30 94.00 -671.11
v 1284.78 94.00 -673.88
v 1285.69 94.00 -676.88
v 1286.00 94.00 -680.00
v 1285.69 94.00 -683.12
v 1284.78 94.00 -686.12
v 1283.30 94.00 -688.89
v 1281.31 94.00 -691.31
v 1278.89 94.00 -693.30
v 1276.12 94.00 -694.78
v 1273.12 94.00 -695.69
v 1270.00 92.00 -736.00
v 1266.88 92.00 -735.69
v 1263.88 92.00 -734.78
v 1261.11 92.00 -733.30
v 1258.69 92.00 -731.31
v 1256.70 92.00 -728.89
v 1255.22 92.00 -726.12
v 1254.31 92.00 -723.12
v 1254.00 92.00 -720.00
v 1254.31 92.00 -716.88
v 1255.22 92.00 -713.88
v 1256.70 92.00 -711.11
v 1258.69 92.00 -708.69
v 1261.11 92.00 -706.70
v 1263.88 92.00 -705.22
v 1266.88 92.00 -704.31
v 1270.00 92.00 -704.00
v 1273.12 92.00 -704.31
v 1276.12 92.00 -705.22
v 1278.89 92.00 -706.70
v 1281.31 92.00 -708.69
v 1283.30 92.00 -711.11
v 1284.78 92.00 -713.88
v 1285.69 92.00 -716.88
v 1286.00 92.00 -720.00
v 1285.69 92.00 -723.12
v 1284.78 92.00 -726.12
v 1283.30 92.00 -728.89
v 1281.31 92.00 -731.31
v 1278.89 92.00 -733.30
v 1276.12 92.00 -734.78
v 1273.12 92.00 -735.69
v 1270.00 94.00 -736.00
v 1266.88 94.00 -735.69
v 1263.88 94.00 -734.78
v 1261.11 94.00 -733.30
v 1258.69 94.00 -731.31
v 1256.70 94.00 -728.89
v 1255.22 94.00 -726.12
v 1254.31 94.00 -723.12
v 1254.00 94.00 -720.00
v 1254.31 94.00 -716.88
v 1255.22 94.00 -713.88
v 1256.70 94.00 -711.11
v 1258.69 94.00 -708.69
v 1261.11 94.00 -706.70
v 1263.88 94.00 -705.22
v 1266.88 94.00 -704.31
v 1270.00 94.00 -704.00
v 1273.12 94.00 -704.31
v 1276.12 94.00 -705.22
v 1278.89 94.00 -706.70
v 1281.31 94.00 -708.69
v 1283.30 94.00 -711.11
v 1284.78 94.00 -713.88
v 1285.69 94.00 -716.88
v 1286.00 94.00 -720.00
v 1285.69 94.00 -723.12
v 1284.78 94.00 -726.12
v 1283.30 94.00 -728.89
v 1281.31 94.00 -731.31
v 1278.89 94.00 -733.30
v 1276.12 94.00 -734.78
v 1273.12 94.00 -735.69
v 1270.00 92.00 -776.00
v 1266.88 92.00 -775.69
v 1263.88 92.00 -774.78
v 1261.11 92.00 -773.30
v 1258.69 92.00 -771.31
v 1256.70 92.00 -768.89
v 1255.22 92.00 -766.12
v 1254.31 92.00 -763.12
v 1254.00 92.00 -760.00
v 1254.31 92.00 -756.88
v 1255.22 92.00 -753.88
v 1256.70 92.00 -751.11
v 1258.69 92.00 -748.69
v 1261.11 92.00 -746.70
v 1263.88 92.00 -745.22
v 1266.88 92.00 -744.31
v 1270.00 92.00 -744.00
v 1273.12 92.00 -744.31
v 1276.12 92.00 -745.22
v 1278.89 92.00 -746.70
v 1281.31 92.00 -748.69
v 1283.30 92.00 -751.11
v 1284.78 92.00 -753.88
v 1285.69 92.00 -756.88
v 1286.00 92.00 -760.00
v 1285.69 92.00 -763.12
v 1284.78 92.00 -766.12
v 1283.30 92.00 -768.89
v 1281.31 92.00 -771.31
v 1278.89 92.00 -773.30
v 1276.12 92.00 -774.78
v 1273.12 92.00 -775.69
v 1270.00 94.00 -776.00
v 1266.88 94.00 -775.69
v 1263.88 94.00 -774.78
v 1261.11 94.00 -773.30
v 1258.69 94.00 -771.31
v 1256.70 94.00 -768.89
v 1255.22 94.00 -766.12
v 1254.31 94.00 -763.12
v 1254.00 94.00 -760.00
v 1254.31 94.00 -756.88
v 1255.22 94.00 -753.88
v 1256.70 94.00 -751.11
v 1258.69 94.00 -748.69
v 1261.11 94.00 -746.70
v 1263.88 94.00 -745.22
v 1266.88 94.00 -744.31
v 1270.00 94.00 -744.00
v 1273.12 94.00 -744.31
v 1276.12 94.00 -745.22
v 1278.89 94.00 -746.70
v 1281.31 94.00 -748.69
v 1283.30 94.00 -751.11
v 1284.78 94.00 -753.88
v 1285.69 94.00 -756.88
v 1286.00 94.00 -760.00
v 1285.69 94.00 -763.12
v 1284.78 94.00 -766.12
v 1283.30 94.00 -768.89
v 1281.31 94.00 -771.31
v 1278.89 94.00 -773.30
v 1276.12 94.00 -774.78
v 1273.12 94.00 -775.69
v 1310.00 92.00 -416.00
v 1306.88 92.00 -415.69
v 1303.88 92.00 -414.78
v 1301.11 92.00 -413.30
v 1298.69 92.00 -411.31
v 1296.70 92.00 -408.89
v 1295.22 92.00 -406.12
v 1294.31 92.00 -403.12
v 1294.00 92.00 -400.00
v 1294.31 92.00 -396.88
v 1295.22 92.00 -393.88
v 1296.70 92.00 -391.11
v 1298.69 92.00 -388.69
v 1301.11 92.00 -386.70
v 1303.88 92.00 -385.22
v 1306.88 92.00 -384.31
v 1310.00 92.00 -384.00
v 1313.12 92.00 -384.31
v 1316.12 92.00 -385.22
v 1318.89 92.00 -386.70
v 1321.31 92.00 -388.69
v 1323.30 92.00 -391.11
v 1324.78 92.00 -393.88
v 1325.69 92.00 -396.88
v 1326.00 92.00 -400.00
v 1325.69 92.00 -403.12
v 1324.78 92.00 -406.12
v 1323.30 92.00 -408.89
v 1321.31 92.00 -411.31
v 1318.89 92.00 -413.30
v 1316.12 92.00 -414.78
v 1313.12 92.00 -415.69
v 1310.00 94.00 -416.00
v 1306.88 94.00 -415.69
v 1303.88 94.00 -414.78
v 1301.11 94.00 -413.30
v 1298.69 94.00 -411.31
v 1296.70 94.00 -408.89
v 1295.22 94.00 -406.12
v 1294.31 94.00 -403.12
v 1294.00 94.00 -400.00
v 1294.31 94.00 -396.88
v 1295.22 94.00 -393.88
v 1296.70 94.00 -391.11
v 1298.69 94.00 -388.69
v 1301.11 94.00 -386.70
v 1303.88 94.00 -385.22
v 1306.88 94.00 -384.31
v 1310.00 94.00 -384.00
v 1313.12 94.00 -384.31
v 1316.12 94.00 -385.22
v 1318.89 94.00 -386.70
v 1321.31 94.00 -388.69
v 1323.30 94.00 -391.11
v 1324.78 94.00 -393.88
v 1325.69 94.00 -396.88
v 1326.00 94.00 -400.00
v 1325.69 94.00 -403.12
v 1324.78 94.00 -406.12
v 1323.30 94.00 -408.89
v 1321.31 94.00 -411.31
v 1318.89 94.00 -413.30
v 1316.12 94.00 -414.78
v 1313.12 94.00 -415.69
v 1310.00 92.00 -456.00
v 1306.88 92.00 -455.69
v 1303.88 92.00 -454.78
v 1301.11 92.00 -453.30
v 1298.69 92.00 -451.31
v 1296.70 92.00 -448.89
v 1295.22 92.00 -446.12
v 1294.31 92.00 -443.12
v 1294.00 92.00 -440.00
v 1294.31 92.00 -436.88
v 1295.22 92.00 -433.88
v 1296.70 92.00 -431.11
v 1298.69 92.00 -428.69
v 1301.11 92.00 -426.70
v 1303.88 92.00 -425.22
v 1306.88 92.00 -424.31
v 1310.00 92.00 -424.00
v 1313.12 92.00 -424.31
v 1316.12 92.00 -425.22
v 1318.89 92.00 -426.70
v 1321.31 92.00 -428.69
v 1323.30 92.00 -431.11
v 1324.78 92.00 -433.88
v 1325.69 92.00 -436.88
v 1326.00 92.00 -440.00
v 1325.69 92.00 -443.12
v 1324.78 92.00 -446.12
v 1323.30 92.00 -448.89
v 1321.31 92.00 -451.31
v 1318.89 92.00 -453.30
v 1316.12 92.00 -454.78
v 1313.12 92.00 -455.69
v 1310.00 94.00 -456.00
v 1306.88 94.00 -455.69
v 1303.88 94.00 -454.78
v 1301.11 94.00 -453.30
v 1298.69 94.00 -451.31
v 1296.70 94.00 -448.89
v 1295.22 94.00 -446.12
v 1294.31 94.00 -443.12
v 1294.00 94.00 -440.00
v 1294.31 94.00 -436.88
v 1295.22 94.00 -433.88
v 1296.70 94.00 -431.11
v 1298.69 94.00 -428.69
v 1301.11 94.00 -426.70
v 1303.88 94.00 -425.22
v 1306.88 94.00 -424.31
v 1310.00 94.00 -424.00
v 1313.12 94.00 -424.31
v 1316.12 94.00 -425.22
v 1318.89 94.00 -426.70
v 1321.31 94.00 -428.69
v 1323.30 94.00 -431.11
v 1324.78 94.00 -433.88
v 1325.69 94.00 -436.88
v 1326.00 94.00 -440.00
v 1325.69 94.00 -443.12
v 1324.78 94.00 -446.12
v 1323.30 94.00 -448.89
v 1321.31 94.00 -451.31
v 1318.89 94.00 -453.30
v 1316.12 94.00 -454.78
v 1313.12 94.00 -455.69
v 1310.00 92.00 -496.00
v 1306.88 92.00 -495.69
v 1303.88 92.00 -494.78
v 1301.11 92.00 -493.30
v 1298.69 92.00 -491.31
v 1296.70 92.00 -488.89
v 1295.22 92.00 -486.12
v 1294.31 92.00 -483.12
v 1294.00 92.00 -480.00
v 1294.31 92.00 -476.88
v 1295.22 92.00 -473.88
v 1296.70 92.00 -471.11
v 1298.69 92.00 -468.69
v 1301.11 92.00 -466.70
v 1303.88 92.00 -465.22
v 1306.88 92.00 -464.31
v 1310.00 92.00 -464.00
v 1313.12 92.00 -464.31
v 1316.12 92.00 -465.22
v 1318.89 92.00 -466.70
v 1321.31 92.00 -468.69
v 1323.30 92.00 -471.11
v 1324.78 92.00 -473.88
v 1325.69 92.00 -476.88
v 1326.00 92.00 -480.00
v 1325.69 92.00 -483.12
v 1324.78 92.00 -486.12
v 1323.30 92.00 -488.89
v 1321.31 92.00 -491.31
v 1318.89 92.00 -493.30
v 1316.12 92.00 -494.78
v 1313.12 92.00 -495.69
v 1310.00 94.00 -496.00
v 1306.88 94.00 -495.69
v 1303.88 94.00 -494.78
v 1301.11 94.00 -493.30
v 1298.69 94.00 -491.31
v 1296.70 94.00 -488.89
v 1295.22 94.00 -486.12
v 1294.31 94.00 -483.12
v 1294.00 94.00 -480.00
v 1294.31 94.00 -476.88
v 1295.22 94.00 -473.88
v 1296.70 94.00 -471.11
v 1298.69 94.00 -468.69
v 1301.11 94.00 -466.70
v 1303.88 94.00 -465.22
v 1306.88 94.00 -464.31
v 1310.00 94.00 -464.00
v 1313.12 94.00 -464.31
v 1316.12 94.00 -465.22
v 1318.89 94.00 -466.70
v 1321.31 94.00 -468.69
v 1323.30 94.00 -471.11
v 1324.78 94.00 -473.88
v 1325.69 94.00 -476.88
v 1326.00 94.00 -480.00
v 1325.69 94.00 -483.12
v 1324.78 94.00 -486.12
v 1323.30 94.00 -488.89
v 1321.31 94.00 -491.31
v 1318.89 94.00 -493.30
v 1316.12 94.00 -494.78
v 1313.12 94.00 -495.69
v 1310.00 92.00 -536.00
v 1306.88 92.00 -535.69
v 1303.88 92.00 -534.78
v 1301.11 92.00 -533.30
v 1298.69 92.00 -531.31
v 1296.70 92.00 -528.89
v 1295.22 92.00 -526.12
v 1294.31 92.00 -523.12
v 1294.00 92.00 -520.00
v 1294.31 92.00 -516.88
v 1295.22 92.00 -513.88
v 1296.70 92.00 -511.11
v 1298.69 92.00 -508.69
v 1301.11 92.00 -506.70
v 1303.88 92.00 -505.22
v 1306.88 92.00 -504.31
v 1310.00 92.00 -504.00
v 1313.12 92.00 -504.31
v 1316.12 92.00 -505.22
v 1318.89 92.00 -506.70
v 1321.31 92.00 -508.69
v 1323.30 92.00 -511.11
v 1324.78 92.00 -513.88
v 1325.69 92.00 -516.88
v 1326.00 92.00 -520.00
v 1325.69 92.00 -523.12
v 1324.78 92.00 -526.12
v 1323.30 92.00 -528.89
v 1321.31 92.00 -531.31
v 1318.89 92.00 -533.30
v 1316.12 92.00 -534.78
v 1313.12 92.00 -535.69
v 1310.00 94.00 -536.00
v 1306.88 94.00 -535.69
v 1303.88 94.00 -534.78
v 1301.11 94.00 -533.30
v 1298.69 94.00 -531.31
v 1296.70 94.00 -528.89
v 1295.22 94.00 -526.12
v 1294.31 94.00 -523.12
v 1294.00 94.00 -520.00
v 1294.31 94.00 -516.88
v 1295.22 94.00 -513.88
v 1296.70 94.00 -511.11
v 1298.69 94.00 -508.69
v 1301.11 94.00 -506.70
v 1303.88 94.00 -505.22
v 1306.88 94.00 -504.31
v 1310.00 94.00 -504.00
v 1313.12 94.00 -504.31
v 1316.12 94.00 -505.22
v 1318.89 94.00 -506.70
v 1321.31 94.00 -508.69
v 1323.30 94.00 -511.11
v 1324.78 94.00 -513.88
v 1325.69 94.00 -516.88
v 1326.00 94.00 -520.00
v 1325.69 94.00 -523.12
v 1324.78 94.00 -526.12
v 1323.30 94.00 -528.89
v 1321.31 94.00 -531.31
v 1318.89 94.00 -533.30
v 1316.12 94.00 -534.78
v 1313.12 94.00 -535.69
v 1310.00 92.00 -576.00
v 1306.88 92.00 -575.69
v 1303.88 92.00 -574.78
v 1301.11 92.00 -573.30
v 1298.69 92.00 -571.31
v 1296.70 92.00 -568.89
v 1295.22 92.00 -566.12
v 1294.31 92.00 -563.12
v 1294.00 92.00 -560.00
v 1294.31 92.00 -556.88
v 1295.22 92.00 -553.88
v 1296.70 92.00 -551.11
v 1298.69 92.00 -548.69
v 1301.11 92.00 -546.70
v 1303.88 92.00 -545.22
v 1306.88 92.00 -544.31
v 1310.00 92.00 -544.00
v 1313.12 92.00 -544.31
v 1316.12 92.00 -545.22
v 1318.89 92.00 -546.70
v 1321.31 92.00 -548.69
v 1323.30 92.00 -551.11
v 1324.78 92.00 -553.88
v 1325.69 92.00 -556.88
v 1326.00 92.00 -560.00
v 1325.69 92.00 -563.12
v 1324.78 92.00 -566.12
v 1323.30 92.00 -568.89
v 1321.31 92.00 -571.31
v 1318.89 92.00 -573.30
v 1316.12 92.00 -574.78
v 1313.12 92.00 -575.69
v 1310.00 94.00 -576.00
v 1306.88 94.00 -575.69
v 1303.88 94.00 -574.78
v 1301.11 94.00 -573.30
v 1298.69 94.00 -571.31
v 1296.70 94.00 -568.89
v 1295.22 94.00 -566.12
v 1294.31 94.00 -563.12
v 1294.00 94.00 -560.00
v 1294.31 94.00 -556.88
v 1295.22 94.00 -553.88
v 1296.70 94.00 -551.11
v 1298.69 94.00 -548.69
v 1301.11 94.00 -546.70
v 1303.88 94.00 -545.22
v 1306.88 94.00 -544.31
v 1310.00 94.00 -544.00
v 1313.12 94.00 -544.31
v 1316.12 94.00 -545.22
v 1318.89 94.00 -546.70
v 1321.31 94.00 -548.69
v 1323.30 94.00 -551.11
v 1324.78 94.00 -553.88
v 1325.69 94.00 -556.88
v 1326.00 94.00 -560.00
v 1325.69 94.00 -563.12
v 1324.78 94.00 -566.12
v 1323.30 94.00 -568.89
v 1321.31 94.00 -571.31
v 1318.89 94.00 -573.30
v 1316.12 94.00 -574.78
v 1313.12 94.00 -575.69
v 1310.00 92.00 -616.00
v 1306.88 92.00 -615.69
v 1303.88 92.00 -614.78
v 1301.11 92.00 -613.30
v 1298.69 92.00 -611.31
v 1296.70 92.00 -608.89
v 1295.22 92.00 -606.12
v 1294.31 92.00 -603.12
v 1294.00 92.00 -600.00
v 1294.31 92.00 -596.88
v 1295.22 92.00 -593.88
v 1296.70 92.00 -591.11
v 1298.69 92.00 -588.69
v 1301.11 92.00 -586.70
v 1303.88 92.00 -585.22
v 1306.88 92.00 -584.31
v 1310.00 92.00 -584.00
v 1313.12 92.00 -584.31
v 1316.12 92.00 -585.22
v 1318.89 92.00 -586.70
v 1321.31 92.00 -588.69
v 1323.30 92.00 -591.11
v 1324.78 92.00 -593.88
v 1325.69 92.00 -596.88
v 1326.00 92.00 -600.00
v 1325.69 92.00 -603.12
v 1324.78 92.00 -606.12
v 1323.30 92.00 -608.89
v 1321.31 92.00 -611.31
v 1318.89 92.00 -613.30
v 1316.12 92.00 -614.78
v 1313.12 92.00 -615.69
v 1310.00 94.00 -616.00
v 1306.88 94.00 -615.69
v 1303.88 94.00 -614.78
v 1301.11 94.00 -613.30
v 1298.69 94.00 -611.31
v 1296.70 94.00 -608.89
v 1295.22 94.00 -606.12
v 1294.31 94.00 -603.12
v 1294.00 94.00 -600.00
v 1294.31 94.00 -596.88
v 1295.22 94.00 -593.88
v 1296.70 94.00 -591.11
v 1298.69 94.00 -588.69
v 1301.11 94.00 -586.70
v 1303.88 94.00 -585.22
v 1306.88 94.00 -584.31
v 1310.00 94.00 -584.00
v 1313.12 94.00 -584.31
v 1316.12 94.00 -585.22
v 1318.89 94.00 -586.70
v 1321.31 94.00 -588.69
v 1323.30 94.00 -591.11
v 1324.78 94.00 -593.88
v 1325.69 94.00 -596.88
v 1326.00 94.00 -600.00
v 1325.69 94.00 -603.12
v 1324.78 94.00 -606.12
v 1323.30 94.00 -608.89
v 1321.31 94.00 -611.31
v 1318.89 94.00 -613.30
v 1316.12 94.00 -614.78
v 1313.12 94.00 -615.69
v 1310.00 92.00 -656.00
v 1306.88 92.00 -655.69
v 1303.88 92.00 -654.78
v 1301.11 92.00 -653.30
v 1298.69 92.00 -651.31
v 1296.70 92.00 -648.89
v 1295.22 92.00 -646.12
v 1294.31 92.00 -643.12
v 1294.00 92.00 -640.00
v 1294.31 92.00 -636.88
v 1295.22 92.00 -633.88
v 1296.70 92.00 -631.11
v 1298.69 92.00 -628.69
v 1301.11 92.00 -626.70
v 1303.88 92.00 -625.22
v 1306.88 92.00 -624.31
v 1310.00 92.00 -624.00
v 1313.12 92.00 -624.31
v 1316.12 92.00 -625.22
v 1318.89 92.00 -626.70
v 1321.31 92.00 -628.69
v 1323.30 92.00 -631.11
v 1324.78 92.00 -633.88
v 1325.69 92.00 -636.88
v 1326.00 92.00 -640.00
v 1325.69 92.00 -643.12
v 1324.78 92.00 -646.12
v 1323.30 92.00 -648.89
v 1321.31 92.00 -651.31
v 1318.89 92.00 -653.30
v 1316.12 92.00 -654.78
v 1313.12 92.00 -655.69
v 1310.00 94.00 -656.00
v 1306.88 94.00 -655.69
v 1303.88 94.00 -654.78
v 1301.11 94.00 -653.30
v 1298.69 94.00 -651.31
v 1296.70 94.00 -648.89
v 1295.22 94.00 -646.12
v 1294.31 94.00 -643.12
v 1294.00 94.00 -640.00
v 1294.31 94.00 -636.88
v 1295.22 94.00 -633.88
v 1296.70 94.00 -631.11
v 1298.69 94.00 -628.69
v 1301.11 94.00 -626.70
v 1303.88 94.00 -625.22
v 1306.88 94.00 -624.31
v 1310.00 94.00 -624.00
v 1313.12 94.00 -624.31
v 1316.12 94.00 -625.22
v 1318.89 94.00 -626.70
v 1321.31 94.00 -628.69
v 1323.30 94.00 -631.11
v 1324.78 94.00 -633.88
v 1325.69 94.00 -636.88
v 1326.00 94.00 -640.00
v 1325.69 94.00 -643.12
v 1324.78 94.00 -646.12
v 1323.30 94.00 -648.89
v 1321.31 94.00 -651.31
v 1318.89 94.00 -653.30
v 1316.12 94.00 -654.78
v 1313.12 94.00 -655.69
v 1310.00 92.00 -696.00
v 1306.88 92.00 -695.69
v 1303.88 92.00 -694.78
v 1301.11 92.00 -693.30
v 1298.69 92.00 -691.31
v 1296.70 92.00 -688.89
v 1295.22 92.00 -686.12
v 1294.31 92.00 -683.12
v 1294.00 92.00 -680.00
v 1294.31 92.00 -676.88
v 1295.22 92.00 -673.88
v 1296.70 92.00 -671.11
v 1298.69 92.00 -668.69
v 1301.11 92.00 -666.70
v 1303.88 92.00 -665.22
v 1306.88 92.00 -664.31
v 1310.00 92.00 -664.00
v 1313.12 92.00 -664.31
v 1316.12 92.00 -665.22
v 1318.89 92.00 -666.70
v 1321.31 92.00 -668.69
v 1323.30 92.00 -671.11
v 1324.78 92.00 -673.88
v 1325.69 92.00 -676.88
v 1326.00 92.00 -680.00
v 1325.69 92.00 -683.12
v 1324.78 92.00 -686.12
v 1323.30 92.00 -688.89
v 1321.31 92.00 -691.31
v 1318.89 92.00 -693.30
v 1316.12 92.00 -694.78
v 1313.12 92.00 -695.69
v 1310.00 94.00 -696.00
v 1306.88 94.00 -695.69
v 1303.88 94.00 -694.78
v 1301.11 94.00 -693.30
v 1298.69 94.00 -691.31
v 1296.70 94.00 -688.89
v 1295.22 94.00 -686.12
v 1294.31 94.00 -683.12
v 1294.00 94.00 -680.00
v 1294.31 94.00 -676.88
v 1295.22 94.00 -673.88
v 1296.70 94.00 -671.11
v 1298.69 94.00 -668.69
v 1301.11 94.00 -666.70
v 1303.88 94.00 -665.22
v 1306.88 94.00 -664.31
v 1310.00 94.00 -664.00
v 1313.12 94.00 -664.31
v 1316.12 94.00 -665.22
v 1318.89 94.00 -666.70
v 1321.31 94.00 -668.69
v 1323.30 94.00 -671.11
v 1324.78 94.00 -673.88
v 1325.69 94.00 -676.88
v 1326.00 94.00 -680.00
v 1325.69 94.00 -683.12
v 1324.78 94.00 -686.12
v 1323.30 94.00 -688.89
v 1321.31 94.00 -691.31
v 1318.89 94.00 -693.30
v 1316.12 94.00 -694.78
v 1313.12 94.00 -695.69
v 1310.00 92.00 -736.00
v 1306.88 92.00 -735.69
v 1303.88 92.00 -734.78
v 1301.11 92.00 -733.30
v 1298.69 92.00 -731.31
v 1296.70 92.00 -728.89
v 1295.22 92.00 -726.12
v 1294.31 92.00 -723.12
v 1294.00 92.00 -720.00
v 1294.31 92.00 -716.88
v 1295.22 92.00 -713.88
v 1296.70 92.00 -711.11
v 1298.69 92.00 -708.69
v 1301.11 92.00 -706.70
v 1303.88 92.00 -705.22
v 1306.88 92.00 -704.31
v 1310.00 92.00 -704.00
v 1313.12 92.00 -704.31
v 1316.12 92.00 -705.22
v 1318.89 92.00 -706.70
v 1321.31 92.00 -708.69
v 1323.30 92.00 -711.11
v 1324.78 92.00 -713.88
v 1325.69 92.00 -716.88
v 1326.00 92.00 -720.00
v 1325.69 92.00 -723.12
v 1324.78 92.00 -726.12
v 1323.30 92.00 -728.89
v 1321.31 92.00 -731.31
v 1318.89 92.00 -733.30
v 1316.12 92.00 -734.78
v 1313.12 92.00 -735.69
v 1310.00 94.00 -736.00
v 1306.88 94.00 -735.69
v 1303.88 94.00 -734.78
v 1301.11 94.00 -733.30
v 1298.69 94.00 -731.31
v 1296.70 94.00 -728.89
v 1295.22 94.00 -726.12
v 1294.31 94.00 -723.12
v 1294.00 94.00 -720.00
v 1294.31 94.00 -716.88
v 1295.22 94.00 -713.88
v 1296.70 94.00 -711.11
v 1298.69 94.00 -708.69
v 1301.11 94.00 -706.70
v 1303.88 94.00 -705.22
v 1306.88 94.00 -704.31
v 1310.00 94.00 -704.00
v 1313.12 94.00 -704.31
v 1316.12 94.00 -705.22
v 1318.89 94.00 -706.70
v 1321.31 94.00 -708.69
v 1323.30 94.00 -711.11
v 1324.78 94.00 -713.88
v 1325.69 94.00 -716.88
v 1326.00 94.00 -720.00
v 1325.69 94.00 -723.12
v 1324.78 94.00 -726.12
v 1323.30 94.00 -728.89
v 1321.31 94.00 -731.31
v 1318.89 94.00 -733.30
v 1316.12 94.00 -734.78
v 1313.12 94.00 -735.69
v 1310.00 92.00 -776.00
v 1306.88 92.00 -775.69
v 1303.88 92.00 -774.78
v 1301.11 92.00 -773.30
v 1298.69 92.00 -771.31
v 1296.70 92.00 -768.89
v 1295.22 92.00 -766.12
v 1294.31 92.00 -763.12
v 1294.00 92.00 -760.00
v 1294.31 92.00 -756.88
v 1295.22 92.00 -753.88
v 1296.70 92.00 -751.11
v 1298.69 92.00 -748.69
v 1301.11 92.00 -746.70
v 1303.88 92.00 -745.22
v 1306.88 92.00 -744.31
v 1310.00 92.00 -744.00
v 1313.12 92.00 -744.31
v 1316.12 92.00 -745.22
v 1318.89 92.00 -746.70
v 1321.31 92.00 -748.69
v 1323.30 92.00 -751.11
v 1324.78 92.00 -753.88
v 1325.69 92.00 -756.88
v 1326.00 92.00 -760.00
v 1325.69 92.00 -763.12
v 1324.78 92.00 -766.12
v 1323.30 92.00 -768.89
v 1321.31 92.00 -771.31
v 1318.89 92.00 -773.30
v 1316.12 92.00 -774.78
v 1313.12 92.00 -775.69
v 1310.00 94.00 -776.00
v 1306.88 94.00 -775.69
v 1303.88 94.00 -774.78
v 1301.11 94.00 -773.30
v 1298.69 94.00 -771.31
v 1296.70 94.00 -768.89
v 1295.22 94.00 -766.12
v 1294.31 94.00 -763.12
v 1294.00 94.00 -760.00
v 1294.31 94.00 -756.88
v 1295.22 94.00 -753.88
v 1296.70 94.00 -751.11
v 1298.69 94.00 -748.69
v 1301.11 94.00 -746.70
v 1303.88 94.00 -745.22
v 1306.88 94.00 -744.31
v 1310.00 94.00 -744.00
v 1313.12 94.00 -744.31
v 1316.12 94.00 -745.22
v 1318.89 94.00 -746.70
v 1321.31 94.00 -748.69
v 1323.30 94.00 -751.11
v 1324.78 94.00 -753.88
v 1325.69 94.00 -756.88
v 1326.00 94.00 -760.00
v 1325.69 94.00 -763.12
v 1324.78 94.00 -766.12
v 1323.30 94.00 -768.89
v 1321.31 94.00 -771.31
v 1318.89 94.00 -773.30
v 1316.12 94.00 -774.78
v 1313.12 94.00 -775.69
v 1350.00 92.00 -416.00
v 1346.88 92.00 -415.69
v 1343.88 92.00 -414.78
v 1341.11 92.00 -413.30
v 1338.69 92.00 -411.31
v 1336.70 92.00 -408.89
v 1335.22 92.00 -406.12
v 1334.31 92.00 -403.12
v 1334.00 92.00 -400.00
v 1334.31 92.00 -396.88
v 1335.22 92.00 -393.88
v 1336.70 92.00 -391.11
v 1338.69 92.00 -388.69
v 1341.11 92.00 -386.70
v 1343.88 92.00 -385.22
v 1346.88 92.00 -384.31
v 1350.00 92.00 -384.00
v 1353.12 92.00 -384.31
v 1356.12 92.00 -385.22
v 1358.89 92.00 -386.70
v 1361.31 92.00 -388.69
v 1363.30 92.00 -391.11
v 1364.78 92.00 -393.88
v 1365.69 92.00 -396.88
v 1366.00 92.00 -400.00
v 1365.69 92.00 -403.12
v 1364.78 92.00 -406.12
v 1363.30 92.00 -408.89
v 1361.31 92.00 -411.31
v 1358.89 92.00 -413.30
v 1356.12 92.00 -414.78
v 1353.12 92.00 -415.69
v 1350.00 94.00 -416.00
v 1346.88 94.00 -415.69
v 1343.88 94.00 -414.78
v 1341.11 94.00 -413.30
v 1338.69 94.00 -411.31
v 1336.70 94.00 -408.89
v 1335.22 94.00 -406.12
v 1334.31 94.00 -403.12
v 1334.00 94.00 -400.00
v 1334.31 94.00 -396.88
v 1335.22 94.00 -393.88
v 1336.70 94.00 -391.11
v 1338.69 94.00 -388.69
v 1341.11 94.00 -386.70
v 1343.88 94.00 -385.22
v 1346.88 94.00 -384.31
v 1350.00 94.00 -384.00
v 1353.12 94.00 -384.31
v 1356.12 94.00 -385.22
v 1358.89 94.00 -386.70
v 1361.31 94.00 -388.69
v 1363.30 94.00 -391.11
v 1364.78 94.00 -393.88
v 1365.69 94.00 -396.88
v 1366.00 94.00 -400.00
v 1365.69 94.00 -403.12
v 1364.78 94.00 -406.12
v 1363.30 94.00 -408.89
v 1361.31 94.00 -411.31
v 1358.89 94.00 -413.30
v 1356.12 94.00 -414.78
v 1353.12 94.00 -415.69
v 1350.00 92.00 -456.00
v 1346.88 92.00 -455.69
v 1343.88 92.00 -454.78
v 1341.11 92.00 -453.30
v 1338.69 92.00 -451.31
v 1336.70 92.00 -448.89
v 1335.22 92.00 -446.12
v 1334.31 92.00 -443.12
v 1334.00 92.00 -440.00
v 1334.31 92.00 -436.88
v 1335.22 92.00 -433.88
v 1336.70 92.00 -431.11
v 1338.69 92.00 -428.69
v 1341.11 92.00 -426.70
v 1343.88 92.00 -425.22
v 1346.88 92.00 -424.31
v 1350.00 92.00 -424.00
v 1353.12 92.00 -424.31
v 1356.12 92.00 -425.22
v 1358.89 92.00 -426.70
v 1361.31 92.00 -428.69
v 1363.30 92.00 -431.11
v 1364.78 92.00 -433.88
v 1365.69 92.00 -436.88
v 1366.00 92.00 -440.00
v 1365.69 92.00 -443.12
v 1364.78 92.00 -446.12
v 1363.30 92.00 -448.89
v 1361.31 92.00 -451.31
v 1358.89 92.00 -453.30
v 1356.12 92.00 -454.78
v 1353.12 92.00 -455.69
v 1350.00 94.00 -456.00
v 1346.88 94.00 -455.69
v 1343.88 94.00 -454.78
v 1341.11 94.00 -453.30
v 1338.69 94.00 -451.31
v 1336.70 94.00 -448.89
v 1335.22 94.00 -446.12
v 1334.31 94.00 -443.12
v 1334.00 94.00 -440.00
v 1334.31 94.00 -436.88
v 1335.22 94.00 -433.88
v 1336.70 94.00 -431.11
v 1338.69 94.00 -428.69
v 1341.11 94.00 -426.70
v 1343.88 94.00 -425.22
v 1346.88 94.00 -424.31
v 1350.00 94.00 -424.00
v 1353.12 94.00 -424.31
v 1356.12 94.00 -425.22
v 1358.89 94.00 -426.70
v 1361.31 94.00 -428.69
v 1363.30 94.00 -431.11
v 1364.78 94.00 -433.88
v 1365.69 94.00 -436.88
v 1366.00 94.00 -440.00
v 1365.69 94.00 -443.12
v 1364.78 94.00 -446.12
v 1363.30 94.00 -448.89
v 1361.31 94.00 -451.31
v 1358.89 94.00 -453.30
v 1356.12 94.00 -454.78
v 1353.12 94.00 -455.69
v 1350.00 92.00 -496.00
v 1346.88 92.00 -495.69
v 1343.88 92.00 -494.78
v 1341.11 92.00 -493.30
v 1338.69 92.00 -491.31
v 1336.70 92.00 -488.89
v 1335.22 92.00 -486.12
v 1334.31 92.00 -483.12
v 1334.00 92.00 -480.00
v 1334.31 92.00 -476.88
v 1335.22 92.00 -473.88
v 1336.70 92.00 -471.11
v 1338.69 92.00 -468.69
v 1341.11 92.00 -466.70
v 1343.88 92.00 -465.22
v 1346.88 92.00 -464.31
v 1350.00 92.00 -464.00
v 1353.12 92.00 -464.31
v 1356.12 92.00 -465.22
v 1358.89 92.00 -466.70
v 1361.31 92.00 -468.69
v 1363.30 92.00 -471.11
v 1364.78 92.00 -473.88
v 1365.69 92.00 -476.88
v 1366.00 92.00 -480.00
v 1365.69 92.00 -483.12
v 1364.78 92.00 -486.12
v 1363.30 92.00 -488.89
v 1361.31 92.00 -491.31
v 1358.89 92.00 -493.30
v 1356.12 92.00 -494.78
v 1353.12 92.00 -495.69
v 1350.00 94.00 -496.00
v 1346.88 94.00 -495.69
v 1343.88 94.00 -494.78
v 1341.11 94.00 -493.30
v 1338.69 94.00 -491.31
v 1336.70 94.00 -488.89
v 1335.22 94.00 -486.12
v 1334.31 94.00 -483.12
v 1334.00 94.00 -480.00
v 1334.31 94.00 -476.88
v 1335.22 94.00 -473.88
v 1336.70 94.00 -471.11
v 1338.69 94.00 -468.69
v 1341.11 94.00 -466.70
v 1343.88 94.00 -465.22
v 1346.88 94.00 -464.31
v 1350.00 94.00 -464.00
v 1353.12 94.00 -464.31
v 1356.12 94.00 -465.22
v 1358.89 94.00 -466.70
v 1361.31 94.00 -468.69
v 1363.30 94.00 -471.11
v 1364.78 94.00 -473.88
v 1365.69 94.00 -476.88
v 1366.00 94.00 -480.00
v 1365.69 94.00 -483.12
v 1364.78 94.00 -486.12
v 1363.30 94.00 -488.89
v 1361.31 94.00 -491.31
v 1358.89 94.00 -493.30
v 1356.12 94.00 -494.78
v 1353.12 94.00 -495.69
v 1350.00 92.00 -536.00
v 1346.88 92.00 -535.69
v 1343.88 92.00 -534.78
v 1341.11 92.00 -533.30
v 1338.69 92.00 -531.31
v 1336.70 92.00 -528.89
v 1335.22 92.00 -526.12
v 1334.31 92.00 -523.12
v 1334.00 92.00 -520.00
v 1334.31 92.00 -516.88
v 1335.22 92.00 -513.88
v 1336.70 92.00 -511.11
v 1338.69 92.00 -508.69
v 1341.11 92.00 -506.70
v 1343.88 92.00 -505.22
v 1346.88 92.00 -504.31
v 1350.00 92.00 -504.00
v 1353.12 92.00 -504.31
v 1356.12 92.00 -505.22
v 1358.89 92.00 -506.70
v 1361.31 92.00 -508.69
v 1363.30 92.00 -511.11
v 1364.78 92.00 -513.88
v 1365.69 92.00 -516.88
v 1366.00 92.00 -520.00
v 1365.69 92.00 -523.12
v 1364.78 92.00 -526.12
v 1363.30 92.00 -528.89
v 1361.31 92.00 -531.31
v 1358.89 92.00 -533.30
v 1356.12 92.00 -534.78
v 1353.12 92.00 -535.69
v 1350.00 94.00 -536.00
v 1346.88 94.00 -535.69
v 1343.88 94.00 -534.78
v 1341.11 94.00 -533.30
v 1338.69 94.00 -531.31
v 1336.70 94.00 -528.89
v 1335.22 94.00 -526.12
v 1334.31 94.00 -523.12
v 1334.00 94.00 -520.00
v 1334.31 94.00 -516.88
v 1335.22 94.00 -513.88
v 1336.70 94.00 -511.11
v 1338.69 94.00 -508.69
v 1341.11 94.00 -506.70
v 1343.88 94.00 -505.22
v 1346.88 94.00 -504.31
v 1350.00 94.00 -504.00
v 1353.12 94.00 -504.31
v 1356.12 94.00 -505.22
v 1358.89 94.00 -506.70
v 1361.31 94.00 -508.69
v 1363.30 94.00 -511.11
v 1364.78 94.00 -513.88
v 1365.69 94.00 -516.88
v 1366.00 94.00 -520.00
v 1365.69 94.00 -523.12
v 1364.78 94.00 -526.12
v 1363.30 94.00 -528.89
v 1361.31 94.00 -531.31
v 1358.89 94.00 -533.30
v 1356.12 94.00 -534.78
v 1353.12 94.00 -535.69
v 1350.00 92.00 -576.00
v 1346.88 92.00 -575.69
v 1343.88 92.00 -574.78
v 1341.11 92.00 -573.30
v 1338.69 92.00 -571.31
v 1336.70 92.00 -568.89
v 1335.22 92.00 -566.12
v 1334.31 92.00 -563.12
v 1334.00 92.00 -560.00
v 1334.31 92.00 -556.88
v 1335.22 92.00 -553.88
v 1336.70 92.00 -551.11
v 1338.69 92.00 -548.69
v 1341.11 92.00 -546.70
v 1343.88 92.00 -545.22
v 1346.88 92.00 -544.31
v 1350.00 92.00 -544.00
v 1353.12 92.00 -544.31
v 1356.12 92.00 -545.22
v 1358.89 92.00 -546.70
v 1361.31 92.00 -548.69
v 1363.30 92.00 -551.11
v 1364.78 92.00 -553.88
v 1365.69 92.00 -556.88
v 1366.00 92.00 -560.00
v 1365.69 92.00 -563.12
v 1364.78 92.00 -566.12
v 1363.30 92.00 -568.89
v 1361.31 92.00 -571.31
v 1358.89 92.00 -573.30
v 1356.12 92.00 -574.78
v 1353.12 92.00 -575.69
v 1350.00 94.00 -576.00
v 1346.88 94.00 -575.69
v 1343.88 94.00 -574.78
v 1341.11 94.00 -573.30
v 1338.69 94.00 -571.31
v 1336.70 94.00 -568.89
v 1335.22 94.00 -566.12
v 1334.31 94.00 -563.12
v 1334.00 94.00 -560.00
v 1334.31 94.00 -556.88
v 1335.22 94.00 -553.88
v 1336.70 94.00 -551.11
v 1338.69 94.00 -548.69
v 1341.11 94.00 -546.70
v 1343.88 94.00 -545.22
v 1346.88 94.00 -544.31
v 1350.00 94.00 -544.00
v 1353.12 94.00 -544.31
v 1356.12 94.00 -545.22
v 1358.89 94.00 -546.70
v 1361.31 94.00 -548.69
v 1363.30 94.00 -551.11
v 1364.78 94.00 -553.88
v 1365.69 94.00 -556.88
v 1366.00 94.00 -560.00
v 1365.69 94.00 -563.12
v 1364.78 94.00 -566.12
v 1363.30 94.00 -568.89
v 1361.31 94.00 -571.31
v 1358.89 94.00 -573.30
v 1356.12 94.00 -574.78
v 1353.12 94.00 -575.69
v 1350.00 92.00 -616.00
v 1346.88 92.00 -615.69
v 1343.88 92.00 -614.78
v 1341.11 92.00 -613.30
v 1338.69 92.00 -611.31
v 1336.70 92.00 -608.89
v 1335.22 92.00 -606.12
v 1334.31 92.00 -603.12
v 1334.00 92.00 -600.00
v 1334.31 92.00 -596.88
v 1335.22 92.00 -593.88
v 1336.70 92.00 -591.11
v 1338.69 92.00 -588.69
v 1341.11 92.00 -586.70
v 1343.88 92.00 -585.22
v 1346.88 92.00 -584.31
v 1350.00 92.00 -584.00
v 1353.12 92.00 -584.31
v 1356.12 92.00 -585.22
v 1358.89 92.00 -586.70
v 1361.31 92.00 -588.69
v 1363.30 92.00 -591.11
v 1364.78 92.00 -593.88
v 1365.69 92.00 -596.88
v 1366.00 92.00 -600.00
v 1365.69 92.00 -603.12
v 1364.78 92.00 -606.12
v 1363.30 92.00 -608.89
v 1361.31 92.00 -611.31
v 1358.89 92.00 -613.30
v 1356.12 92.00 -614.78
v 1353.12 92.00 -615.69
v 1350.00 94.00 -616.00
v 1346.88 94.00 -615.69
v 1343.88 94.00 -614.78
v 1341.11 94.00 -613.30
v 1338.69 94.00 -611.31
v 1336.70 94.00 -608.89
v 1335.22 94.00 -606.12
v 1334.31 94.00 -603.12
v 1334.00 94.00 -600.00
v 1334.31 94.00 -596.88
v 1335.22 94.00 -593.88
v 1336.70 94.00 -591.11
v 1338.69 94.00 -588.69
v 1341.11 94.00 -586.70
v 1343.88 94.00 -585.22
v 1346.88 94.00 -584.31
v 1350.00 94.00 -584.00
v 1353.12 94.00 -584.31
v 1356.12 94.00 -585.22
v 1358.89 94.00 -586.70
v 1361.31 94.00 -588.69
v 1363.30 94.00 -591.11
v 1364.78 94.00 -593.88
v 1365.69 94.00 -596.88
v 1366.00 94.00 -600.00
v 1365.69 94.00 -603.12
v 1364.78 94.00 -606.12
v 1363.30 94.00 -608.89
v 1361.31 94.00 -611.31
v 1358.89 94.00 -613.30
v 1356.12 94.00 -614.78
v 1353.12 94.00 -615.69
v 1350.00 92.00 -656.00
v 1346.88 92.00 -655.69
v 1343.88 92.00 -654.78
v 1341.11 92.00 -653.30
v 1338.69 92.00 -651.31
v 1336.70 92.00 -648.89
v 1335.22 92.00 -646.12
v 1334.31 92.00 -643.12
v 1334.00 92.00 -640.00
v 1334.31 92.00 -636.88
v 1335.22 92.00 -633.88
v 1336.70 92.00 -631.11
v 1338.69 92.00 -628.69
v 1341.11 92.00 -626.70
v 1343.88 92.00 -625.22
v 1346.88 92.00 -624.31
v 1350.00 92.00 -624.00
v 1353.12 92.00 -624.31
v 1356.12 92.00 -625.22
v 1358.89 92.00 -626.70
v 1361.31 92.00 -628.69
v 1363.30 92.00 -631.11
v 1364.78 92.00 -633.88
v 1365.69 92.00 -636.88
v 1366.00 92.00 -640.00
v 1365.69 92.00 -643.12
v 1364.78 92.00 -646.12
v 1363.30 92.00 -648.89
v 1361.31 92.00 -651.31
v 1358.89 92.00 -653.30
v 1356.12 92.00 -654.78
v 1353.12 92.00 -655.69
v 1350.00 94.00 -656.00
v 1346.88 94.00 -655.69
v 1343.88 94.00 -654.78
v 1341.11 94.00 -653.30
v 1338.69 94.00 -651.31
v 1336.70 94.00 -648.89
v 1335.22 94.00 -646.12
v 1334.31 94.00 -643.12
v 1334.00 94.00 -640.00
v 1334.31 94.00 -636.88
v 1335.22 94.00 -633.88
v 1336.70 94.00 -631.11
v 1338.69 94.00 -628.69
v 1341.11 94.00 -626.70
v 1343.88 94.00 -625.22
v 1346.88 94.00 -624.31
v 1350.00 94.00 -624.00
v 1353.12 94.00 -624.31
v 1356.12 94.00 -625.22
v 1358.89 94.00 -626.70
v 1361.31 94.00 -628.69
v 1363.30 94.00 -631.11
v 1364.78 94.00 -633.88
v 1365.69 94.00 -636.88
v 1366.00 94.00 -640.00
v 1365.69 94.00 -643.12
v 1364.78 94.00 -646.12
v 1363.30 94.00 -648.89
v 1361.31 94.00 -651.31
v 1358.89 94.00 -653.30
v 1356.12 94.00 -654.78
v 1353.12 94.00 -655.69
v 1350.00 92.00 -696.00
v 1346.88 92.00 -695.69
v 1343.88 92.00 -694.78
v 1341.11 92.00 -693.30
v 1338.69 92.00 -691.31
v 1336.70 92.00 -688.89
v 1335.22 92.00 -686.12
v 1334.31 92.00 -683.12
v 1334.00 92.00 -680.00
v 1334.31 92.00 -676.88
v 1335.22 92.00 -673.88
v 1336.70 92.00 -671.11
v 1338.69 92.00 -668.69
v 1341.11 92.00 -666.70
v 1343.88 92.00 -665.22
v 1346.88 92.00 -664.31
v 1350.00 92.00 -664.00
v 1353.12 92.00 -664.31
v 1356.12 92.00 -665.22
v 1358.89 92.00 -666.70
v 1361.31 92.00 -668.69
v 1363.30 92.00 -671.11
v 1364.78 92.00 -673.88
v 1365.69 92.00 -676.88
v 1366.00 92.00 -680.00
v 1365.69 92.00 -683.12
v 1364.78 92.00 -686.12
v 1363.30 92.00 -688.89
v 1361.31 92.00 -691.31
v 1358.89 92.00 -693.30
v 1356.12 92.00 -694.78
v 1353.12 92.00 -695.69
v 1350.00 94.00 -696.00
v 1346.88 94.00 -695.69
v 1343.88 94.00 -694.78
v 1341.11 94.00 -693.30
v 1338.69 94.00 -691.31
v 1336.70 94.00 -688.89
v 1335.22 94.00 -686.12
v 1334.31 94.00 -683.12
v 1334.00 94.00 -680.00
v 1334.31 94.00 -676.88
v 1335.22 94.00 -673.88
v 1336.70 94.00 -671.11
v 1338.69 94.00 -668.69
v 1341.11 94.00 -666.70
v 1343.88 94.00 -665.22
v 1346.88 94.00 -664.31
v 1350.00 94.00 -664.00
v 1353.12 94.00 -664.31
v 1356.12 94.00 -665.22
v 1358.89 94.00 -666.70
v 1361.31 94.00 -668.69
v 1363.30 94.00 -671.11
v 1364.78 94.00 -673.88
v 1365.69 94.00 -676.88
v 1366.00 94.00 -680.00
v 1365.69 94.00 -683.12
v 1364.78 94.00 -686.12
v 1363.30 94.00 -688.89
v 1361.31 94.00 -691.31
v 1358.89 94.00 -693.30
v 1356.12 94.00 -694.78
v 1353.12 94.00 -695.69
v 1350.00 92.00 -736.00
v 1346.88 92.00 -735.69
v 1343.88 92.00 -734.78
v 1341.11 92.00 -733.30
v 1338.69 92.00 -731.31
v 1336.70 92.00 -728.89
v 1335.22 92.00 -726.12
v 1334.31 92.00 -723.12
v 1334.00 92.00 -720.00
v 1334.31 92.00 -716.88
v 1335.22 92.00 -713.88
v 1336.70 92.00 -711.11
v 1338.69 92.00 -708.69
v 1341.11 92.00 -706.70
v 1343.88 92.00 -705.22
v 1346.88 92.00 -704.31
v 1350.00 92.00 -704.00
v 1353.12 92.00 -704.31
v 1356.12 92.00 -705.22
v 1358.89 92.00 -706.70
v 1361.31 92.00 -708.69
v 1363.30 92.00 -711.11
v 1364.78 92.00 -713.88
v 1365.69 92.00 -716.88
v 1366.00 92.00 -720.00
v 1365.69 92.00 -723.12
v 1364.78 92.00 -726.12
v 1363.30 92.00 -728.89
v 1361.31 92.00 -731.31
v 1358.89 92.00 -733.30
v 1356.12 92.00 -734.78
v 1353.12 92.00 -735.69
v 1350.00 94.00 -736.00
v 1346.88 94.00 -735.69
v 1343.88 94.00 -734.78
v 1341.11 94.00 -733.30
v 1338.69 94.00 -731.31
v 1336.70 94.00 -728.89
v 1335.22 94.00 -726.12
v 1334.31 94.00 -723.12
v 1334.00 94.00 -720.00
v 1334.31 94.00 -716.88
v 1335.22 94.00 -713.88
v 1336.70 94.00 -711.11
v 1338.69 94.00 -708.69
v 1341.11 94.00 -706.70
v 1343.88 94.00 -705.22
v 1346.88 94.00 -704.31
v 1350.00 94.00 -704.00
v 1353.12 94.00 -704.31
v 1356.12 94.00 -705.22
v 1358.89 94.00 -706.70
v 1361.31 94.00 -708.69
v 1363.30 94.00 -711.11
v 1364.78 94.00 -713.88
v 1365.69 94.00 -716.88
v 1366.00 94.00 -720.00
v 1365.69 94.00 -723.12
v 1364.78 94.00 -726.12
v 1363.30 94.00 -728.89
v 1361.31 94.00 -731.31
v 1358.89 94.00 -733.30
v 1356.12 94.00 -734.78
v 1353.12 94.00 -735.69
v 1350.00 92.00 -776.00
v 1346.88 92.00 -775.69
v 1343.88 92.00 -774.78
v 1341.11 92.00 -773.30
v 1338.69 92.00 -771.31
v 1336.70 92.00 -768.89
v 1335.22 92.00 -766.12
v 1334.31 92.00 -763.12
v 1334.00 92.00 -760.00
v 1334.31 92.00 -756.88
v 1335.22 92.00 -753.88
v 1336.70 92.00 -751.11
v 1338.69 92.00 -748.69
v 1341.11 92.00 -746.70
v 1343.88 92.00 -745.22
v 1346.88 92.00 -744.31
v 1350.00 92.00 -744.00
v 1353.12 92.00 -744.31
v 1356.12 92.00 -745.22
v 1358.89 92.00 -746.70
v 1361.31 92.00 -748.69
v 1363.30 92.00 -751.11
v 1364.78 92.00 -753.88
v 1365.69 92.00 -756.88
v 1366.00 92.00 -760.00
v 1365.69 92.00 -763.12
v 1364.78 92.00 -766.12
v 1363.30 92.00 -768.89
v 1361.31 92.00 -771.31
v 1358.89 92.00 -773.30
v 1356.12 92.00 -774.78
v 1353.12 92.00 -775.69
v 1350.00 94.00 -776.00
v 1346.88 94.00 -775.69
v 1343.88 94.00 -774.78
v 1341.11 94.00 -773.30
v 1338.69 94.00 -771.31
v 1336.70 94.00 -768.89
v 1335.22 94.00 -766.12
v 1334.31 94.00 -763.12
v 1334.00 94.00 -760.00
v 1334.31 94.00 -756.88
v 1335.22 94.00 -753.88
v 1336.70 94.00 -751.11
v 1338.69 94.00 -748.69
v 1341.11 94.00 -746.70
v 1343.88 94.00 -745.22
v 1346.88 94.00 -744.31
v 1350.00 94.00 -744.00
v 1353.12 94.00 -744.31
v 1356.12 94.00 -745.22
v 1358.89 94.00 -746.70
v 1361.31 94.00 -748.69
v 1363.30 94.00 -751.11
v 1364.78 94.00 -753.88
v 1365.69 94.00 -756.88
v 1366.00 94.00 -760.00
v 1365.69 94.00 -763.12
v 1364.78 94.00 -766.12
v 1363.30 94.00 -768.89
v 1361.31 94.00 -771.31
v 1358.89 94.00 -773.30
v 1356.12 94.00 -774.78
v 1353.12 94.00 -775.69
v 1390.00 92.00 -416.00
v 1386.88 92.00 -415.69
v 1383.88 92.00 -414.78
v 1381.11 92.00 -413.30
v 1378.69 92.00 -411.31
v 1376.70 92.00 -408.89
v 1375.22 92.00 -406.12
v 1374.31 92.00 -403.12
v 1374.00 92.00 -400.00
v 1374.31 92.00 -396.88
v 1375.22 92.00 -393.88
v 1376.70 92.00 -391.11
v 1378.69 92.00 -388.69
v 1381.11 92.00 -386.70
v 1383.88 92.00 -385.22
v 1386.88 92.00 -384.31
v 1390.00 92.00 -384.00
v 1393.12 92.00 -384.31
v 1396.12 92.00 -385.22
v 1398.89 92.00 -386.70
v 1401.31 92.00 -388.69
v 1403.30 92.00 -391.11
v 1404.78 92.00 -393.88
v 1405.69 92.00 -396.88
v 1406.00 92.00 -400.00
v 1405.69 92.00 -403.12
v 1404.78 92.00 -406.12
v 1403.30 92.00 -408.89
v 1401.31 92.00 -411.31
v 1398.89 92.00 -413.30
v 1396.12 92.00 -414.78
v 1393.12 92.00 -415.69
v 1390.00 94.00 -416.00
v 1386.88 94.00 -415.69
v 1383.88 94.00 -414.78
v 1381.11 94.00 -413.30
v 1378.69 94.00 -411.31
v 1376.70 94.00 -408.89
v 1375.22 94.00 -406.12
v 1374.31 94.00 -403.12
v 1374.00 94.00 -400.00
v 1374.31 94.00 -396.88
v 1375.22 94.00 -393.88
v 1376.70 94.00 -391.11
v 1378.69 94.00 -388.69
v 1381.11 94.00 -386.70
v 1383.88 94.00 -385.22
v 1386.88 94.00 -384.31
v 1390.00 94.00 -384.00
v 1393.12 94.00 -384.31
v 1396.12 94.00 -385.22
v 1398.89 94.00 -386.70
v 1401.31 94.00 -388.69
v 1403.30 94.00 -391.11
v 1404.78 94.00 -393.88
v 1405.69 94.00 -396.88
v 1406.00 94.00 -400.00
v 1405.69 94.00 -403.12
v 1404.78 94.00 -406.12
v 1403.30 94.00 -408.89
v 1401.31 94.00 -411.31
v 1398.89 94.00 -413.30
v 1396.12 94.00 -414.78
v 1393.12 94.00 -415.69
v 1390.00 92.00 -456.00
v 1386.88 92.00 -455.69
v 1383.88 92.00 -454.78
v 1381.11 92.00 -453.30
v 1378.69 92.00 -451.31
v 1376.70 92.00 -448.89
v 1375.22 92.00 -446.12
v 1374.31 92.00 -443.12
v 1374.00 92.00 -440.00
v 1374.31 92.00 -436.88
v 1375.22 92.00 -433.88
v 1376.70 92.00 -431.11
v 1378.69 92.00 -428.69
v 1381.11 92.00 -426.70
v 1383.88 92.00 -425.22
v 1386.88 92.00 -424.31
v 1390.00 92.00 -424.00
v 1393.12 92.00 -424.31
v 1396.12 92.00 -425.22
v 1398.89 92.00 -426.70
v 1401.31 92.00 -428.69
v 1403.30 92.00 -431.11
v 1404.78 92.00 -433.88
v 1405.69 92.00 -436.88
v 1406.00 92.00 -440.00
v 1405.69 92.00 -443.12
v 1404.78 92.00 -446.12
v 1403.30 92.00 -448.89
v 1401.31 92.00 -451.31
v 1398.89 92.00 -453.30
v 1396.12 92.00 -454.78
v 1393.12 92.00 -455.69
v 1390.00 94.00 -456.00
v 1386.88 94.00 -455.69
v 1383.88 94.00 -454.78
v 1381.11 94.00 -453.30
v 1378.69 94.00 -451.31
v 1376.70 94.00 -448.89
v 1375.22 94.00 -446.12
v 1374.31 94.00 -443.12
v 1374.00 94.00 -440.00
v 1374.31 94.00 -436.88
v 1375.22 94.00 -433.88
v 1376.70 94.00 -431.11
v 1378.69 94.00 -428.69
v 1381.11 94.00 -426.70
v 1383.88 94.00 -425.22
v 1386.88 94.00 -424.31
v 1390.00 94.00 -424.00
v 1393.12 94.00 -424.31
v 1396.12 94.00 -425.22
v 1398.89 94.00 -426.70
v 1401.31 94.00 -428.69
v 1403.30 94.00 -431.11
v 1404.78 94.00 -433.88
v 1405.69 94.00 -436.88
v 1406.00 94.00 -440.00
v 1405.69 94.00 -443.12
v 1404.78 94.00 -446.12
v 1403.30 94.00 -448.89
v 1401.31 94.00 -451.31
v 1398.89 94.00 -453.30
v 1396.12 94.00 -454.78
v 1393.12 94.00 -455.69
v 1390.00 92.00 -496.00
v 1386.88 92.00 -495.69
v 1383.88 92.00 -494.78
v 1381.11 92.00 -493.30
v 1378.69 92.00 -491.31
v 1376.70 92.00 -488.89
v 1375.22 92.00 -486.12
v 1374.31 92.00 -483.12
v 1374.00 92.00 -480.00
v 1374.31 92.00 -476.88
v 1375.22 92.00 -473.88
v 1376.70 92.00 -471.11
v 1378.69 92.00 -468.69
v 1381.11 92.00 -466.70
v 1383.88 92.00 -465.22
v 1386.88 92.00 -464.31
v 1390.00 92.00 -464.00
v 1393.12 92.00 -464.31
v 1396.12 92.00 -465.22
v 1398.89 92.00 -466.70
v 1401.31 92.00 -468.69
v 1403.30 92.00 -471.11
v 1404.78 92.00 -473.88
v 1405.69 92.00 -476.88
v 1406.00 92.00 -480.00
v 1405.69 92.00 -483.12
v 1404.78 92.00 -486.12
v 1403.30 92.00 -488.89
v 1401.31 92.00 -491.31
v 1398.89 92.00 -493.30
v 1396.12 92.00 -494.78
v 1393.12 92.00 -495.69
v 1390.00 94.00 -496.00
v 1386.88 94.00 -495.69
v 1383.88 94.00 -494.78
v 1381.11 94.00 -493.30
v 1378.69 94.00 -491.31
v 1376.70 94.00 -488.89
v 1375.22 94.00 -486.12
v 1374.31 94.00 -483.12
v 1374.00 94.00 -480.00
v 1374.31 94.00 -476.88
v 1375.22 94.00 -473.88
v 1376.70 94.00 -471.11
v 1378.69 94.00 -468.69
v 1381.11 94.00 -466.70
v 1383.88 94.00 -465.22
v 1386.88 94.00 -464.31
v 1390.00 94.00 -464.00
v 1393.12 94.00 -464.31
v 1396.12 94.00 -465.22
v 1398.89 94.00 -466.70
v 1401.31 94.00 -468.69
v 1403.30 94.00 -471.11
v 1404.78 94.00 -473.88
v 1405.69 94.00 -476.88
v 1406.00 94.00 -480.00
v 1405.69 94.00 -483.12
v 1404.78 94.00 -486.12
v 1403.30 94.00 -488.89
v 1401.31 94.00 -491.31
v 1398.89 94.00 -493.30
v 1396.12 94.00 -494.78
v 1393.12 94.00 -495.69
v 1390.00 92.00 -536.00
v 1386.88 92.00 -535.69
v 1383.88 92.00 -534.78
v 1381.11 92.00 -533.30
v 1378.69 92.00 -531.31
v 1376.70 92.00 -528.89
v 1375.22 92.00 -526.12
v 1374.31 92.00 -523.12
v 1374.00 92.00 -520.00
v 1374.31 92.00 -516.88
v 1375.22 92.00 -513.88
v 1376.70 92.00 -511.11
v 1378.69 92.00 -508.69
v 1381.11 92.00 -506.70
v 1383.88 92.00 -505.22
v 1386.88 92.00 -504.31
v 1390.00 92.00 -504.00
v 1393.12 92.00 -504.31
v 1396.12 92.00 -505.22
v 1398.89 92.00 -506.70
v 1401.31 92.00 -508.69
v 1403.30 92.00 -511.11
v 1404.78 92.00 -513.88
v 1405.69 92.00 -516.88
v 1406.00 92.00 -520.00
v 1405.69 92.00 -523.12
v 1404.78 92.00 -526.12
v 1403.30 92.00 -528.89
v 1401.31 92.00 -531.31
v 1398.89 92.00 -533.30
v 1396.12 92.00 -534.78
v 1393.12 92.00 -535.69
v 1390.00 94.00 -536.00
v 1386.88 94.00 -535.69
v 1383.88 94.00 -534.78
v 1381.11 94.00 -533.30
v 1378.69 94.00 -531.31
v 1376.70 94.00 -528.89
v 1375.22 94.00 -526.12
v 1374.31 94.00 -523.12
v 1374.00 94.00 -520.00
v 1374.31 94.00 -516.88
v 1375.22 94.00 -513.88
v 1376.70 94.00 -511.11
v 1378.69 94.00 -508.69
v 1381.11 94.00 -506.70
v 1383.88 94.00 -505.22
v 1386.88 94.00 -504.31
v 1390.00 94.00 -504.00
v 1393.12 94.00 -504.31
v 1396.12 94.00 -505.22
v 1398.89 94.00 -506.70
v 1401.31 94.00 -508.69
v 1403.30 94.00 -511.11
v 1404.78 94.00 -513.88
v 1405.69 94.00 -516.88
v 1406.00 94.00 -520.00
v 1405.69 94.00 -523.12
v 1404.78 94.00 -526.12
v 1403.30 94.00 -528.89
v 1401.31 94.00 -531.31
v 1398.89 94.00 -533.30
v 1396.12 94.00 -534.78
v 1393.12 94.00 -535.69
v 1390.00 92.00 -576.00
v 1386.88 92.00 -575.69
v 1383.88 92.00 -574.78
v 1381.11 92.00 -573.30
v 1378.69 92.00 -571.31
v 1376.70 92.00 -568.89
v 1375.22 92.00 -566.12
v 1374.31 92.00 -563.12
v 1374.00 92.00 -560.00
v 1374.31 92.00 -556.88
v 1375.22 92.00 -553.88
v 1376.70 92.00 -551.11
v 1378.69 92.00 -548.69
v 1381.11 92.00 -546.70
v 1383.88 92.00 -545.22
v 1386.88 92.00 -544.31
v 1390.00 92.00 -544.00
v 1393.12 92.00 -544.31
v 1396.12 92.00 -545.22
v 1398.89 92.00 -546.70
v 1401.31 92.00 -548.69
v 1403.30 92.00 -551.11
v 1404.78 92.00 -553.88
v 1405.69 92.00 -556.88
v 1406.00 92.00 -560.00
v 1405.69 92.00 -563.12
v 1404.78 92.00 -566.12
v 1403.30 92.00 -568.89
v 1401.31 92.00 -571.31
v 1398.89 92.00 -573.30
v 1396.12 92.00 -574.78
v 1393.12 92.00 -575.69
v 1390.00 94.00 -576.00
v 1386.88 94.00 -575.69
v 1383.88 94.00 -574.78
v 1381.11 94.00 -573.30
v 1378.69 94.00 -571.31
v 1376.70 94.00 -568.89
v 1375.22 94.00 -566.12
v 1374.31 94.00 -563.12
v 1374.00 94.00 -560.00
v 1374.31 94.00 -556.88
v 1375.22 94.00 -553.88
v 1376.70 94.00 -551.11
v 1378.69 94.00 -548.69
v 1381.11 94.00 -546.70
v 1383.88 94.00 -545.22
v 1386.88 94.00 -544.31
v 1390.00 94.00 -544.00
v 1393.12 94.00 -544.31
v 1396.12 94.00 -545.22
v 1398.89 94.00 -546.70
v 1401.31 94.00 -548.69
v 1403.30 94.00 -551.11
v 1404.78 94.00 -553.88
v 1405.69 94.00 -556.88
v 1406.00 94.00 -560.00
v 1405.69 94.00 -563.12
v 1404.78 94.00 -566.12
v 1403.30 94.00 -568.89
v 1401.31 94.00 -571.31
v 1398.89 94.00 -573.30
v 1396.12 94.00 -574.78
v 1393.12 94.00 -575.69
v 1390.00 92.00 -616.00
v 1386.88 92.00 -615.69
v 1383.88 92.00 -614.78
v 1381.11 92.00 -613.30
v 1378.69 92.00 -611.31
v 1376.70 92.00 -608.89
v 1375.22 92.00 -606.12
v 1374.31 92.00 -603.12
v 1374.00 92.00 -600.00
v 1374.31 92.00 -596.88
v 1375.22 92.00 -593.88
v 1376.70 92.00 -591.11
v 1378.69 92.00 -588.69
v 1381.11 92.00 -586.70
v 1383.88 92.00 -585.22
v 1386.88 92.00 -584.31
v 1390.00 92.00 -584.00
v 1393.12 92.00 -584.31
v 1396.12 92.00 -585.22
v 1398.89 92.00 -586.70
v 1401.31 92.00 -588.69
v 1403.30 92.00 -591.11
v 1404.78 92.00 -593.88
v 1405.69 92.00 -596.88
v 1406.00 92.00 -600.00
v 1405.69 92.00 -603.12
v 1404.78 92.00 -606.12
v 1403.30 92.00 -608.89
v 1401.31 92.00 -611.31
v 1398.89 92.00 -613.30
v 1396.12 92.00 -614.78
v 1393.12 92.00 -615.69
v 1390.00 94.00 -616.00
v 1386.88 94.00 -615.69
v 1383.88 94.00 -614.78
v 1381.11 94.00 -613.30
v 1378.69 94.00 -611.31
v 1376.70 94.00 -608.89
v 1375.22 94.00 -606.12
v 1374.31 94.00 -603.12
v 1374.00 94.00 -600.00
v 1374.31 94.00 -596.88
v 1375.22 94.00 -593.88
v 1376.70 94.00 -591.11
v 1378.69 94.00 -588.69
v 1381.11 94.00 -586.70
v 1383.88 94.00 -585.22
v 1386.88 94.00 -584.31
v 1390.00 94.00 -584.00
v 1393.12 94.00 -584.31
v 1396.12 94.00 -585.22
v 1398.89 94.00 -586.70
v 1401.31 94.00 -588.69
v 1403.30 94.00 -591.11
v 1404.78 94.00 -593.88
v 1405.69 94.00 -596.88
v 1406.00 94.00 -600.00
v 1405.69 94.00 -603.12
v 1404.78 94.00 -606.12
v 1403.30 94.00 -608.89
v 1401.31 94.00 -611.31
v 1398.89 94.00 -613.30
v 1396.12 94.00 -614.78
v 1393.12 94.00 -615.69
v 1390.00 92.00 -656.00
v 1386.88 92.00 -655.69
v 1383.88 92.00 -654.78
v 1381.11 92.00 -653.30
v 1378.69 92.00 -651.31
v 1376.70 92.00 -648.89
v 1375.22 92.00 -646.12
v 1374.31 92.00 -643.12
v 1374.00 92.00 -640.00
v 1374.31 92.00 -636.88
v 1375.22 92.00 -633.88
v 1376.70 92.00 -631.11
v 1378.69 92.00 -628.69
v 1381.11 92.00 -626.70
v 1383.88 92.00 -625.22
v 1386.88 92.00 -624.31
v 1390.00 92.00 -624.00
v 1393.12 92.00 -624.31
v 1396.12 92.00 -625.22
v 1398.89 92.00 -626.70
v 1401.31 92.00 -628.69
v 1403.30 92.00 -631.11
v 1404.78 92.00 -633.88
v 1405.69 92.00 -636.88
v 1406.00 92.00 -640.00
v 1405.69 92.00 -643.12
v 1404.78 92.00 -646.12
v 1403.30 92.00 -648.89
v 1401.31 92.00 -651.31
v 1398.89 92.00 -653.30
v 1396.12 92.00 -654.78
v 1393.12 92.00 -655.69
v 1390.00 94.00 -656.00
v 1386.88 94.00 -655.69
v 1383.88 94.00 -654.78
v 1381.11 94.00 -653.30
v 1378.69 94.00 -651.31
v 1376.70 94.00 -648.89
v 1375.22 94.00 -646.12
v 1374.31 94.00 -643.12
v 1374.00 94.00 -640.00
v 1374.31 94.00 -636.88
v 1375.22 94.00 -633.88
v 1376.70 94.00 -631.11
v 1378.69 94.00 -628.69
v 1381.11 94.00 -626.70
v 1383.88 94.00 -625.22
v 1386.88 94.00 -624.31
v 1390.00 94.00 -624.00
v 1393.12 94.00 -624.31
v 1396.12 94.00 -625.22
v 1398.89 94.00 -626.70
v 1401.31 94.00 -628.69
v 1403.30 94.00 -631.11
v 1404.78 94.00 -633.88
v 1405.69 94.00 -636.88
v 1406.00 94.00 -640.00
v 1405.69 94.00 -643.12
v 1404.78 94.00 -646.12
v 1403.30 94.00 -648.89
v 1401.31 94.00 -651.31
v 1398.89 94.00 -653.30
v 1396.12 94.00 -654.78
v 1393.12 94.00 -655.69
v 1390.00 92.00 -696.00
v 1386.88 92.00 -695.69
v 1383.88 92.00 -694.78
v 1381.11 92.00 -693.30
v 1378.69 92.00 -691.31
v 1376.70 92.00 -688.89
v 1375.22 92.00 -686.12
v 1374.31 92.00 -683.12
v 1374.00 92.00 -680.00
v 1374.31 92.00 -676.88
v 1375.22 92.00 -673.88
v 1376.70 92.00 -671.11
v 1378.69 92.00 -668.69
v 1381.11 92.00 -666.70
v 1383.88 92.00 -665.22
v 1386.88 92.00 -664.31
v 1390.00 92.00 -664.00
v 1393.12 92.00 -664.31
v 1396.12 92.00 -665.22
v 1398.89 92.00 -666.70
v 1401.31 92.00 -668.69
v 1403.30 92.00 -671.11
v 1404.78 92.00 -673.88
v 1405.69 92.00 -676.88
v 1406.00 92.00 -680.00
v 1405.69 92.00 -683.12
v 1404.78 92.00 -686.12
v 1403.30 92.00 -688.89
v 1401.31 92.00 -691.31
v 1398.89 92.00 -693.30
v 1396.12 92.00 -694.78
v 1393.12 92.00 -695.69
v 1390.00 94.00 -696.00
v 1386.88 94.00 -695.69
v 1383.88 94.00 -694.78
v 1381.11 94.00 -693.30
v 1378.69 94.00 -691.31
v 1376.70 94.00 -688.89
v 1375.22 94.00 -686.12
v 1374.31 94.00 -683.12
v 1374.00 94.00 -680.00
v 1374.31 94.00 -676.88
v 1375.22 94.00 -673.88
v 1376.70 94.00 -671.11
v 1378.69 94.00 -668.69
v 1381.11 94.00 -666.70
v 1383.88 94.00 -665.22
v 1386.88 94.00 -664.31
v 1390.00 94.00 -664.00
v 1393.12 94.00 -664.31
v 1396.12 94.00 -665.22
v 1398.89 94.00 -666.70
v 1401.31 94.00 -668.69
v 1403.30 94.00 -671.11
v 1404.78 94.00 -673.88
v 1405.69 94.00 -676.88
v 1406.00 94.00 -680.00
v 1405.69 94.00 -683.12
v 1404.78 94.00 -686.12
v 1403.30 94.00 -688.89
v 1401.31 94.00 -691.31
v 1398.89 94.00 -693.30
v 1396.12 94.00 -694.78
v 1393.12 94.00 -695.69
v 1390.00 92.00 -736.00
v 1386.88 92.00 -735.69
v 1383.88 92.00 -734.78
v 1381.11 92.00 -733.30
v 1378.69 92.00 -731.31
v 1376.70 92.00 -728.89
v 1375.22 92.00 -726.12
v 1374.31 92.00 -723.12
v 1374.00 92.00 -720.00
v 1374.31 92.00 -716.88
v 1375.22 92.00 -713.88
v 1376.70 92.00 -711.11
v 1378.69 92.00 -708.69
v 1381.11 92.00 -706.70
v 1383.88 92.00 -705.22
v 1386.88 92.00 -704.31
v 1390.00 92.00 -704.00
v 1393.12 92.00 -704.31
v 1396.12 92.00 -705.22
v 1398.89 92.00 -706.70
v 1401.31 92.00 -708.69
v 1403.30 92.00 -711.11
v 1404.78 92.00 -713.88
v 1405.69 92.00 -716.88
v 1406.00 92.00 -720.00
v 1405.69 92.00 -723.12
v 1404.78 92.00 -726.12
v 1403.30 92.00 -728.89
v 1401.31 92.00 -731.31
v 1398.89 92.00 -733.30
v 1396.12 92.00 -734.78
v 1393.12 92.00 -735.69
v 1390.00 94.00 -736.00
v 1386.88 94.00 -735.69
v 1383.88 94.00 -734.78
v 1381.11 94.00 -733.30
v 1378.69 94.00 -731.31
v 1376.70 94.00 -728.89
v 1375.22 94.00 -726.12
v 1374.31 94.00 -723.12
v 1374.00 94.00 -720.00
v 1374.31 94.00 -716.88
v 1375.22 94.00 -713.88
v 1376.70 94.00 -711.11
v 1378.69 94.00 -708.69
v 1381.11 94.00 -706.70
v 1383.88 94.00 -705.22
v 1386.88 94.00 -704.31
v 1390.00 94.00 -704.00
v 1393.12 94.00 -704.31
v 1396.12 94.00 -705.22
v 1398.89 94.00 -706.70
v 1401.31 94.00 -708.69
v 1403.30 94.00 -711.11
v 1404.78 94.00 -713.88
v 1405.69 94.00 -716.88
v 1406.00 94.00 -720.00
v 1405.69 94.00 -723.12
v 1404.78 94.00 -726.12
v 1403.30 94.00 -728.89
v 1401.31 94.00 -731.31
v 1398.89 94.00 -733.30
v 1396.12 94.00 -734.78
v 1393.12 94.00 -735.69
v 1390.00 92.00 -776.00
v 1386.88 92.00 -775.69
v 1383.88 92.00 -774.78
v 1381.11 92.00 -773.30
v 1378.69 92.00 -771.31
v 1376.70 92.00 -768.89
v 1375.22 92.00 -766.12
v 1374.31 92.00 -763.12
v 1374.00 92.00 -760.00
v 1374.31 92.00 -756.88
v 1375.22 92.00 -753.88
v 1376.70 92.00 -751.11
v 1378.69 92.00 -748.69
v 1381.11 92.00 -746.70
v 1383.88 92.00 -745.22
v 1386.88 92.00 -744.31
v 1390.00 92.00 -744.00
v 1393.12 92.00 -744.31
v 1396.12 92.00 -745.22
v 1398.89 92.00 -746.70
v 1401.31 92.00 -748.69
v 1403.30 92.00 -751.11
v 1404.78 92.00 -753.88
v 1405.69 92.00 -756.88
v 1406.00 92.00 -760.00
v 1405.69 92.00 -763.12
v 1404.78 92.00 -766.12
v 1403.30 92.00 -768.89
v 1401.31 92.00 -771.31
v 1398.89 92.00 -773.30
v 1396.12 92.00 -774.78
v 1393.12 92.00 -775.69
v 1390.00 94.00 -776.00
v 1386.88 94.00 -775.69
v 1383.88 94.00 -774.78
v 1381.11 94.00 -773.30
v 1378.69 94.00 -771.31
v 1376.70 94.00 -768.89
v 1375.22 94.00 -766.12
v 1374.31 94.00 -763.12
v 1374.00 94.00 -760.00
v 1374.31 94.00 -756.88
v 1375.22 94.00 -753.88
v 1376.70 94.00 -751.11
v 1378.69 94.00 -748.69
v 1381.11 94.00 -746.70
v 1383.88 94.00 -745.22
v 1386.88 94.00 -744.31
v 1390.00 94.00 -744.00
v 1393.12 94.00 -744.31
v 1396.12 94.00 -745.22
v 1398.89 94.00 -746.70
v 1401.31 94.00 -748.69
v 1403.30 94.00 -751.11
v 1404.78 94.00 -753.88
v 1405.69 94.00 -756.88
v 1406.00 94.00 -760.00
v 1405.69 94.00 -763.12
v 1404.78 94.00 -766.12
v 1403.30 94.00 -768.89
v 1401.31 94.00 -771.31
v 1398.89 94.00 -773.30
v 1396.12 94.00 -774.78
v 1393.12 94.00 -775.69
v 1430.00 92.00 -416.00
v 1426.88 92.00 -415.69
v 1423.88 92.00 -414.78
v 1421.11 92.00 -413.30
v 1418.69 92.00 -411.31
v 1416.70 92.00 -408.89
v 1415.22 92.00 -406.12
v 1414.31 92.00 -403.12
v 1414.00 92.00 -400.00
v 1414.31 92.00 -396.88
v 1415.22 92.00 -393.88
v 1416.70 92.00 -391.11
v 1418.69 92.00 -388.69
v 1421.11 92.00 -386.70
v 1423.88 92.00 -385.22
v 1426.88 92.00 -384.31
v 1430.00 92.00 -384.00
v 1433.12 92.00 -384.31
v 1436.12 92.00 -385.22
v 1438.89 92.00 -386.70
v 1441.31 92.00 -388.69
v 1443.30 92.00 -391.11
v 1444.78 92.00 -393.88
v 1445.69 92.00 -396.88
v 1446.00 92.00 -400.00
v 1445.69 92.00 -403.12
v 1444.78 92.00 -406.12
v 1443.30 92.00 -408.89
v 1441.31 92.00 -411.31
v 1438.89 92.00 -413.30
v 1436.12 92.00 -414.78
v 1433.12 92.00 -415.69
v 1430.00 94.00 -416.00
v 1426.88 94.00 -415.69
v 1423.88 94.00 -414.78
v 1421.11 94.00 -413.30
v 1418.69 94.00 -411.31
v 1416.70 94.00 -408.89
v 1415.22 94.00 -406.12
v 1414.31 94.00 -403.12
v 1414.00 94.00 -400.00
v 1414.31 94.00 -396.88
v 1415.22 94.00 -393.88
v 1416.70 94.00 -391.11
v 1418.69 94.00 -388.69
v 1421.11 94.00 -386.70
v 1423.88 94.00 -385.22
v 1426.88 94.00 -384.31
v 1430.00 94.00 -384.00
v 1433.12 94.00 -384.31
v 1436.12 94.00 -385.22
v 1438.89 94.00 -386.70
v 1441.31 94.00 -388.69
v 1443.30 94.00 -391.11
v 1444.78 94.00 -393.88
v 1445.69 94.00 -396.88
v 1446.00 94.00 -400.00
v 1445.69 94.00 -403.12
v 1444.78 94.00 -406.12
v 1443.30 94.00 -408.89
v 1441.31 94.00 -411.31
v 1438.89 94.00 -413.30
v 1436.12 94.00 -414.78
v 1433.12 94.00 -415.69
v 1430.00 92.00 -456.00
v 1426.88 92.00 -455.69
v 1423.88 92.00 -454.78
v 1421.11 92.00 -453.30
v 1418.69 92.00 -451.31
v 1416.70 92.00 -448.89
v 1415.22 92.00 -446.12
v 1414.31 92.00 -443.12
v 1414.00 92.00 -440.00
v 1414.31 92.00 -436.88
v 1415.22 92.00 -433.88
v 1416.70 92.00 -431.11
v 1418.69 92.00 -428.69
v 1421.11 92.00 -426.70
v 1423.88 92.00 -425.22
v 1426.88 92.00 -424.31
v 1430.00 92.00 -424.00
v 1433.12 92.00 -424.31
v 1436.12 92.00 -425.22
v 1438.89 92.00 -426.70
v 1441.31 92.00 -428.69
v 1443.30 92.00 -431.11
v 1444.78 92.00 -433.88
v 1445.69 92.00 -436.88
v 1446.00 92.00 -440.00
v 1445.69 92.00 -443.12
v 1444.78 92.00 -446.12
v 1443.30 92.00 -448.89
v 1441.31 92.00 -451.31
v 1438.89 92.00 -453.30
v 1436.12 92.00 -454.78
v 1433.12 92.00 -455.69
v 1430.00 94.00 -456.00
v 1426.88 94.00 -455.69
v 1423.88 94.00 -454.78
v 1421.11 94.00 -453.30
v 1418.69 94.00 -451.31
v 1416.70 94.00 -448.89
v 1415.22 94.00 -446.12
v 1414.31 94.00 -443.12
v 1414.00 94.00 -440.00
v 1414.31 94.00 -436.88
v 1415.22 94.00 -433.88
v 1416.70 94.00 -431.11
v 1418.69 94.00 -428.69
v 1421.11 94.00 -426.70
v 1423.88 94.00 -425.22
v 1426.88 94.00 -424.31
v 1430.00 94.00 -424.00
v 1433.12 94.00 -424.31
v 1436.12 94.00 -425.22
v 1438.89 94.00 -426.70
v 1441.31 94.00 -428.69
v 1443.30 94.00 -431.11
v 1444.78 94.00 -433.88
v 1445.69 94.00 -436.88
v 1446.00 94.00 -440.00
v 1445.69 94.00 -443.12
v 1444.78 94.00 -446.12
v 1443.30 94.00 -448.89
v 1441.31 94.00 -451.31
v 1438.89 94.00 -453.30
v 1436.12 94.00 -454.78
v 1433.12 94.00 -455.69
v 1430.00 92.00 -496.00
v 1426.88 92.00 -495.69
v 1423.88 92.00 -494.78
v 1421.11 92.00 -493.30
v 1418.69 92.00 -491.31
v 1416.70 92.00 -488.89
v 1415.22 92.00 -486.12
v 1414.31 92.00 -483.12
v 1414.00 92.00 -480.00
v 1414.31 92.00 -476.88
v 1415.22 92.00 -473.88
v 1416.70 92.00 -471.11
v 1418.69 92.00 -468.69
v 1421.11 92.00 -466.70
v 1423.88 92.00 -465.22
v 1426.88 92.00 -464.31
v 1430.00 92.00 -464.00
v 1433.12 92.00 -464.31
v 1436.12 92.00 -465.22
v 1438.89 92.00 -466.70
v 1441.31 92.00 -468.69
v 1443.30 92.00 -471.11
v 1444.78 92.00 -473.88
v 1445.69 92.00 -476.88
v 1446.00 92.00 -480.00
v 1445.69 92.00 -483.12
v 1444.78 92.00 -486.12
v 1443.30 92.00 -488.89
v 1441.31 92.00 -491.31
v 1438.89 92.00 -493.30
v 1436.12 92.00 -494.78
v 1433.12 92.00 -495.69
v 1430.00 94.00 -496.00
v 1426.88 94.00 -495.69
v 1423.88 94.00 -494.78
v 1421.11 94.00 -493.30
v 1418.69 94.00 -491.31
v 1416.70 94.00 -488.89
v 1415.22 94.00 -486.12
v 1414.31 94.00 -483.12
v 1414.00 94.00 -480.00
v 1414.31 94.00 -476.88
v 1415.22 94.00 -473.88
v 1416.70 94.00 -471.11
v 1418.69 94.00 -468.69
v 1421.11 94.00 -466.70
v 1423.88 94.00 -465.22
v 1426.88 94.00 -464.31
v 1430.00 94.00 -464.00
v 1433.12 94.00 -464.31
v 1436.12 94.00 -465.22
v 1438.89 94.00 -466.70
v 1441.31 94.00 -468.69
v 1443.30 94.00 -471.11
v 1444.78 94.00 -473.88
v 1445.69 94.00 -476.88
v 1446.00 94.00 -480.00
v 1445.69 94.00 -483.12
v 1444.78 94.00 -486.12
v 1443.30 94.00 -488.89
v 1441.31 94.00 -491.31
v 1438.89 94.00 -493.30
v 1436.12 94.00 -494.78
v 1433.12 94.00 -495.69
v 1430.00 92.00 -536.00
v 1426.88 92.00 -535.69
v 1423.88 92.00 -534.78
v 1421.11 92.00 -533.30
v 1418.69 92.00 -531.31
v 1416.70 92.00 -528.89
v 1415.22 92.00 -526.12
v 1414.31 92.00 -523.12
v 1414.00 92.00 -520.00
v 1414.31 92.00 -516.88
v 1415.22 92.00 -513.88
v 1416.70 92.00 -511.11
v 1418.69 92.00 -508.69
v 1421.11 92.00 -506.70
v 1423.88 92.00 -505.22
v 1426.88 92.00 -504.31
v 1430.00 92.00 -504.00
v 1433.12 92.00 -504.31
v 1436.12 92.00 -505.22
v 1438.89 92.00 -506.70
v 1441.31 92.00 -508.69
v 1443.30 92.00 -511.11
v 1444.78 92.00 -513.88
v 1445.69 92.00 -516.88
v 1446.00 92.00 -520.00
v 1445.69 92.00 -523.12
v 1444.78 92.00 -526.12
v 1443.30 92.00 -528.89
v 1441.31 92.00 -531.31
v 1438.89 92.00 -533.30
v 1436.12 92.00 -534.78
v 1433.12 92.00 -535.69
v 1430.00 94.00 -536.00
v 1426.88 94.00 -535.69
v 1423.88 94.00 -534.78
v 1421.11 94.00 -533.30
v 1418.69 94.00 -531.31
v 1416.70 94.00 -528.89
v 1415.22 94.00 -526.12
v 1414.31 94.00 -523.12
v 1414.00 94.00 -520.00
v 1414.31 94.00 -516.88
v 1415.22 94.00 -513.88
v 1416.70 94.00 -511.11
v 1418.69 94.00 -508.69
v 1421.11 94.00 -506.70
v 1423.88 94.00 -505.22
v 1426.88 94.00 -504.31
v 1430.00 94.00 -504.00
v 1433.12 94.00 -504.31
v 1436.12 94.00 -505.22
v 1438.89 94.00 -506.70
v 1441.31 94.00 -508.69
v 1443.30 94.00 -511.11
v 1444.78 94.00 -513.88
v 1445.69 94.00 -516.88
v 1446.00 94.00 -520.00
v 1445.69 94.00 -523.12
v 1444.78 94.00 -526.12
v 1443.30 94.00 -528.89
v 1441.31 94.00 -531.31
v 1438.89 94.00 -533.30
v 1436.12 94.00 -534.78
v 1433.12 94.00 -535.69
v 1430.00 92.00 -576.00
v 1426.88 92.00 -575.69
v 1423.88 92.00 -574.78
v 1421.11 92.00 -573.30
v 1418.69 92.00 -571.31
v 1416.70 92.00 -568.89
v 1415.22 92.00 -566.12
v 1414.31 92.00 -563.12
v 1414.00 92.00 -560.00
v 1414.31 92.00 -556.88
v 1415.22 92.00 -553.88
v 1416.70 92.00 -551.11
v 1418.69 92.00 -548.69
v 1421.11 92.00 -546.70
v 1423.88 92.00 -545.22
v 1426.88 92.00 -544.31
v 1430.00 92.00 -544.00
v 1433.12 92.00 -544.31
v 1436.12 92.00 -545.22
v 1438.89 92.00 -546.70
v 1441.31 92.00 -548.69
v 1443.30 92.00 -551.11
v 1444.78 92.00 -553.88
v 1445.69 92.00 -556.88
v 1446.00 92.00 -560.00
v 1445.69 92.00 -563.12
v 1444.78 92.00 -566.12
v 1443.30 92.00 -568.89
v 1441.31 92.00 -571.31
v 1438.89 92.00 -573.30
v 1436.12 92.00 -574.78
v 1433.12 92.00 -575.69
v 1430.00 94.00 -576.00
v 1426.88 94.00 -575.69
v 1423.88 94.00 -574.78
v 1421.11 94.00 -573.30
v 1418.69 94.00 -571.31
v 1416.70 94.00 -568.89
v 1415.22 94.00 -566.12
v 1414.31 94.00 -563.12
v 1414.00 94.00 -560.00
v 1414.31 94.00 -556.88
v 1415.22 94.00 -553.88
v 1416.70 94.00 -551.11
v 1418.69 94.00 -548.69
v 1421.11 94.00 -546.70
v 1423.88 94.00 -545.22
v 1426.88 94.00 -544.31
v 1430.00 94.00 -544.00
v 1433.12 94.00 -544.31
v 1436.12 94.00 -545.22
v 1438.89 94.00 -546.70
v 1441.31 94.00 -548.69
v 1443.30 94.00 -551.11
v 1444.78 94.00 -553.88
v 1445.69 94.00 -556.88
v 1446.00 94.00 -560.00
v 1445.69 94.00 -563.12
v 1444.78 94.00 -566.12
v 1443.30 94.00 -568.89
v 1441.31 94.00 -571.31
v 1438.89 94.00 -573.30
v 1436.12 94.00 -574.78
v 1433.12 94.00 -575.69
v 1430.00 92.00 -616.00
v 1426.88 92.00 -615.69
v 1423.88 92.00 -614.78
v 1421.11 92.00 -613.30
v 1418.69 92.00 -611.31
v 1416.70 92.00 -608.89
v 1415.22 92.00 -606.12
v 1414.31 92.00 -603.12
v 1414.00 92.00 -600.00
v 1414.31 92.00 -596.88
v 1415.22 92.00 -593.88
v 1416.70 92.00 -591.11
v 1418.69 92.00 -588.69
v 1421.11 92.00 -586.70
v 1423.88 92.00 -585.22
v 1426.88 92.00 -584.31
v 1430.00 92.00 -584.00
v 1433.12 92.00 -584.31
v 1436.12 92.00 -585.22
v 1438.89 92.00 -586.70
v 1441.31 92.00 -588.69
v 1443.30 92.00 -591.11
v 1444.78 92.00 -593.88
v 1445.69 92.00 -596.88
v 1446.00 92.00 -600.00
v 1445.69 92.00 -603.12
v 1444.78 92.00 -606.12
v 1443.30 92.00 -608.89
v 1441.31 92.00 -611.31
v 1438.89 92.00 -613.30
v 1436.12 92.00 -614.78
v 1433.12 92.00 -615.69
v 1430.00 94.00 -616.00
v 1426.88 94.00 -615.69
v 1423.88 94.00 -614.78
v 1421.11 94.00 -613.30
v 1418.69 94.00 -611.31
v 1416.70 94.00 -608.89
v 1415.22 94.00 -606.12
v 1414.31 94.00 -603.12
v 1414.00 94.00 -600.00
v 1414.31 94.00 -596.88
v 1415.22 94.00 -593.88
v 1416.70 94.00 -591.11
v 1418.69 94.00 -588.69
v 1421.11 94.00 -586.70
v 1423.88 94.00 -585.22
v 1426.88 94.00 -584.31
v 1430.00 94.00 -584.00
v 1433.12 94.00 -584.31
v 1436.12 94.00 -585.22
v 1438.89 94.00 -586.70
v 1441.31 94.00 -588.69
v 1443.30 94.00 -591.11
v 1444.78 94.00 -593.88
v 1445.69 94.00 -596.88
v 1446.00 94.00 -600.00
v 1445.69 94.00 -603.12
v 1444.78 94.00 -606.12
v 1443.30 94.00 -608.89
v 1441.31 94.00 -611.31
v 1438.89 94.00 -613.30
v 1436.12 94.00 -614.78
v 1433.12 94.00 -615.69
v 1430.00 92.00 -656.00
v 1426.88 92.00 -655.69
v 1423.88 92.00 -654.78
v 1421.11 92.00 -653.30
v 1418.69 92.00 -651.31
v 1416.70 92.00 -648.89
v 1415.22 92.00 -646.12
v 1414.31 92.00 -643.12
v 1414.00 92.00 -640.00
v 1414.31 92.00 -636.88
v 1415.22 92.00 -633.88
v 1416.70 92.00 -631.11
v 1418.69 92.00 -628.69
v 1421.11 92.00 -626.70
v 1423.88 92.00 -625.22
v 1426.88 92.00 -624.31
v 1430.00 92.00 -624.00
v 1433.12 92.00 -624.31
v 1436.12 92.00 -625.22
v 1438.89 92.00 -626.70
v 1441.31 92.00 -628.69
v 1443.30 92.00 -631.11
v 1444.78 92.00 -633.88
v 1445.69 92.00 -636.88
v 1446.00 92.00 -640.00
v 1445.69 92.00 -643.12
v 1444.78 92.00 -646.12
v 1443.30 92.00 -648.89
v 1441.31 92.00 -651.31
v 1438.89 92.00 -653.30
v 1436.12 92.00 -654.78
v 1433.12 92.00 -655.69
v 1430.00 94.00 -656.00
v 1426.88 94.00 -655.69
v 1423.88 94.00 -654.78
v 1421.11 94.00 -653.30
v 1418.69 94.00 -651.31
v 1416.70 94.00 -648.89
v 1415.22 94.00 -646.12
v 1414.31 94.00 -643.12
v 1414.00 94.00 -640.00
v 1414.31 94.00 -636.88
v 1415.22 94.00 -633.88
v 1416.70 94.00 -631.11
v 1418.69 94.00 -628.69
v 1421.11 94.00 -626.70
v 1423.88 94.00 -625.22
v 1426.88 94.00 -624.31
v 1430.00 94.00 -624.00
v 1433.12 94.00 -624.31
v 1436.12 94.00 -625.22
v 1438.89 94.00 -626.70
v 1441.31 94.00 -628.69
v 1443.30 94.00 -631.11
v 1444.78 94.00 -633.88
v 1445.69 94.00 -636.88
v 1446.00 94.00 -640.00
v 1445.69 94.00 -643.12
v 1444.78 94.00 -646.12
v 1443.30 94.00 -648.89
v 1441.31 94.00 -651.31
v 1438.89 94.00 -653.30
v 1436.12 94.00 -654.78
v 1433.12 94.00 -655.69
v 1430.00 92.00 -696.00
v 1426.88 92.00 -695.69
v 1423.88 92.00 -694.78
v 1421.11 92.00 -693.30
v 1418.69 92.00 -691.31
v 1416.70 92.00 -688.89
v 1415.22 92.00 -686.12
v 1414.31 92.00 -683.12
v 1414.00 92.00 -680.00
v 1414.31 92.00 -676.88
v 1415.22 92.00 -673.88
v 1416.70 92.00 -671.11
v 1418.69 92.00 -668.69
v 1421.11 92.00 -666.70
v 1423.88 92.00 -665.22
v 1426.88 92.00 -664.31
v 1430.00 92.00 -664.00
v 1433.12 92.00 -664.31
v 1436.12 92.00 -665.22
v 1438.89 92.00 -666.70
v 1441.31 92.00 -668.69
v 1443.30 92.00 -671.11
v 1444.78 92.00 -673.88
v 1445.69 92.00 -676.88
v 1446.00 92.00 -680.00
v 1445.69 92.00 -683.12
v 1444.78 92.00 -686.12
v 1443.30 92.00 -688.89
v 1441.31 92.00 -691.31
v 1438.89 92.00 -693.30
v 1436.12 92.00 -694.78
v 1433.12 92.00 -695.69
v 1430.00 94.00 -696.00
v 1426.88 94.00 -695.69
v 1423.88 94.00 -694.78
v 1421.11 94.00 -693.30
v 1418.69 94.00 -691.31
v 1416.70 94.00 -688.89
v 1415.22 94.00 -686.12
v 1414.31 94.00 -683.12
v 1414.00 94.00 -680.00
v 1414.31 94.00 -676.88
v 1415.22 94.00 -673.88
v 1416.70 94.00 -671.11
v 1418.69 94.00 -668.69
v 1421.11 94.00 -666.70
v 1423.88 94.00 -665.22
v 1426.88 94.00 -664.31
v 1430.00 94.00 -664.00
v 1433.12 94.00 -664.31
v 1436.12 94.00 -665.22
v 1438.89 94.00 -666.70
v 1441.31 94.00 -668.69
v 1443.30 94.00 -671.11
v 1444.78 94.00 -673.88
v 1445.69 94.00 -676.88
v 1446.00 94.00 -680.00
v 1445.69 94.00 -683.12
v 1444.78 94.00 -686.12
v 1443.30 94.00 -688.89
v 1441.31 94.00 -691.31
v 1438.89 94.00 -693.30
v 1436.12 94.00 -694.78
v 1433.12 94.00 -695.69
v 1430.00 92.00 -736.00
v 1426.88 92.00 -735.69
v 1423.88 92.00 -734.78
v 1421.11 92.00 -733.30
v 1418.69 92.00 -731.31
v 1416.70 92.00 -728.89
v 1415.22 92.00 -726.12
v 1414.31 92.00 -723.12
v 1414.00 92.00 -720.00
v 1414.31 92.00 -716.88
v 1415.22 92.00 -713.88
v 1416.70 92.00 -711.11
v 1418.69 92.00 -708.69
v 1421.11 92.00 -706.70
v 1423.88 92.00 -705.22
v 1426.88 92.00 -704.31
v 1430.00 92.00 -704.00
v 1433.12 92.00 -704.31
v 1436.12 92.00 -705.22
v 1438.89 92.00 -706.70
v 1441.31 92.00 -708.69
v 1443.30 92.00 -711.11
v 1444.78 92.00 -713.88
v 1445.69 92.00 -716.88
v 1446.00 92.00 -720.00
v 1445.69 92.00 -723.12
v 1444.78 92.00 -726.12
v 1443.30 92.00 -728.89
v 1441.31 92.00 -731.31
v 1438.89 92.00 -733.30
v 1436.12 92.00 -734.78
v 1433.12 92.00 -735.69
v 1430.00 94.00 -736.00
v 1426.88 94.00 -735.69
v 1423.88 94.00 -734.78
v 1421.11 94.00 -733.30
v 1418.69 94.00 -731.31
v 1416.70 94.00 -728.89
v 1415.22 94.00 -726.12
v 1414.31 94.00 -723.12
v 1414.00 94.00 -720.00
v 1414.31 94.00 -716.88
v 1415.22 94.00 -713.88
v 1416.70 94.00 -711.11
v 1418.69 94.00 -708.69
v 1421.11 94.00 -706.70
v 1423.88 94.00 -705.22
v 1426.88 94.00 -704.31
v 1430.00 94.00 -704.00
v 1433.12 94.00 -704.31
v 1436.12 94.00 -705.22
v 1438.89 94.00 -706.70
v 1441.31 94.00 -708.69
v 1443.30 94.00 -711.11
v 1444.78 94.00 -713.88
v 1445.69 94.00 -716.88
v 1446.00 94.00 -720.00
v 1445.69 94.00 -723.12
v 1444.78 94.00 -726.12
v 1443.30 94.00 -728.89
v 1441.31 94.00 -731.31
v 1438.89 94.00 -733.30
v 1436.12 94.00 -734.78
v 1433.12 94.00 -735.69
v 1430.00 92.00 -776.00
v 1426.88 92.00 -775.69
v 1423.88 92.00 -774.78
v 1421.11 92.00 -773.30
v 1418.69 92.00 -771.31
v 1416.70 92.00 -768.89
v 1415.22 92.00 -766.12
v 1414.31 92.00 -763.12
v 1414.00 92.00 -760.00
v 1414.31 92.00 -756.88
v 1415.22 92.00 -753.88
v 1416.70 92.00 -751.11
v 1418.69 92.00 -748.69
v 1421.11 92.00 -746.70
v 1423.88 92.00 -745.22
v 1426.88 92.00 -744.31
v 1430.00 92.00 -744.00
v 1433.12 92.00 -744.31
v 1436.12 92.00 -745.22
v 1438.89 92.00 -746.70
v 1441.31 92.00 -748.69
v 1443.30 92.00 -751.11
v 1444.78 92.00 -753.88
v 1445.69 92.00 -756.88
v 1446.00 92.00 -760.00
v 1445.69 92.00 -763.12
v 1444.78 92.00 -766.12
v 1443.30 92.00 -768.89
v 1441.31 92.00 -771.31
v 1438.89 92.00 -773.30
v 1436.12 92.00 -774.78
v 1433.12 92.00 -775.69
v 1430.00 94.00 -776.00
v 1426.88 94.00 -775.69
v 1423.88 94.00 -774.78
v 1421.11 94.00 -773.30
v 1418.69 94.00 -771.31
v 1416.70 94.00 -768.89
v 1415.22 94.00 -766.12
v 1414.31 94.00 -763.12
v 1414.00 94.00 -760.00
v 1414.31 94.00 -756.88
v 1415.22 94.00 -753.88
v 1416.70 94.00 -751.11
v 1418.69 94.00 -748.69
v 1421.11 94.00 -746.70
v 1423.88 94.00 -745.22
v 1426.88 94.00 -744.31
v 1430.00 94.00 -744.00
v 1433.12 94.00 -744.31
v 1436.12 94.00 -745.22
v 1438.89 94.00 -746.70
v 1441.31 94.00 -748.69
v 1443.30 94.00 -751.11
v 1444.78 94.00 -753.88
v 1445.69 94.00 -756.88
v 1446.00 94.00 -760.00
v 1445.69 94.00 -763.12
v 1444.78 94.00 -766.12
v 1443.30 94.00 -768.89
v 1441.31 94.00 -771.31
v 1438.89 94.00 -773.30
v 1436.12 94.00 -774.78
v 1433.12 94.00 -775.69
v 610.00 0.00 -325.00
v 650.00 0.00 -325.00
v 610.00 0.00 -365.00
v 650.00 0.00 -365.00
v 610.00 24.00 -325.00
v 650.00 24.00 -325.00
v 610.00 24.00 -365.00
v 650.00 24.00 -365.00
v 620.00 24.00 -335.00
v 640.00 24.00 -335.00
v 620.00 24.00 -355.00
v 640.00 24.00 -355.00
v 620.00 38.00 -335.00
v 640.00 38.00 -335.00
v 620.00 38.00 -355.00
v 640.00 38.00 -355.00
v 658.00 0.00 -330.00
v 676.00 0.00 -330.00
v 658.00 0.00 -352.00
v 676.00 0.00 -352.00
v 658.00 16.00 -330.00
v 676.00 16.00 -330.00
v 658.00 16.00 -352.00
v 676.00 16.00 -352.00
v 625.00 14.00 -378.00
v 635.00 14.00 -378.00
v 625.00 14.00 -392.00
v 635.00 14.00 -392.00
v 625.00 26.00 -378.00
v 635.00 26.00 -378.00
v 625.00 26.00 -392.00
v 635.00 26.00 -392.00
v 568.00 0.00 -300.00
v 584.00 0.00 -300.00
v 568.00 0.00 -366.00
v 584.00 0.00 -366.00
v 568.00 12.00 -300.00
v 584.00 12.00 -300.00
v 568.00 12.00 -366.00
v 584.00 12.00 -366.00
v 692.00 0.00 -300.00
v 707.00 0.00 -300.00
v 692.00 0.00 -366.00
v 707.00 0.00 -366.00
v 692.00 12.00 -300.00
v 707.00 12.00 -300.00
v 692.00 12.00 -366.00
v 707.00 12.00 -366.00
v 678.00 0.00 -352.00
v 688.00 0.00 -352.00
v 678.00 0.00 -368.00
v 688.00 0.00 -368.00
v 678.00 14.00 -352.00
v 688.00 14.00 -352.00
v 678.00 14.00 -368.00
v 688.00 14.00 -368.00
v 602.00 0.00 -318.00
v 604.00 0.00 -318.00
v 602.00 0.00 -368.00
v 604.00 0.00 -368.00
v 602.00 30.00 -318.00
v 604.00 30.00 -318.00
v 602.00 30.00 -368.00
v 604.00 30.00 -368.00
v 552.00 0.00 -612.00
v 584.00 0.00 -612.00
v 552.00 0.00 -652.00
v 584.00 0.00 -652.00
v 552.00 14.00 -612.00
v 584.00 14.00 -612.00
v 552.00 14.00 -652.00
v 584.00 14.00 -652.00
v 555.00 0.00 -664.00
v 567.00 0.00 -664.00
v 555.00 0.00 -676.00
v 567.00 0.00 -676.00
v 555.00 10.00 -664.00
v 567.00 10.00 -664.00
v 555.00 10.00 -676.00
v 567.00 10.00 -676.00
v 770.00 0.00 -325.00
v 810.00 0.00 -325.00
v 770.00 0.00 -365.00
v 810.00 0.00 -365.00
v 770.00 24.00 -325.00
v 810.00 24.00 -325.00
v 770.00 24.00 -365.00
v 810.00 24.00 -365.00
v 780.00 24.00 -335.00
v 800.00 24.00 -335.00
v 780.00 24.00 -355.00
v 800.00 24.00 -355.00
v 780.00 38.00 -335.00
v 800.00 38.00 -335.00
v 780.00 38.00 -355.00
v 800.00 38.00 -355.00
v 818.00 0.00 -330.00
v 836.00 0.00 -330.00
v 818.00 0.00 -352.00
v 836.00 0.00 -352.00
v 818.00 16.00 -330.00
v 836.00 16.00 -330.00
v 818.00 16.00 -352.00
v 836.00 16.00 -352.00
v 785.00 14.00 -378.00
v 795.00 14.00 -378.00
v 785.00 14.00 -392.00
v 795.00 14.00 -392.00
v 785.00 26.00 -378.00
v 795.00 26.00 -378.00
v 785.00 26.00 -392.00
v 795.00 26.00 -392.00
v 728.00 0.00 -300.00
v 744.00 0.00 -300.00
v 728.00 0.00 -366.00
v 744.00 0.00 -366.00
v 728.00 12.00 -300.00
v 744.00 12.00 -300.00
v 728.00 12.00 -366.00
v 744.00 12.00 -366.00
v 852.00 0.00 -300.00
v 867.00 0.00 -300.00
v 852.00 0.00 -366.00
v 867.00 0.00 -366.00
v 852.00 12.00 -300.00
v 867.00 12.00 -300.00
v 852.00 12.00 -366.00
v 867.00 12.00 -366.00
v 838.00 0.00 -352.00
v 848.00 0.00 -352.00
v 838.00 0.00 -368.00
v 848.00 0.00 -368.00
v 838.00 14.00 -352.00
v 848.00 14.00 -352.00
v 838.00 14.00 -368.00
v 848.00 14.00 -368.00
v 762.00 0.00 -318.00
v 764.00 0.00 -318.00
v 762.00 0.00 -368.00
v 764.00 0.00 -368.00
v 762.00 30.00 -318.00
v 764.00 30.00 -318.00
v 762.00 30.00 -368.00
v 764.00 30.00 -368.00
v 712.00 0.00 -612.00
v 744.00 0.00 -612.00
v 712.00 0.00 -652.00
v 744.00 0.00 -652.00
v 712.00 14.00 -612.00
v 744.00 14.00 -612.00
v 712.00 14.00 -652.00
v 744.00 14.00 -652.00
v 715.00 0.00 -664.00
v 727.00 0.00 -664.00
v 715.00 0.00 -676.00
v 727.00 0.00 -676.00
v 715.00 10.00 -664.00
v 727.00 10.00 -664.00
v 715.00 10.00 -676.00
v 727.00 10.00 -676.00
v 930.00 0.00 -325.00
v 970.00 0.00 -325.00
v 930.00 0.00 -365.00
v 970.00 0.00 -365.00
v 930.00 24.00 -325.00
v 970.00 24.00 -325.00
v 930.00 24.00 -365.00
v 970.00 24.00 -365.00
v 940.00 24.00 -335.00
v 960.00 24.00 -335.00
v 940.00 24.00 -355.00
v 960.00 24.00 -355.00
v 940.00 38.00 -335.00
v 960.00 38.00 -335.00
v 940.00 38.00 -355.00
v 960.00 38.00 -355.00
v 978.00 0.00 -330.00
v 996.00 0.00 -330.00
v 978.00 0.00 -352.00
v 996.00 0.00 -352.00
v 978.00 16.00 -330.00
v 996.00 16.00 -330.00
v 978.00 16.00 -352.00
v 996.00 16.00 -352.00
v 945.00 14.00 -378.00
v 955.00 14.00 -378.00
v 945.00 14.00 -392.00
v 955.00 14.00 -392.00
v 945.00 26.00 -378.00
v 955.00 26.00 -378.00
v 945.00 26.00 -392.00
v 955.00 26.00 -392.00
v 888.00 0.00 -300.00
v 904.00 0.00 -300.00
v 888.00 0.00 -366.00
v 904.00 0.00 -366.00
v 888.00 12.00 -300.00
v 904.00 12.00 -300.00
v 888.00 12.00 -366.00
v 904.00 12.00 -366.00
v 1012.00 0.00 -300.00
v 1027.00 0.00 -300.00
v 1012.00 0.00 -366.00
v 1027.00 0.00 -366.00
v 1012.00 12.00 -300.00
v 1027.00 12.00 -300.00
v 1012.00 12.00 -366.00
v 1027.00 12.00 -366.00
v 998.00 0.00 -352.00
v 1008.00 0.00 -352.00
v 998.00 0.00 -368.00
v 1008.00 0.00 -368.00
v 998.00 14.00 -352.00
v 1008.00 14.00 -352.00
v 998.00 14.00 -368.00
v 1008.00 14.00 -368.00
v 922.00 0.00 -318.00
v 924.00 0.00 -318.00
v 922.00 0.00 -368.00
v 924.00 0.00 -368.00
v 922.00 30.00 -318.00
v 924.00 30.00 -318.00
v 922.00 30.00 -368.00
v 924.00 30.00 -368.00
v 872.00 0.00 -612.00
v 904.00 0.00 -612.00
v 872.00 0.00 -652.00
v 904.00 0.00 -652.00
v 872.00 14.00 -612.00
v 904.00 14.00 -612.00
v 872.00 14.00 -652.00
v 904.00 14.00 -652.00
v 875.00 0.00 -664.00
v 887.00 0.00 -664.00
v 875.00 0.00 -676.00
v 887.00 0.00 -676.00
v 875.00 10.00 -664.00
v 887.00 10.00 -664.00
v 875.00 10.00 -676.00
v 887.00 10.00 -676.00
v 1030.00 0.00 -320.00
v 1072.00 0.00 -320.00
v 1030.00 0.00 -370.00
v 1072.00 0.00 -370.00
v 1030.00 24.00 -320.00
v 1072.00 24.00 -320.00
v 1030.00 24.00 -370.00
v 1072.00 24.00 -370.00
v 1041.00 24.00 -335.00
v 1061.00 24.00 -335.00
v 1041.00 24.00 -355.00
v 1061.00 24.00 -355.00
v 1041.00 38.00 -335.00
v 1061.00 38.00 -335.00
v 1041.00 38.00 -355.00
v 1061.00 38.00 -355.00
v 1009.00 0.00 -318.00
v 1011.00 0.00 -318.00
v 1009.00 0.00 -368.00
v 1011.00 0.00 -368.00
v 1009.00 30.00 -318.00
v 1011.00 30.00 -318.00
v 1009.00 30.00 -368.00
v 1011.00 30.00 -368.00
v 1046.00 14.00 -378.00
v 1056.00 14.00 -378.00
v 1046.00 14.00 -392.00
v 1056.00 14.00 -392.00
v 1046.00 26.00 -378.00
v 1056.00 26.00 -378.00
v 1046.00 26.00 -392.00
v 1056.00 26.00 -392.00
v 410.00 0.00 -600.00
v 474.00 0.00 -600.00
v 410.00 0.00 -780.00
v 474.00 0.00 -780.00
v 410.00 24.00 -600.00
v 474.00 24.00 -600.00
v 410.00 24.00 -780.00
v 474.00 24.00 -780.00
v 410.00 0.00 -786.00
v 430.00 0.00 -786.00
v 410.00 0.00 -802.00
v 430.00 0.00 -802.00
v 410.00 14.00 -786.00
v 430.00 14.00 -786.00
v 410.00 14.00 -802.00
v 430.00 14.00 -802.00
v 410.00 0.00 -808.00
v 430.00 0.00 -808.00
v 410.00 0.00 -824.00
v 430.00 0.00 -824.00
v 410.00 14.00 -808.00
v 430.00 14.00 -808.00
v 410.00 14.00 -824.00
v 430.00 14.00 -824.00
v 436.00 0.00 -786.00
v 448.00 0.00 -786.00
v 436.00 0.00 -798.00
v 448.00 0.00 -798.00
v 436.00 10.00 -786.00
v 448.00 10.00 -786.00
v 436.00 10.00 -798.00
v 448.00 10.00 -798.00
v 436.00 0.00 -808.00
v 448.00 0.00 -808.00
v 436.00 0.00 -820.00
v 448.00 0.00 -820.00
v 436.00 10.00 -808.00
v 448.00 10.00 -808.00
v 436.00 10.00 -820.00
v 448.00 10.00 -820.00
v 1035.00 0.00 -572.00
v 1100.00 0.00 -572.00
v 1035.00 0.00 -612.00
v 1100.00 0.00 -612.00
v 1035.00 14.00 -572.00
v 1100.00 14.00 -572.00
v 1035.00 14.00 -612.00
v 1100.00 14.00 -612.00
v 1053.00 0.00 -626.00
v 1065.00 0.00 -626.00
v 1053.00 0.00 -638.00
v 1065.00 0.00 -638.00
v 1053.00 10.00 -626.00
v 1065.00 10.00 -626.00
v 1053.00 10.00 -638.00
v 1065.00 10.00 -638.00
v 1135.00 0.00 -308.00
v 1255.00 0.00 -308.00
v 1135.00 0.00 -368.00
v 1255.00 0.00 -368.00
v 1135.00 16.00 -308.00
v 1255.00 16.00 -308.00
v 1135.00 16.00 -368.00
v 1255.00 16.00 -368.00
v 1266.00 0.00 -310.00
v 1278.00 0.00 -310.00
v 1266.00 0.00 -324.00
v 1278.00 0.00 -324.00
v 1266.00 10.00 -310.00
v 1278.00 10.00 -310.00
v 1266.00 10.00 -324.00
v 1278.00 10.00 -324.00
v 1292.00 0.00 -310.00
v 1304.00 0.00 -310.00
v 1292.00 0.00 -324.00
v 1304.00 0.00 -324.00
v 1292.00 10.00 -310.00
v 1304.00 10.00 -310.00
v 1292.00 10.00 -324.00
v 1304.00 10.00 -324.00
v 1266.00 0.00 -340.00
v 1278.00 0.00 -340.00
v 1266.00 0.00 -354.00
v 1278.00 0.00 -354.00
v 1266.00 10.00 -340.00
v 1278.00 10.00 -340.00
v 1266.00 10.00 -354.00
v 1278.00 10.00 -354.00
v 1292.00 0.00 -340.00
v 1304.00 0.00 -340.00
v 1292.00 0.00 -354.00
v 1304.00 0.00 -354.00
v 1292.00 10.00 -340.00
v 1304.00 10.00 -340.00
v 1292.00 10.00 -354.00
v 1304.00 10.00 -354.00
v 1320.00 0.00 -308.00
v 1445.00 0.00 -308.00
v 1320.00 0.00 -368.00
v 1445.00 0.00 -368.00
v 1320.00 0.60 -308.00
v 1445.00 0.60 -308.00
v 1320.00 0.60 -368.00
v 1445.00 0.60 -368.00
v 412.00 0.00 -338.00
v 462.00 0.00 -338.00
v 412.00 0.00 -350.00
v 462.00 0.00 -350.00
v 412.00 15.00 -338.00
v 462.00 15.00 -338.00
v 412.00 15.00 -350.00
v 462.00 15.00 -350.00
v 468.00 0.00 -338.00
v 518.00 0.00 -338.00
v 468.00 0.00 -350.00
v 518.00 0.00 -350.00
v 468.00 15.00 -338.00
v 518.00 15.00 -338.00
v 468.00 15.00 -350.00
v 518.00 15.00 -350.00
v 569.00 0.00 -852.00
v 575.00 0.00 -852.00
v 569.00 0.00 -855.00
v 575.00 0.00 -855.00
v 569.00 7.00 -852.00
v 575.00 7.00 -852.00
v 569.00 7.00 -855.00
v 575.00 7.00 -855.00
v 912.00 0.00 -1450.00
v 918.00 0.00 -1450.00
v 912.00 0.00 -1453.00
v 918.00 0.00 -1453.00
v 912.00 7.00 -1450.00
v 918.00 7.00 -1450.00
v 912.00 7.00 -1453.00
v 918.00 7.00 -1453.00
v 605.00 0.00 -1541.00
v 611.00 0.00 -1541.00
v 605.00 0.00 -1544.00
v 611.00 0.00 -1544.00
v 605.00 7.00 -1541.00
v 611.00 7.00 -1541.00
v 605.00 7.00 -1544.00
v 611.00 7.00 -1544.00
v 1600.00 0.00 -1444.00
v 1606.00 0.00 -1444.00
v 1600.00 0.00 -1447.00
v 1606.00 0.00 -1447.00
v 1600.00 7.00 -1444.00
v 1606.00 7.00 -1444.00
v 1600.00 7.00 -1447.00
v 1606.00 7.00 -1447.00
v 1541.00 0.00 -1478.00
v 1545.00 0.00 -1478.00
v 1541.00 0.00 -1481.00
v 1545.00 0.00 -1481.00
v 1541.00 6.00 -1478.00
v 1545.00 6.00 -1478.00
v 1541.00 6.00 -1481.00
v 1545.00 6.00 -1481.00
v 655.00 0.00 -1578.00
v 659.00 0.00 -1578.00
v 655.00 0.00 -1582.00
v 659.00 0.00 -1582.00
v 655.00 6.00 -1578.00
v 659.00 6.00 -1578.00
v 655.00 6.00 -1582.00
v 659.00 6.00 -1582.00
v 1030.00 0.00 -700.00
v 1100.00 0.00 -700.00
v 1030.00 0.00 -745.00
v 1100.00 0.00 -745.00
v 1030.00 14.00 -700.00
v 1100.00 14.00 -700.00
v 1030.00 14.00 -745.00
v 1100.00 14.00 -745.00
v 1030.00 0.00 -760.00
v 1100.00 0.00 -760.00
v 1030.00 0.00 -781.00
v 1100.00 0.00 -781.00
v 1030.00 12.00 -760.00
v 1100.00 12.00 -760.00
v 1030.00 12.00 -781.00
v 1100.00 12.00 -781.00
v 1030.00 0.00 -784.00
v 1100.00 0.00 -784.00
v 1030.00 0.00 -805.00
v 1100.00 0.00 -805.00
v 1030.00 12.00 -784.00
v 1100.00 12.00 -784.00
v 1030.00 12.00 -805.00
v 1100.00 12.00 -805.00
v 1182.00 0.00 -809.00
v 1218.00 0.00 -809.00
v 1182.00 0.00 -827.00
v 1218.00 0.00 -827.00
v 1182.00 7.00 -809.00
v 1218.00 7.00 -809.00
v 1182.00 7.00 -827.00
v 1218.00 7.00 -827.00
v 1235.00 0.00 -797.00
v 1265.00 0.00 -797.00
v 1235.00 0.00 -817.00
v 1265.00 0.00 -817.00
v 1235.00 7.00 -797.00
v 1265.00 7.00 -797.00
v 1235.00 7.00 -817.00
v 1265.00 7.00 -817.00
v 1283.00 0.00 -807.00
v 1313.00 0.00 -807.00
v 1283.00 0.00 -827.00
v 1313.00 0.00 -827.00
v 1283.00 7.00 -807.00
v 1313.00 7.00 -807.00
v 1283.00 7.00 -827.00
v 1313.00 7.00 -827.00
v 1326.00 6.00 -792.00
v 1446.00 6.00 -792.00
v 1326.00 6.00 -828.00
v 1446.00 6.00 -828.00
v 1326.00 16.00 -792.00
v 1446.00 16.00 -792.00
v 1326.00 16.00 -828.00
v 1446.00 16.00 -828.00
v 1155.00 0.00 -826.00
v 1152.27 0.00 -825.73
v 1149.64 0.00 -824.93
v 1147.22 0.00 -823.64
v 1145.10 0.00 -821.90
v 1143.36 0.00 -819.78
v 1142.07 0.00 -817.36
v 1141.27 0.00 -814.73
v 1141.00 0.00 -812.00
v 1141.27 0.00 -809.27
v 1142.07 0.00 -806.64
v 1143.36 0.00 -804.22
v 1145.10 0.00 -802.10
v 1147.22 0.00 -800.36
v 1149.64 0.00 -799.07
v 1152.27 0.00 -798.27
v 1155.00 0.00 -798.00
v 1157.73 0.00 -798.27
v 1160.36 0.00 -799.07
v 1162.78 0.00 -800.36
v 1164.90 0.00 -802.10
v 1166.64 0.00 -804.22
v 1167.93 0.00 -806.64
v 1168.73 0.00 -809.27
v 1169.00 0.00 -812.00
v 1168.73 0.00 -814.73
v 1167.93 0.00 -817.36
v 1166.64 0.00 -819.78
v 1164.90 0.00 -821.90
v 1162.78 0.00 -823.64
v 1160.36 0.00 -824.93
v 1157.73 0.00 -825.73
v 1155.00 30.00 -826.00
v 1152.27 30.00 -825.73
v 1149.64 30.00 -824.93
v 1147.22 30.00 -823.64
v 1145.10 30.00 -821.90
v 1143.36 30.00 -819.78
v 1142.07 30.00 -817.36
v 1141.27 30.00 -814.73
v 1141.00 30.00 -812.00
v 1141.27 30.00 -809.27
v 1142.07 30.00 -806.64
v 1143.36 30.00 -804.22
v 1145.10 30.00 -802.10
v 1147.22 30.00 -800.36
v 1149.64 30.00 -799.07
v 1152.27 30.00 -798.27
v 1155.00 30.00 -798.00
v 1157.73 30.00 -798.27
v 1160.36 30.00 -799.07
v 1162.78 30.00 -800.36
v 1164.90 30.00 -802.10
v 1166.64 30.00 -804.22
v 1167.93 30.00 -806.64
v 1168.73 30.00 -809.27
v 1169.00 30.00 -812.00
v 1168.73 30.00 -814.73
v 1167.93 30.00 -817.36
v 1166.64 30.00 -819.78
v 1164.90 30.00 -821.90
v 1162.78 30.00 -823.64
v 1160.36 30.00 -824.93
v 1157.73 30.00 -825.73
v 460.00 23.00 -826.00
v 1300.00 23.00 -826.00
v 460.00 23.00 -850.00
v 1300.00 23.00 -850.00
v 460.00 37.00 -826.00
v 1300.00 37.00 -826.00
v 460.00 37.00 -850.00
v 1300.00 37.00 -850.00
v 459.00 0.00 -826.00
v 461.00 0.00 -826.00
v 459.00 0.00 -828.00
v 461.00 0.00 -828.00
v 459.00 42.00 -826.00
v 461.00 42.00 -826.00
v 459.00 42.00 -828.00
v 461.00 42.00 -828.00
v 459.00 0.00 -848.00
v 461.00 0.00 -848.00
v 459.00 0.00 -850.00
v 461.00 0.00 -850.00
v 459.00 42.00 -848.00
v 461.00 42.00 -848.00
v 459.00 42.00 -850.00
v 461.00 42.00 -850.00
v 484.00 0.00 -826.00
v 486.00 0.00 -826.00
v 484.00 0.00 -828.00
v 486.00 0.00 -828.00
v 484.00 42.00 -826.00
v 486.00 42.00 -826.00
v 484.00 42.00 -828.00
v 486.00 42.00 -828.00
v 484.00 0.00 -848.00
v 486.00 0.00 -848.00
v 484.00 0.00 -850.00
v 486.00 0.00 -850.00
v 484.00 42.00 -848.00
v 486.00 42.00 -848.00
v 484.00 42.00 -850.00
v 486.00 42.00 -850.00
v 509.00 0.00 -826.00
v 511.00 0.00 -826.00
v 509.00 0.00 -828.00
v 511.00 0.00 -828.00
v 509.00 42.00 -826.00
v 511.00 42.00 -826.00
v 509.00 42.00 -828.00
v 511.00 42.00 -828.00
v 509.00 0.00 -848.00
v 511.00 0.00 -848.00
v 509.00 0.00 -850.00
v 511.00 0.00 -850.00
v 509.00 42.00 -848.00
v 511.00 42.00 -848.00
v 509.00 42.00 -850.00
v 511.00 42.00 -850.00
v 534.00 0.00 -826.00
v 536.00 0.00 -826.00
v 534.00 0.00 -828.00
v 536.00 0.00 -828.00
v 534.00 42.00 -826.00
v 536.00 42.00 -826.00
v 534.00 42.00 -828.00
v 536.00 42.00 -828.00
v 534.00 0.00 -848.00
v 536.00 0.00 -848.00
v 534.00 0.00 -850.00
v 536.00 0.00 -850.00
v 534.00 42.00 -848.00
v 536.00 42.00 -848.00
v 534.00 42.00 -850.00
v 536.00 42.00 -850.00
v 559.00 0.00 -826.00
v 561.00 0.00 -826.00
v 559.00 0.00 -828.00
v 561.00 0.00 -828.00
v 559.00 42.00 -826.00
v 561.00 42.00 -826.00
v 559.00 42.00 -828.00
v 561.00 42.00 -828.00
v 559.00 0.00 -848.00
v 561.00 0.00 -848.00
v 559.00 0.00 -850.00
v 561.00 0.00 -850.00
v 559.00 42.00 -848.00
v 561.00 42.00 -848.00
v 559.00 42.00 -850.00
v 561.00 42.00 -850.00
v 584.00 0.00 -826.00
v 586.00 0.00 -826.00
v 584.00 0.00 -828.00
v 586.00 0.00 -828.00
v 584.00 42.00 -826.00
v 586.00 42.00 -826.00
v 584.00 42.00 -828.00
v 586.00 42.00 -828.00
v 584.00 0.00 -848.00
v 586.00 0.00 -848.00
v 584.00 0.00 -850.00
v 586.00 0.00 -850.00
v 584.00 42.00 -848.00
v 586.00 42.00 -848.00
v 584.00 42.00 -850.00
v 586.00 42.00 -850.00
v 609.00 0.00 -826.00
v 611.00 0.00 -826.00
v 609.00 0.00 -828.00
v 611.00 0.00 -828.00
v 609.00 42.00 -826.00
v 611.00 42.00 -826.00
v 609.00 42.00 -828.00
v 611.00 42.00 -828.00
v 609.00 0.00 -848.00
v 611.00 0.00 -848.00
v 609.00 0.00 -850.00
v 611.00 0.00 -850.00
v 609.00 42.00 -848.00
v 611.00 42.00 -848.00
v 609.00 42.00 -850.00
v 611.00 42.00 -850.00
v 634.00 0.00 -826.00
v 636.00 0.00 -826.00
v 634.00 0.00 -828.00
v 636.00 0.00 -828.00
v 634.00 42.00 -826.00
v 636.00 42.00 -826.00
v 634.00 42.00 -828.00
v 636.00 42.00 -828.00
v 634.00 0.00 -848.00
v 636.00 0.00 -848.00
v 634.00 0.00 -850.00
v 636.00 0.00 -850.00
v 634.00 42.00 -848.00
v 636.00 42.00 -848.00
v 634.00 42.00 -850.00
v 636.00 42.00 -850.00
v 659.00 0.00 -826.00
v 661.00 0.00 -826.00
v 659.00 0.00 -828.00
v 661.00 0.00 -828.00
v 659.00 42.00 -826.00
v 661.00 42.00 -826.00
v 659.00 42.00 -828.00
v 661.00 42.00 -828.00
v 659.00 0.00 -848.00
v 661.00 0.00 -848.00
v 659.00 0.00 -850.00
v 661.00 0.00 -850.00
v 659.00 42.00 -848.00
v 661.00 42.00 -848.00
v 659.00 42.00 -850.00
v 661.00 42.00 -850.00
v 684.00 0.00 -826.00
v 686.00 0.00 -826.00
v 684.00 0.00 -828.00
v 686.00 0.00 -828.00
v 684.00 42.00 -826.00
v 686.00 42.00 -826.00
v 684.00 42.00 -828.00
v 686.00 42.00 -828.00
v 684.00 0.00 -848.00
v 686.00 0.00 -848.00
v 684.00 0.00 -850.00
v 686.00 0.00 -850.00
v 684.00 42.00 -848.00
v 686.00 42.00 -848.00
v 684.00 42.00 -850.00
v 686.00 42.00 -850.00
v 709.00 0.00 -826.00
v 711.00 0.00 -826.00
v 709.00 0.00 -828.00
v 711.00 0.00 -828.00
v 709.00 42.00 -826.00
v 711.00 42.00 -826.00
v 709.00 42.00 -828.00
v 711.00 42.00 -828.00
v 709.00 0.00 -848.00
v 711.00 0.00 -848.00
v 709.00 0.00 -850.00
v 711.00 0.00 -850.00
v 709.00 42.00 -848.00
v 711.00 42.00 -848.00
v 709.00 42.00 -850.00
v 711.00 42.00 -850.00
v 734.00 0.00 -826.00
v 736.00 0.00 -826.00
v 734.00 0.00 -828.00
v 736.00 0.00 -828.00
v 734.00 42.00 -826.00
v 736.00 42.00 -826.00
v 734.00 42.00 -828.00
v 736.00 42.00 -828.00
v 734.00 0.00 -848.00
v 736.00 0.00 -848.00
v 734.00 0.00 -850.00
v 736.00 0.00 -850.00
v 734.00 42.00 -848.00
v 736.00 42.00 -848.00
v 734.00 42.00 -850.00
v 736.00 42.00 -850.00
v 759.00 0.00 -826.00
v 761.00 0.00 -826.00
v 759.00 0.00 -828.00
v 761.00 0.00 -828.00
v 759.00 42.00 -826.00
v 761.00 42.00 -826.00
v 759.00 42.00 -828.00
v 761.00 42.00 -828.00
v 759.00 0.00 -848.00
v 761.00 0.00 -848.00
v 759.00 0.00 -850.00
v 761.00 0.00 -850.00
v 759.00 42.00 -848.00
v 761.00 42.00 -848.00
v 759.00 42.00 -850.00
v 761.00 42.00 -850.00
v 784.00 0.00 -826.00
v 786.00 0.00 -826.00
v 784.00 0.00 -828.00
v 786.00 0.00 -828.00
v 784.00 42.00 -826.00
v 786.00 42.00 -826.00
v 784.00 42.00 -828.00
v 786.00 42.00 -828.00
v 784.00 0.00 -848.00
v 786.00 0.00 -848.00
v 784.00 0.00 -850.00
v 786.00 0.00 -850.00
v 784.00 42.00 -848.00
v 786.00 42.00 -848.00
v 784.00 42.00 -850.00
v 786.00 42.00 -850.00
v 809.00 0.00 -826.00
v 811.00 0.00 -826.00
v 809.00 0.00 -828.00
v 811.00 0.00 -828.00
v 809.00 42.00 -826.00
v 811.00 42.00 -826.00
v 809.00 42.00 -828.00
v 811.00 42.00 -828.00
v 809.00 0.00 -848.00
v 811.00 0.00 -848.00
v 809.00 0.00 -850.00
v 811.00 0.00 -850.00
v 809.00 42.00 -848.00
v 811.00 42.00 -848.00
v 809.00 42.00 -850.00
v 811.00 42.00 -850.00
v 834.00 0.00 -826.00
v 836.00 0.00 -826.00
v 834.00 0.00 -828.00
v 836.00 0.00 -828.00
v 834.00 42.00 -826.00
v 836.00 42.00 -826.00
v 834.00 42.00 -828.00
v 836.00 42.00 -828.00
v 834.00 0.00 -848.00
v 836.00 0.00 -848.00
v 834.00 0.00 -850.00
v 836.00 0.00 -850.00
v 834.00 42.00 -848.00
v 836.00 42.00 -848.00
v 834.00 42.00 -850.00
v 836.00 42.00 -850.00
v 859.00 0.00 -826.00
v 861.00 0.00 -826.00
v 859.00 0.00 -828.00
v 861.00 0.00 -828.00
v 859.00 42.00 -826.00
v 861.00 42.00 -826.00
v 859.00 42.00 -828.00
v 861.00 42.00 -828.00
v 859.00 0.00 -848.00
v 861.00 0.00 -848.00
v 859.00 0.00 -850.00
v 861.00 0.00 -850.00
v 859.00 42.00 -848.00
v 861.00 42.00 -848.00
v 859.00 42.00 -850.00
v 861.00 42.00 -850.00
v 884.00 0.00 -826.00
v 886.00 0.00 -826.00
v 884.00 0.00 -828.00
v 886.00 0.00 -828.00
v 884.00 42.00 -826.00
v 886.00 42.00 -826.00
v 884.00 42.00 -828.00
v 886.00 42.00 -828.00
v 884.00 0.00 -848.00
v 886.00 0.00 -848.00
v 884.00 0.00 -850.00
v 886.00 0.00 -850.00
v 884.00 42.00 -848.00
v 886.00 42.00 -848.00
v 884.00 42.00 -850.00
v 886.00 42.00 -850.00
v 909.00 0.00 -826.00
v 911.00 0.00 -826.00
v 909.00 0.00 -828.00
v 911.00 0.00 -828.00
v 909.00 42.00 -826.00
v 911.00 42.00 -826.00
v 909.00 42.00 -828.00
v 911.00 42.00 -828.00
v 909.00 0.00 -848.00
v 911.00 0.00 -848.00
v 909.00 0.00 -850.00
v 911.00 0.00 -850.00
v 909.00 42.00 -848.00
v 911.00 42.00 -848.00
v 909.00 42.00 -850.00
v 911.00 42.00 -850.00
v 934.00 0.00 -826.00
v 936.00 0.00 -826.00
v 934.00 0.00 -828.00
v 936.00 0.00 -828.00
v 934.00 42.00 -826.00
v 936.00 42.00 -826.00
v 934.00 42.00 -828.00
v 936.00 42.00 -828.00
v 934.00 0.00 -848.00
v 936.00 0.00 -848.00
v 934.00 0.00 -850.00
v 936.00 0.00 -850.00
v 934.00 42.00 -848.00
v 936.00 42.00 -848.00
v 934.00 42.00 -850.00
v 936.00 42.00 -850.00
v 959.00 0.00 -826.00
v 961.00 0.00 -826.00
v 959.00 0.00 -828.00
v 961.00 0.00 -828.00
v 959.00 42.00 -826.00
v 961.00 42.00 -826.00
v 959.00 42.00 -828.00
v 961.00 42.00 -828.00
v 959.00 0.00 -848.00
v 961.00 0.00 -848.00
v 959.00 0.00 -850.00
v 961.00 0.00 -850.00
v 959.00 42.00 -848.00
v 961.00 42.00 -848.00
v 959.00 42.00 -850.00
v 961.00 42.00 -850.00
v 984.00 0.00 -826.00
v 986.00 0.00 -826.00
v 984.00 0.00 -828.00
v 986.00 0.00 -828.00
v 984.00 42.00 -826.00
v 986.00 42.00 -826.00
v 984.00 42.00 -828.00
v 986.00 42.00 -828.00
v 984.00 0.00 -848.00
v 986.00 0.00 -848.00
v 984.00 0.00 -850.00
v 986.00 0.00 -850.00
v 984.00 42.00 -848.00
v 986.00 42.00 -848.00
v 984.00 42.00 -850.00
v 986.00 42.00 -850.00
v 1009.00 0.00 -826.00
v 1011.00 0.00 -826.00
v 1009.00 0.00 -828.00
v 1011.00 0.00 -828.00
v 1009.00 42.00 -826.00
v 1011.00 42.00 -826.00
v 1009.00 42.00 -828.00
v 1011.00 42.00 -828.00
v 1009.00 0.00 -848.00
v 1011.00 0.00 -848.00
v 1009.00 0.00 -850.00
v 1011.00 0.00 -850.00
v 1009.00 42.00 -848.00
v 1011.00 42.00 -848.00
v 1009.00 42.00 -850.00
v 1011.00 42.00 -850.00
v 1034.00 0.00 -826.00
v 1036.00 0.00 -826.00
v 1034.00 0.00 -828.00
v 1036.00 0.00 -828.00
v 1034.00 42.00 -826.00
v 1036.00 42.00 -826.00
v 1034.00 42.00 -828.00
v 1036.00 42.00 -828.00
v 1034.00 0.00 -848.00
v 1036.00 0.00 -848.00
v 1034.00 0.00 -850.00
v 1036.00 0.00 -850.00
v 1034.00 42.00 -848.00
v 1036.00 42.00 -848.00
v 1034.00 42.00 -850.00
v 1036.00 42.00 -850.00
v 1059.00 0.00 -826.00
v 1061.00 0.00 -826.00
v 1059.00 0.00 -828.00
v 1061.00 0.00 -828.00
v 1059.00 42.00 -826.00
v 1061.00 42.00 -826.00
v 1059.00 42.00 -828.00
v 1061.00 42.00 -828.00
v 1059.00 0.00 -848.00
v 1061.00 0.00 -848.00
v 1059.00 0.00 -850.00
v 1061.00 0.00 -850.00
v 1059.00 42.00 -848.00
v 1061.00 42.00 -848.00
v 1059.00 42.00 -850.00
v 1061.00 42.00 -850.00
v 1084.00 0.00 -826.00
v 1086.00 0.00 -826.00
v 1084.00 0.00 -828.00
v 1086.00 0.00 -828.00
v 1084.00 42.00 -826.00
v 1086.00 42.00 -826.00
v 1084.00 42.00 -828.00
v 1086.00 42.00 -828.00
v 1084.00 0.00 -848.00
v 1086.00 0.00 -848.00
v 1084.00 0.00 -850.00
v 1086.00 0.00 -850.00
v 1084.00 42.00 -848.00
v 1086.00 42.00 -848.00
v 1084.00 42.00 -850.00
v 1086.00 42.00 -850.00
v 1109.00 0.00 -826.00
v 1111.00 0.00 -826.00
v 1109.00 0.00 -828.00
v 1111.00 0.00 -828.00
v 1109.00 42.00 -826.00
v 1111.00 42.00 -826.00
v 1109.00 42.00 -828.00
v 1111.00 42.00 -828.00
v 1109.00 0.00 -848.00
v 1111.00 0.00 -848.00
v 1109.00 0.00 -850.00
v 1111.00 0.00 -850.00
v 1109.00 42.00 -848.00
v 1111.00 42.00 -848.00
v 1109.00 42.00 -850.00
v 1111.00 42.00 -850.00
v 1134.00 0.00 -826.00
v 1136.00 0.00 -826.00
v 1134.00 0.00 -828.00
v 1136.00 0.00 -828.00
v 1134.00 42.00 -826.00
v 1136.00 42.00 -826.00
v 1134.00 42.00 -828.00
v 1136.00 42.00 -828.00
v 1134.00 0.00 -848.00
v 1136.00 0.00 -848.00
v 1134.00 0.00 -850.00
v 1136.00 0.00 -850.00
v 1134.00 42.00 -848.00
v 1136.00 42.00 -848.00
v 1134.00 42.00 -850.00
v 1136.00 42.00 -850.00
v 1159.00 0.00 -826.00
v 1161.00 0.00 -826.00
v 1159.00 0.00 -828.00
v 1161.00 0.00 -828.00
v 1159.00 42.00 -826.00
v 1161.00 42.00 -826.00
v 1159.00 42.00 -828.00
v 1161.00 42.00 -828.00
v 1159.00 0.00 -848.00
v 1161.00 0.00 -848.00
v 1159.00 0.00 -850.00
v 1161.00 0.00 -850.00
v 1159.00 42.00 -848.00
v 1161.00 42.00 -848.00
v 1159.00 42.00 -850.00
v 1161.00 42.00 -850.00
v 1184.00 0.00 -826.00
v 1186.00 0.00 -826.00
v 1184.00 0.00 -828.00
v 1186.00 0.00 -828.00
v 1184.00 42.00 -826.00
v 1186.00 42.00 -826.00
v 1184.00 42.00 -828.00
v 1186.00 42.00 -828.00
v 1184.00 0.00 -848.00
v 1186.00 0.00 -848.00
v 1184.00 0.00 -850.00
v 1186.00 0.00 -850.00
v 1184.00 42.00 -848.00
v 1186.00 42.00 -848.00
v 1184.00 42.00 -850.00
v 1186.00 42.00 -850.00
v 1209.00 0.00 -826.00
v 1211.00 0.00 -826.00
v 1209.00 0.00 -828.00
v 1211.00 0.00 -828.00
v 1209.00 42.00 -826.00
v 1211.00 42.00 -826.00
v 1209.00 42.00 -828.00
v 1211.00 42.00 -828.00
v 1209.00 0.00 -848.00
v 1211.00 0.00 -848.00
v 1209.00 0.00 -850.00
v 1211.00 0.00 -850.00
v 1209.00 42.00 -848.00
v 1211.00 42.00 -848.00
v 1209.00 42.00 -850.00
v 1211.00 42.00 -850.00
v 1234.00 0.00 -826.00
v 1236.00 0.00 -826.00
v 1234.00 0.00 -828.00
v 1236.00 0.00 -828.00
v 1234.00 42.00 -826.00
v 1236.00 42.00 -826.00
v 1234.00 42.00 -828.00
v 1236.00 42.00 -828.00
v 1234.00 0.00 -848.00
v 1236.00 0.00 -848.00
v 1234.00 0.00 -850.00
v 1236.00 0.00 -850.00
v 1234.00 42.00 -848.00
v 1236.00 42.00 -848.00
v 1234.00 42.00 -850.00
v 1236.00 42.00 -850.00
v 1259.00 0.00 -826.00
v 1261.00 0.00 -826.00
v 1259.00 0.00 -828.00
v 1261.00 0.00 -828.00
v 1259.00 42.00 -826.00
v 1261.00 42.00 -826.00
v 1259.00 42.00 -828.00
v 1261.00 42.00 -828.00
v 1259.00 0.00 -848.00
v 1261.00 0.00 -848.00
v 1259.00 0.00 -850.00
v 1261.00 0.00 -850.00
v 1259.00 42.00 -848.00
v 1261.00 42.00 -848.00
v 1259.00 42.00 -850.00
v 1261.00 42.00 -850.00
v 1284.00 0.00 -826.00
v 1286.00 0.00 -826.00
v 1284.00 0.00 -828.00
v 1286.00 0.00 -828.00
v 1284.00 42.00 -826.00
v 1286.00 42.00 -826.00
v 1284.00 42.00 -828.00
v 1286.00 42.00 -828.00
v 1284.00 0.00 -848.00
v 1286.00 0.00 -848.00
v 1284.00 0.00 -850.00
v 1286.00 0.00 -850.00
v 1284.00 42.00 -848.00
v 1286.00 42.00 -848.00
v 1284.00 42.00 -850.00
v 1286.00 42.00 -850.00
v 1108.00 23.00 -570.00
v 1128.00 23.00 -570.00
v 1108.00 23.00 -850.00
v 1128.00 23.00 -850.00
v 1108.00 37.00 -570.00
v 1128.00 37.00 -570.00
v 1108.00 37.00 -850.00
v 1128.00 37.00 -850.00
v 1108.00 0.00 -569.00
v 1110.00 0.00 -569.00
v 1108.00 0.00 -571.00
v 1110.00 0.00 -571.00
v 1108.00 42.00 -569.00
v 1110.00 42.00 -569.00
v 1108.00 42.00 -571.00
v 1110.00 42.00 -571.00
v 1126.00 0.00 -569.00
v 1128.00 0.00 -569.00
v 1126.00 0.00 -571.00
v 1128.00 0.00 -571.00
v 1126.00 42.00 -569.00
v 1128.00 42.00 -569.00
v 1126.00 42.00 -571.00
v 1128.00 42.00 -571.00
v 1108.00 0.00 -594.00
v 1110.00 0.00 -594.00
v 1108.00 0.00 -596.00
v 1110.00 0.00 -596.00
v 1108.00 42.00 -594.00
v 1110.00 42.00 -594.00
v 1108.00 42.00 -596.00
v 1110.00 42.00 -596.00
v 1126.00 0.00 -594.00
v 1128.00 0.00 -594.00
v 1126.00 0.00 -596.00
v 1128.00 0.00 -596.00
v 1126.00 42.00 -594.00
v 1128.00 42.00 -594.00
v 1126.00 42.00 -596.00
v 1128.00 42.00 -596.00
v 1108.00 0.00 -619.00
v 1110.00 0.00 -619.00
v 1108.00 0.00 -621.00
v 1110.00 0.00 -621.00
v 1108.00 42.00 -619.00
v 1110.00 42.00 -619.00
v 1108.00 42.00 -621.00
v 1110.00 42.00 -621.00
v 1126.00 0.00 -619.00
v 1128.00 0.00 -619.00
v 1126.00 0.00 -621.00
v 1128.00 0.00 -621.00
v 1126.00 42.00 -619.00
v 1128.00 42.00 -619.00
v 1126.00 42.00 -621.00
v 1128.00 42.00 -621.00
v 1108.00 0.00 -644.00
v 1110.00 0.00 -644.00
v 1108.00 0.00 -646.00
v 1110.00 0.00 -646.00
v 1108.00 42.00 -644.00
v 1110.00 42.00 -644.00
v 1108.00 42.00 -646.00
v 1110.00 42.00 -646.00
v 1126.00 0.00 -644.00
v 1128.00 0.00 -644.00
v 1126.00 0.00 -646.00
v 1128.00 0.00 -646.00
v 1126.00 42.00 -644.00
v 1128.00 42.00 -644.00
v 1126.00 42.00 -646.00
v 1128.00 42.00 -646.00
v 1108.00 0.00 -669.00
v 1110.00 0.00 -669.00
v 1108.00 0.00 -671.00
v 1110.00 0.00 -671.00
v 1108.00 42.00 -669.00
v 1110.00 42.00 -669.00
v 1108.00 42.00 -671.00
v 1110.00 42.00 -671.00
v 1126.00 0.00 -669.00
v 1128.00 0.00 -669.00
v 1126.00 0.00 -671.00
v 1128.00 0.00 -671.00
v 1126.00 42.00 -669.00
v 1128.00 42.00 -669.00
v 1126.00 42.00 -671.00
v 1128.00 42.00 -671.00
v 1108.00 0.00 -694.00
v 1110.00 0.00 -694.00
v 1108.00 0.00 -696.00
v 1110.00 0.00 -696.00
v 1108.00 42.00 -694.00
v 1110.00 42.00 -694.00
v 1108.00 42.00 -696.00
v 1110.00 42.00 -696.00
v 1126.00 0.00 -694.00
v 1128.00 0.00 -694.00
v 1126.00 0.00 -696.00
v 1128.00 0.00 -696.00
v 1126.00 42.00 -694.00
v 1128.00 42.00 -694.00
v 1126.00 42.00 -696.00
v 1128.00 42.00 -696.00
v 1108.00 0.00 -719.00
v 1110.00 0.00 -719.00
v 1108.00 0.00 -721.00
v 1110.00 0.00 -721.00
v 1108.00 42.00 -719.00
v 1110.00 42.00 -719.00
v 1108.00 42.00 -721.00
v 1110.00 42.00 -721.00
v 1126.00 0.00 -719.00
v 1128.00 0.00 -719.00
v 1126.00 0.00 -721.00
v 1128.00 0.00 -721.00
v 1126.00 42.00 -719.00
v 1128.00 42.00 -719.00
v 1126.00 42.00 -721.00
v 1128.00 42.00 -721.00
v 1108.00 0.00 -744.00
v 1110.00 0.00 -744.00
v 1108.00 0.00 -746.00
v 1110.00 0.00 -746.00
v 1108.00 42.00 -744.00
v 1110.00 42.00 -744.00
v 1108.00 42.00 -746.00
v 1110.00 42.00 -746.00
v 1126.00 0.00 -744.00
v 1128.00 0.00 -744.00
v 1126.00 0.00 -746.00
v 1128.00 0.00 -746.00
v 1126.00 42.00 -744.00
v 1128.00 42.00 -744.00
v 1126.00 42.00 -746.00
v 1128.00 42.00 -746.00
v 1108.00 0.00 -769.00
v 1110.00 0.00 -769.00
v 1108.00 0.00 -771.00
v 1110.00 0.00 -771.00
v 1108.00 42.00 -769.00
v 1110.00 42.00 -769.00
v 1108.00 42.00 -771.00
v 1110.00 42.00 -771.00
v 1126.00 0.00 -769.00
v 1128.00 0.00 -769.00
v 1126.00 0.00 -771.00
v 1128.00 0.00 -771.00
v 1126.00 42.00 -769.00
v 1128.00 42.00 -769.00
v 1126.00 42.00 -771.00
v 1128.00 42.00 -771.00
v 1108.00 0.00 -794.00
v 1110.00 0.00 -794.00
v 1108.00 0.00 -796.00
v 1110.00 0.00 -796.00
v 1108.00 42.00 -794.00
v 1110.00 42.00 -794.00
v 1108.00 42.00 -796.00
v 1110.00 42.00 -796.00
v 1126.00 0.00 -794.00
v 1128.00 0.00 -794.00
v 1126.00 0.00 -796.00
v 1128.00 0.00 -796.00
v 1126.00 42.00 -794.00
v 1128.00 42.00 -794.00
v 1126.00 42.00 -796.00
v 1128.00 42.00 -796.00
v 1108.00 0.00 -819.00
v 1110.00 0.00 -819.00
v 1108.00 0.00 -821.00
v 1110.00 0.00 -821.00
v 1108.00 42.00 -819.00
v 1110.00 42.00 -819.00
v 1108.00 42.00 -821.00
v 1110.00 42.00 -821.00
v 1126.00 0.00 -819.00
v 1128.00 0.00 -819.00
v 1126.00 0.00 -821.00
v 1128.00 0.00 -821.00
v 1126.00 42.00 -819.00
v 1128.00 42.00 -819.00
v 1126.00 42.00 -821.00
v 1128.00 42.00 -821.00
v 1108.00 0.00 -844.00
v 1110.00 0.00 -844.00
v 1108.00 0.00 -846.00
v 1110.00 0.00 -846.00
v 1108.00 42.00 -844.00
v 1110.00 42.00 -844.00
v 1108.00 42.00 -846.00
v 1110.00 42.00 -846.00
v 1126.00 0.00 -844.00
v 1128.00 0.00 -844.00
v 1126.00 0.00 -846.00
v 1128.00 0.00 -846.00
v 1126.00 42.00 -844.00
v 1128.00 42.00 -844.00
v 1126.00 42.00 -846.00
v 1128.00 42.00 -846.00
v 400.00 0.00 -50.00
v 1940.00 0.00 -50.00
v 400.00 0.00 -250.00
v 1940.00 0.00 -250.00
v 400.00 0.40 -50.00
v 1940.00 0.40 -50.00
v 400.00 0.40 -250.00
v 1940.00 0.40 -250.00
v 530.00 38.00 -236.00
v 1925.00 38.00 -236.00
v 530.00 38.00 -238.00
v 1925.00 38.00 -238.00
v 530.00 40.00 -236.00
v 1925.00 40.00 -236.00
v 530.00 40.00 -238.00
v 1925.00 40.00 -238.00
v 530.00 38.00 -64.00
v 1925.00 38.00 -64.00
v 530.00 38.00 -66.00
v 1925.00 38.00 -66.00
v 530.00 40.00 -64.00
v 1925.00 40.00 -64.00
v 530.00 40.00 -66.00
v 1925.00 40.00 -66.00
v 518.00 0.00 -60.50
v 542.00 0.00 -60.50
v 518.00 0.00 -63.50
v 542.00 0.00 -63.50
v 518.00 47.00 -60.50
v 542.00 47.00 -60.50
v 518.00 47.00 -63.50
v 542.00 47.00 -63.50
v 518.00 0.00 -240.50
v 542.00 0.00 -240.50
v 518.00 0.00 -243.50
v 542.00 0.00 -243.50
v 518.00 47.00 -240.50
v 542.00 47.00 -240.50
v 518.00 47.00 -243.50
v 542.00 47.00 -243.50
v 1288.00 0.00 -60.50
v 1312.00 0.00 -60.50
v 1288.00 0.00 -63.50
v 1312.00 0.00 -63.50
v 1288.00 47.00 -60.50
v 1312.00 47.00 -60.50
v 1288.00 47.00 -63.50
v 1312.00 47.00 -63.50
v 1288.00 0.00 -240.50
v 1312.00 0.00 -240.50
v 1288.00 0.00 -243.50
v 1312.00 0.00 -243.50
v 1288.00 47.00 -240.50
v 1312.00 47.00 -240.50
v 1288.00 47.00 -243.50
v 1312.00 47.00 -243.50
v 1913.00 0.00 -60.50
v 1937.00 0.00 -60.50
v 1913.00 0.00 -63.50
v 1937.00 0.00 -63.50
v 1913.00 47.00 -60.50
v 1937.00 47.00 -60.50
v 1913.00 47.00 -63.50
v 1937.00 47.00 -63.50
v 1913.00 0.00 -240.50
v 1937.00 0.00 -240.50
v 1913.00 0.00 -243.50
v 1937.00 0.00 -243.50
v 1913.00 47.00 -240.50
v 1937.00 47.00 -240.50
v 1913.00 47.00 -243.50
v 1937.00 47.00 -243.50
v 692.00 0.00 -102.00
v 708.00 0.00 -102.00
v 692.00 0.00 -118.00
v 708.00 0.00 -118.00
v 692.00 12.00 -102.00
v 708.00 12.00 -102.00
v 692.00 12.00 -118.00
v 708.00 12.00 -118.00
v 692.00 0.00 -142.00
v 708.00 0.00 -142.00
v 692.00 0.00 -158.00
v 708.00 0.00 -158.00
v 692.00 12.00 -142.00
v 708.00 12.00 -142.00
v 692.00 12.00 -158.00
v 708.00 12.00 -158.00
v 692.00 0.00 -182.00
v 708.00 0.00 -182.00
v 692.00 0.00 -198.00
v 708.00 0.00 -198.00
v 692.00 12.00 -182.00
v 708.00 12.00 -182.00
v 692.00 12.00 -198.00
v 708.00 12.00 -198.00
v 699.00 0.00 -70.00
v 701.00 0.00 -70.00
v 699.00 0.00 -232.00
v 701.00 0.00 -232.00
v 699.00 35.00 -70.00
v 701.00 35.00 -70.00
v 699.00 35.00 -232.00
v 701.00 35.00 -232.00
v 892.00 0.00 -102.00
v 908.00 0.00 -102.00
v 892.00 0.00 -118.00
v 908.00 0.00 -118.00
v 892.00 12.00 -102.00
v 908.00 12.00 -102.00
v 892.00 12.00 -118.00
v 908.00 12.00 -118.00
v 892.00 0.00 -142.00
v 908.00 0.00 -142.00
v 892.00 0.00 -158.00
v 908.00 0.00 -158.00
v 892.00 12.00 -142.00
v 908.00 12.00 -142.00
v 892.00 12.00 -158.00
v 908.00 12.00 -158.00
v 892.00 0.00 -182.00
v 908.00 0.00 -182.00
v 892.00 0.00 -198.00
v 908.00 0.00 -198.00
v 892.00 12.00 -182.00
v 908.00 12.00 -182.00
v 892.00 12.00 -198.00
v 908.00 12.00 -198.00
v 899.00 0.00 -70.00
v 901.00 0.00 -70.00
v 899.00 0.00 -232.00
v 901.00 0.00 -232.00
v 899.00 35.00 -70.00
v 901.00 35.00 -70.00
v 899.00 35.00 -232.00
v 901.00 35.00 -232.00
v 1092.00 0.00 -102.00
v 1108.00 0.00 -102.00
v 1092.00 0.00 -118.00
v 1108.00 0.00 -118.00
v 1092.00 12.00 -102.00
v 1108.00 12.00 -102.00
v 1092.00 12.00 -118.00
v 1108.00 12.00 -118.00
v 1092.00 0.00 -142.00
v 1108.00 0.00 -142.00
v 1092.00 0.00 -158.00
v 1108.00 0.00 -158.00
v 1092.00 12.00 -142.00
v 1108.00 12.00 -142.00
v 1092.00 12.00 -158.00
v 1108.00 12.00 -158.00
v 1092.00 0.00 -182.00
v 1108.00 0.00 -182.00
v 1092.00 0.00 -198.00
v 1108.00 0.00 -198.00
v 1092.00 12.00 -182.00
v 1108.00 12.00 -182.00
v 1092.00 12.00 -198.00
v 1108.00 12.00 -198.00
v 1099.00 0.00 -70.00
v 1101.00 0.00 -70.00
v 1099.00 0.00 -232.00
v 1101.00 0.00 -232.00
v 1099.00 35.00 -70.00
v 1101.00 35.00 -70.00
v 1099.00 35.00 -232.00
v 1101.00 35.00 -232.00
v 1712.00 0.00 -102.00
v 1728.00 0.00 -102.00
v 1712.00 0.00 -118.00
v 1728.00 0.00 -118.00
v 1712.00 1.00 -102.00
v 1728.00 1.00 -102.00
v 1712.00 1.00 -118.00
v 1728.00 1.00 -118.00
v 1712.00 0.00 -142.00
v 1728.00 0.00 -142.00
v 1712.00 0.00 -158.00
v 1728.00 0.00 -158.00
v 1712.00 1.00 -142.00
v 1728.00 1.00 -142.00
v 1712.00 1.00 -158.00
v 1728.00 1.00 -158.00
v 1712.00 0.00 -182.00
v 1728.00 0.00 -182.00
v 1712.00 0.00 -198.00
v 1728.00 0.00 -198.00
v 1712.00 1.00 -182.00
v 1728.00 1.00 -182.00
v 1712.00 1.00 -198.00
v 1728.00 1.00 -198.00
v 1852.00 0.00 -102.00
v 1868.00 0.00 -102.00
v 1852.00 0.00 -118.00
v 1868.00 0.00 -118.00
v 1852.00 1.00 -102.00
v 1868.00 1.00 -102.00
v 1852.00 1.00 -118.00
v 1868.00 1.00 -118.00
v 1852.00 0.00 -142.00
v 1868.00 0.00 -142.00
v 1852.00 0.00 -158.00
v 1868.00 0.00 -158.00
v 1852.00 1.00 -142.00
v 1868.00 1.00 -142.00
v 1852.00 1.00 -158.00
v 1868.00 1.00 -158.00
v 1852.00 0.00 -182.00
v 1868.00 0.00 -182.00
v 1852.00 0.00 -198.00
v 1868.00 0.00 -198.00
v 1852.00 1.00 -182.00
v 1868.00 1.00 -182.00
v 1852.00 1.00 -198.00
v 1868.00 1.00 -198.00
v 664.00 0.00 -12.00
v 676.00 0.00 -12.00
v 664.00 0.00 -24.00
v 676.00 0.00 -24.00
v 664.00 90.00 -12.00
v 676.00 90.00 -12.00
v 664.00 90.00 -24.00
v 676.00 90.00 -24.00
v 864.00 0.00 -12.00
v 876.00 0.00 -12.00
v 864.00 0.00 -24.00
v 876.00 0.00 -24.00
v 864.00 90.00 -12.00
v 876.00 90.00 -12.00
v 864.00 90.00 -24.00
v 876.00 90.00 -24.00
v 420.00 0.00 -180.00
v 490.00 0.00 -180.00
v 420.00 0.00 -232.00
v 490.00 0.00 -232.00
v 420.00 14.00 -180.00
v 490.00 14.00 -180.00
v 420.00 14.00 -232.00
v 490.00 14.00 -232.00
v 1490.00 0.00 -237.00
v 1540.00 0.00 -237.00
v 1490.00 0.00 -830.00
v 1540.00 0.00 -830.00
v 1490.00 0.20 -237.00
v 1540.00 0.20 -237.00
v 1490.00 0.20 -830.00
v 1540.00 0.20 -830.00
v 1490.00 0.00 -780.00
v 2120.00 0.00 -780.00
v 1490.00 0.00 -830.00
v 2120.00 0.00 -830.00
v 1490.00 0.20 -780.00
v 2120.00 0.20 -780.00
v 1490.00 0.20 -830.00
v 2120.00 0.20 -830.00
v 40.00 0.00 -60.00
v 320.00 0.00 -60.00
v 40.00 0.00 -240.00
v 320.00 0.00 -240.00
v 40.00 0.20 -60.00
v 320.00 0.20 -60.00
v 40.00 0.20 -240.00
v 320.00 0.20 -240.00
v 277.00 0.00 -305.00
v 300.00 0.00 -305.00
v 277.00 0.00 -325.00
v 300.00 0.00 -325.00
v 277.00 12.00 -305.00
v 300.00 12.00 -305.00
v 277.00 12.00 -325.00
v 300.00 12.00 -325.00
v 83.00 0.00 -345.00
v 320.00 0.00 -345.00
v 83.00 0.00 -396.00
v 320.00 0.00 -396.00
v 83.00 20.00 -345.00
v 320.00 20.00 -345.00
v 83.00 20.00 -396.00
v 320.00 20.00 -396.00
v 133.00 0.00 -470.00
v 320.00 0.00 -470.00
v 133.00 0.00 -561.00
v 320.00 0.00 -561.00
v 133.00 35.00 -470.00
v 320.00 35.00 -470.00
v 133.00 35.00 -561.00
v 320.00 35.00 -561.00
v 198.00 0.00 -600.00
v 320.00 0.00 -600.00
v 198.00 0.00 -641.00
v 320.00 0.00 -641.00
v 198.00 20.00 -600.00
v 320.00 20.00 -600.00
v 198.00 20.00 -641.00
v 320.00 20.00 -641.00
v 258.00 0.00 -451.00
v 267.00 0.00 -451.00
v 258.00 0.00 -460.00
v 267.00 0.00 -460.00
v 258.00 120.00 -451.00
v 267.00 120.00 -451.00
v 258.00 120.00 -460.00
v 267.00 120.00 -460.00
v 40.00 0.00 -690.00
v 320.00 0.00 -690.00
v 40.00 0.00 -900.00
v 320.00 0.00 -900.00
v 40.00 0.30 -690.00
v 320.00 0.30 -690.00
v 40.00 0.30 -900.00
v 320.00 0.30 -900.00
v 40.00 -8.00 -1430.00
v 320.00 -8.00 -1430.00
v 40.00 -8.00 -1640.00
v 320.00 -8.00 -1640.00
v 40.00 0.00 -1430.00
v 320.00 0.00 -1430.00
v 40.00 0.00 -1640.00
v 320.00 0.00 -1640.00
v 440.00 0.00 -1445.00
v 600.00 0.00 -1445.00
v 440.00 0.00 -1530.00
v 600.00 0.00 -1530.00
v 440.00 30.00 -1445.00
v 600.00 30.00 -1445.00
v 440.00 30.00 -1530.00
v 600.00 30.00 -1530.00
v 620.00 0.00 -1445.00
v 745.00 0.00 -1445.00
v 620.00 0.00 -1530.00
v 745.00 0.00 -1530.00
v 620.00 25.00 -1445.00
v 745.00 25.00 -1445.00
v 620.00 25.00 -1530.00
v 745.00 25.00 -1530.00
v 465.00 0.00 -1610.00
v 461.10 0.00 -1609.62
v 457.35 0.00 -1608.48
v 453.89 0.00 -1606.63
v 450.86 0.00 -1604.14
v 448.37 0.00 -1601.11
v 446.52 0.00 -1597.65
v 445.38 0.00 -1593.90
v 445.00 0.00 -1590.00
v 445.38 0.00 -1586.10
v 446.52 0.00 -1582.35
v 448.37 0.00 -1578.89
v 450.86 0.00 -1575.86
v 453.89 0.00 -1573.37
v 457.35 0.00 -1571.52
v 461.10 0.00 -1570.38
v 465.00 0.00 -1570.00
v 468.90 0.00 -1570.38
v 472.65 0.00 -1571.52
v 476.11 0.00 -1573.37
v 479.14 0.00 -1575.86
v 481.63 0.00 -1578.89
v 483.48 0.00 -1582.35
v 484.62 0.00 -1586.10
v 485.00 0.00 -1590.00
v 484.62 0.00 -1593.90
v 483.48 0.00 -1597.65
v 481.63 0.00 -1601.11
v 479.14 0.00 -1604.14
v 476.11 0.00 -1606.63
v 472.65 0.00 -1608.48
v 468.90 0.00 -1609.62
v 465.00 48.00 -1610.00
v 461.10 48.00 -1609.62
v 457.35 48.00 -1608.48
v 453.89 48.00 -1606.63
v 450.86 48.00 -1604.14
v 448.37 48.00 -1601.11
v 446.52 48.00 -1597.65
v 445.38 48.00 -1593.90
v 445.00 48.00 -1590.00
v 445.38 48.00 -1586.10
v 446.52 48.00 -1582.35
v 448.37 48.00 -1578.89
v 450.86 48.00 -1575.86
v 453.89 48.00 -1573.37
v 457.35 48.00 -1571.52
v 461.10 48.00 -1570.38
v 465.00 48.00 -1570.00
v 468.90 48.00 -1570.38
v 472.65 48.00 -1571.52
v 476.11 48.00 -1573.37
v 479.14 48.00 -1575.86
v 481.63 48.00 -1578.89
v 483.48 48.00 -1582.35
v 484.62 48.00 -1586.10
v 485.00 48.00 -1590.00
v 484.62 48.00 -1593.90
v 483.48 48.00 -1597.65
v 481.63 48.00 -1601.11
v 479.14 48.00 -1604.14
v 476.11 48.00 -1606.63
v 472.65 48.00 -1608.48
v 468.90 48.00 -1609.62
v 530.00 0.00 -1616.00
v 524.93 0.00 -1615.50
v 520.05 0.00 -1614.02
v 515.56 0.00 -1611.62
v 511.62 0.00 -1608.38
v 508.38 0.00 -1604.44
v 505.98 0.00 -1599.95
v 504.50 0.00 -1595.07
v 504.00 0.00 -1590.00
v 504.50 0.00 -1584.93
v 505.98 0.00 -1580.05
v 508.38 0.00 -1575.56
v 511.62 0.00 -1571.62
v 515.56 0.00 -1568.38
v 520.05 0.00 -1565.98
v 524.93 0.00 -1564.50
v 530.00 0.00 -1564.00
v 535.07 0.00 -1564.50
v 539.95 0.00 -1565.98
v 544.44 0.00 -1568.38
v 548.38 0.00 -1571.62
v 551.62 0.00 -1575.56
v 554.02 0.00 -1580.05
v 555.50 0.00 -1584.93
v 556.00 0.00 -1590.00
v 555.50 0.00 -1595.07
v 554.02 0.00 -1599.95
v 551.62 0.00 -1604.44
v 548.38 0.00 -1608.38
v 544.44 0.00 -1611.62
v 539.95 0.00 -1614.02
v 535.07 0.00 -1615.50
v 530.00 40.00 -1616.00
v 524.93 40.00 -1615.50
v 520.05 40.00 -1614.02
v 515.56 40.00 -1611.62
v 511.62 40.00 -1608.38
v 508.38 40.00 -1604.44
v 505.98 40.00 -1599.95
v 504.50 40.00 -1595.07
v 504.00 40.00 -1590.00
v 504.50 40.00 -1584.93
v 505.98 40.00 -1580.05
v 508.38 40.00 -1575.56
v 511.62 40.00 -1571.62
v 515.56 40.00 -1568.38
v 520.05 40.00 -1565.98
v 524.93 40.00 -1564.50
v 530.00 40.00 -1564.00
v 535.07 40.00 -1564.50
v 539.95 40.00 -1565.98
v 544.44 40.00 -1568.38
v 548.38 40.00 -1571.62
v 551.62 40.00 -1575.56
v 554.02 40.00 -1580.05
v 555.50 40.00 -1584.93
v 556.00 40.00 -1590.00
v 555.50 40.00 -1595.07
v 554.02 40.00 -1599.95
v 551.62 40.00 -1604.44
v 548.38 40.00 -1608.38
v 544.44 40.00 -1611.62
v 539.95 40.00 -1614.02
v 535.07 40.00 -1615.50
v 600.00 0.00 -1610.00
v 596.10 0.00 -1609.62
v 592.35 0.00 -1608.48
v 588.89 0.00 -1606.63
v 585.86 0.00 -1604.14
v 583.37 0.00 -1601.11
v 581.52 0.00 -1597.65
v 580.38 0.00 -1593.90
v 580.00 0.00 -1590.00
v 580.38 0.00 -1586.10
v 581.52 0.00 -1582.35
v 583.37 0.00 -1578.89
v 585.86 0.00 -1575.86
v 588.89 0.00 -1573.37
v 592.35 0.00 -1571.52
v 596.10 0.00 -1570.38
v 600.00 0.00 -1570.00
v 603.90 0.00 -1570.38
v 607.65 0.00 -1571.52
v 611.11 0.00 -1573.37
v 614.14 0.00 -1575.86
v 616.63 0.00 -1578.89
v 618.48 0.00 -1582.35
v 619.62 0.00 -1586.10
v 620.00 0.00 -1590.00
v 619.62 0.00 -1593.90
v 618.48 0.00 -1597.65
v 616.63 0.00 -1601.11
v 614.14 0.00 -1604.14
v 611.11 0.00 -1606.63
v 607.65 0.00 -1608.48
v 603.90 0.00 -1609.62
v 600.00 48.00 -1610.00
v 596.10 48.00 -1609.62
v 592.35 48.00 -1608.48
v 588.89 48.00 -1606.63
v 585.86 48.00 -1604.14
v 583.37 48.00 -1601.11
v 581.52 48.00 -1597.65
v 580.38 48.00 -1593.90
v 580.00 48.00 -1590.00
v 580.38 48.00 -1586.10
v 581.52 48.00 -1582.35
v 583.37 48.00 -1578.89
v 585.86 48.00 -1575.86
v 588.89 48.00 -1573.37
v 592.35 48.00 -1571.52
v 596.10 48.00 -1570.38
v 600.00 48.00 -1570.00
v 603.90 48.00 -1570.38
v 607.65 48.00 -1571.52
v 611.11 48.00 -1573.37
v 614.14 48.00 -1575.86
v 616.63 48.00 -1578.89
v 618.48 48.00 -1582.35
v 619.62 48.00 -1586.10
v 620.00 48.00 -1590.00
v 619.62 48.00 -1593.90
v 618.48 48.00 -1597.65
v 616.63 48.00 -1601.11
v 614.14 48.00 -1604.14
v 611.11 48.00 -1606.63
v 607.65 48.00 -1608.48
v 603.90 48.00 -1609.62
v 700.00 0.00 -1575.00
v 740.00 0.00 -1575.00
v 700.00 0.00 -1605.00
v 740.00 0.00 -1605.00
v 700.00 16.00 -1575.00
v 740.00 16.00 -1575.00
v 700.00 16.00 -1605.00
v 740.00 16.00 -1605.00
v 800.00 0.00 -1450.00
v 873.00 0.00 -1450.00
v 800.00 0.00 -1492.00
v 873.00 0.00 -1492.00
v 800.00 4.00 -1450.00
v 873.00 4.00 -1450.00
v 800.00 4.00 -1492.00
v 873.00 4.00 -1492.00
v 806.00 18.00 -1471.00
v 806.00 17.39 -1467.94
v 806.00 15.66 -1465.34
v 806.00 13.06 -1463.61
v 806.00 10.00 -1463.00
v 806.00 6.94 -1463.61
v 806.00 4.34 -1465.34
v 806.00 2.61 -1467.94
v 806.00 2.00 -1471.00
v 806.00 2.61 -1474.06
v 806.00 4.34 -1476.66
v 806.00 6.94 -1478.39
v 806.00 10.00 -1479.00
v 806.00 13.06 -1478.39
v 806.00 15.66 -1476.66
v 806.00 17.39 -1474.06
v 867.00 18.00 -1471.00
v 867.00 17.39 -1467.94
v 867.00 15.66 -1465.34
v 867.00 13.06 -1463.61
v 867.00 10.00 -1463.00
v 867.00 6.94 -1463.61
v 867.00 4.34 -1465.34
v 867.00 2.61 -1467.94
v 867.00 2.00 -1471.00
v 867.00 2.61 -1474.06
v 867.00 4.34 -1476.66
v 867.00 6.94 -1478.39
v 867.00 10.00 -1479.00
v 867.00 13.06 -1478.39
v 867.00 15.66 -1476.66
v 867.00 17.39 -1474.06
v 935.00 0.00 -1450.00
v 995.00 0.00 -1450.00
v 935.00 0.00 -1540.00
v 995.00 0.00 -1540.00
v 935.00 30.00 -1450.00
v 995.00 30.00 -1450.00
v 935.00 30.00 -1540.00
v 995.00 30.00 -1540.00
v 985.00 30.00 -1533.00
v 983.85 30.00 -1532.77
v 982.88 30.00 -1532.12
v 982.23 30.00 -1531.15
v 982.00 30.00 -1530.00
v 982.23 30.00 -1528.85
v 982.88 30.00 -1527.88
v 983.85 30.00 -1527.23
v 985.00 30.00 -1527.00
v 986.15 30.00 -1527.23
v 987.12 30.00 -1527.88
v 987.77 30.00 -1528.85
v 988.00 30.00 -1530.00
v 987.77 30.00 -1531.15
v 987.12 30.00 -1532.12
v 986.15 30.00 -1532.77
v 985.00 70.00 -1533.00
v 983.85 70.00 -1532.77
v 982.88 70.00 -1532.12
v 982.23 70.00 -1531.15
v 982.00 70.00 -1530.00
v 982.23 70.00 -1528.85
v 982.88 70.00 -1527.88
v 983.85 70.00 -1527.23
v 985.00 70.00 -1527.00
v 986.15 70.00 -1527.23
v 987.12 70.00 -1527.88
v 987.77 70.00 -1528.85
v 988.00 70.00 -1530.00
v 987.77 70.00 -1531.15
v 987.12 70.00 -1532.12
v 986.15 70.00 -1532.77
v 1080.00 0.00 -1450.00
v 1125.00 0.00 -1450.00
v 1080.00 0.00 -1510.00
v 1125.00 0.00 -1510.00
v 1080.00 10.00 -1450.00
v 1125.00 10.00 -1450.00
v 1080.00 10.00 -1510.00
v 1125.00 10.00 -1510.00
v 1200.00 0.00 -1450.00
v 1226.00 0.00 -1450.00
v 1200.00 0.00 -1458.00
v 1226.00 0.00 -1458.00
v 1200.00 8.00 -1450.00
v 1226.00 8.00 -1450.00
v 1200.00 8.00 -1458.00
v 1226.00 8.00 -1458.00
v 1560.00 0.00 -1430.00
v 1940.00 0.00 -1430.00
v 1560.00 0.00 -1640.00
v 1940.00 0.00 -1640.00
v 1560.00 0.40 -1430.00
v 1940.00 0.40 -1430.00
v 1560.00 0.40 -1640.00
v 1940.00 0.40 -1640.00
v 1640.00 0.00 -1470.00
v 1680.00 0.00 -1470.00
v 1640.00 0.00 -1490.00
v 1680.00 0.00 -1490.00
v 1640.00 12.00 -1470.00
v 1680.00 12.00 -1470.00
v 1640.00 12.00 -1490.00
v 1680.00 12.00 -1490.00
v 1700.00 0.00 -1470.00
v 1740.00 0.00 -1470.00
v 1700.00 0.00 -1490.00
v 1740.00 0.00 -1490.00
v 1700.00 14.00 -1470.00
v 1740.00 14.00 -1470.00
v 1700.00 14.00 -1490.00
v 1740.00 14.00 -1490.00
v 1640.00 0.00 -1520.00
v 1690.00 0.00 -1520.00
v 1640.00 0.00 -1540.00
v 1690.00 0.00 -1540.00
v 1640.00 10.00 -1520.00
v 1690.00 10.00 -1520.00
v 1640.00 10.00 -1540.00
v 1690.00 10.00 -1540.00
v 1710.00 0.00 -1520.00
v 1750.00 0.00 -1520.00
v 1710.00 0.00 -1540.00
v 1750.00 0.00 -1540.00
v 1710.00 12.00 -1520.00
v 1750.00 12.00 -1520.00
v 1710.00 12.00 -1540.00
v 1750.00 12.00 -1540.00
v 1565.00 0.00 -1440.00
v 1585.00 0.00 -1440.00
v 1565.00 0.00 -1452.00
v 1585.00 0.00 -1452.00
v 1565.00 10.00 -1440.00
v 1585.00 10.00 -1440.00
v 1565.00 10.00 -1452.00
v 1585.00 10.00 -1452.00
v 1800.00 0.00 -1560.00
v 1930.00 0.00 -1560.00
v 1800.00 0.00 -1630.00
v 1930.00 0.00 -1630.00
v 1800.00 20.00 -1560.00
v 1930.00 20.00 -1560.00
v 1800.00 20.00 -1630.00
v 1930.00 20.00 -1630.00
v 1330.00 0.00 -1430.00
v 1490.00 0.00 -1430.00
v 1330.00 0.00 -1640.00
v 1490.00 0.00 -1640.00
v 1330.00 0.40 -1430.00
v 1490.00 0.40 -1430.00
v 1330.00 0.40 -1640.00
v 1490.00 0.40 -1640.00
v 1410.00 0.00 -1625.00
v 1401.22 0.00 -1624.14
v 1392.78 0.00 -1621.57
v 1385.00 0.00 -1617.42
v 1378.18 0.00 -1611.82
v 1372.58 0.00 -1605.00
v 1368.43 0.00 -1597.22
v 1365.86 0.00 -1588.78
v 1365.00 0.00 -1580.00
v 1365.86 0.00 -1571.22
v 1368.43 0.00 -1562.78
v 1372.58 0.00 -1555.00
v 1378.18 0.00 -1548.18
v 1385.00 0.00 -1542.58
v 1392.78 0.00 -1538.43
v 1401.22 0.00 -1535.86
v 1410.00 0.00 -1535.00
v 1418.78 0.00 -1535.86
v 1427.22 0.00 -1538.43
v 1435.00 0.00 -1542.58
v 1441.82 0.00 -1548.18
v 1447.42 0.00 -1555.00
v 1451.57 0.00 -1562.78
v 1454.14 0.00 -1571.22
v 1455.00 0.00 -1580.00
v 1454.14 0.00 -1588.78
v 1451.57 0.00 -1597.22
v 1447.42 0.00 -1605.00
v 1441.82 0.00 -1611.82
v 1435.00 0.00 -1617.42
v 1427.22 0.00 -1621.57
v 1418.78 0.00 -1624.14
v 1410.00 40.00 -1625.00
v 1401.22 40.00 -1624.14
v 1392.78 40.00 -1621.57
v 1385.00 40.00 -1617.42
v 1378.18 40.00 -1611.82
v 1372.58 40.00 -1605.00
v 1368.43 40.00 -1597.22
v 1365.86 40.00 -1588.78
v 1365.00 40.00 -1580.00
v 1365.86 40.00 -1571.22
v 1368.43 40.00 -1562.78
v 1372.58 40.00 -1555.00
v 1378.18 40.00 -1548.18
v 1385.00 40.00 -1542.58
v 1392.78 40.00 -1538.43
v 1401.22 40.00 -1535.86
v 1410.00 40.00 -1535.00
v 1418.78 40.00 -1535.86
v 1427.22 40.00 -1538.43
v 1435.00 40.00 -1542.58
v 1441.82 40.00 -1548.18
v 1447.42 40.00 -1555.00
v 1451.57 40.00 -1562.78
v 1454.14 40.00 -1571.22
v 1455.00 40.00 -1580.00
v 1454.14 40.00 -1588.78
v 1451.57 40.00 -1597.22
v 1447.42 40.00 -1605.00
v 1441.82 40.00 -1611.82
v 1435.00 40.00 -1617.42
v 1427.22 40.00 -1621.57
v 1418.78 40.00 -1624.14
v 1560.00 0.00 -1690.00
v 1800.00 0.00 -1690.00
v 1560.00 0.00 -1900.00
v 1800.00 0.00 -1900.00
v 1560.00 0.40 -1690.00
v 1800.00 0.40 -1690.00
v 1560.00 0.40 -1900.00
v 1800.00 0.40 -1900.00
v 1600.00 0.00 -1850.00
v 1612.00 0.00 -1850.00
v 1600.00 0.00 -1895.00
v 1612.00 0.00 -1895.00
v 1600.00 6.00 -1850.00
v 1612.00 6.00 -1850.00
v 1600.00 6.00 -1895.00
v 1612.00 6.00 -1895.00
v 1602.00 0.00 -1830.00
v 1610.00 0.00 -1830.00
v 1602.00 0.00 -1838.00
v 1610.00 0.00 -1838.00
v 1602.00 5.00 -1830.00
v 1610.00 5.00 -1830.00
v 1602.00 5.00 -1838.00
v 1610.00 5.00 -1838.00
v 1630.00 12.00 -1851.00
v 1630.00 11.54 -1848.70
v 1630.00 10.24 -1846.76
v 1630.00 8.30 -1845.46
v 1630.00 6.00 -1845.00
v 1630.00 3.70 -1845.46
v 1630.00 1.76 -1846.76
v 1630.00 0.46 -1848.70
v 1630.00 0.00 -1851.00
v 1630.00 0.46 -1853.30
v 1630.00 1.76 -1855.24
v 1630.00 3.70 -1856.54
v 1630.00 6.00 -1857.00
v 1630.00 8.30 -1856.54
v 1630.00 10.24 -1855.24
v 1630.00 11.54 -1853.30
v 1665.00 12.00 -1851.00
v 1665.00 11.54 -1848.70
v 1665.00 10.24 -1846.76
v 1665.00 8.30 -1845.46
v 1665.00 6.00 -1845.00
v 1665.00 3.70 -1845.46
v 1665.00 1.76 -1846.76
v 1665.00 0.46 -1848.70
v 1665.00 0.00 -1851.00
v 1665.00 0.46 -1853.30
v 1665.00 1.76 -1855.24
v 1665.00 3.70 -1856.54
v 1665.00 6.00 -1857.00
v 1665.00 8.30 -1856.54
v 1665.00 10.24 -1855.24
v 1665.00 11.54 -1853.30
v 1690.00 10.00 -1825.00
v 1690.00 9.62 -1823.09
v 1690.00 8.54 -1821.46
v 1690.00 6.91 -1820.38
v 1690.00 5.00 -1820.00
v 1690.00 3.09 -1820.38
v 1690.00 1.46 -1821.46
v 1690.00 0.38 -1823.09
v 1690.00 0.00 -1825.00
v 1690.00 0.38 -1826.91
v 1690.00 1.46 -1828.54
v 1690.00 3.09 -1829.62
v 1690.00 5.00 -1830.00
v 1690.00 6.91 -1829.62
v 1690.00 8.54 -1828.54
v 1690.00 9.62 -1826.91
v 1720.00 10.00 -1825.00
v 1720.00 9.62 -1823.09
v 1720.00 8.54 -1821.46
v 1720.00 6.91 -1820.38
v 1720.00 5.00 -1820.00
v 1720.00 3.09 -1820.38
v 1720.00 1.46 -1821.46
v 1720.00 0.38 -1823.09
v 1720.00 0.00 -1825.00
v 1720.00 0.38 -1826.91
v 1720.00 1.46 -1828.54
v 1720.00 3.09 -1829.62
v 1720.00 5.00 -1830.00
v 1720.00 6.91 -1829.62
v 1720.00 8.54 -1828.54
v 1720.00 9.62 -1826.91
v 1690.00 10.00 -1843.00
v 1690.00 9.62 -1841.09
v 1690.00 8.54 -1839.46
v 1690.00 6.91 -1838.38
v 1690.00 5.00 -1838.00
v 1690.00 3.09 -1838.38
v 1690.00 1.46 -1839.46
v 1690.00 0.38 -1841.09
v 1690.00 0.00 -1843.00
v 1690.00 0.38 -1844.91
v 1690.00 1.46 -1846.54
v 1690.00 3.09 -1847.62
v 1690.00 5.00 -1848.00
v 1690.00 6.91 -1847.62
v 1690.00 8.54 -1846.54
v 1690.00 9.62 -1844.91
v 1720.00 10.00 -1843.00
v 1720.00 9.62 -1841.09
v 1720.00 8.54 -1839.46
v 1720.00 6.91 -1838.38
v 1720.00 5.00 -1838.00
v 1720.00 3.09 -1838.38
v 1720.00 1.46 -1839.46
v 1720.00 0.38 -1841.09
v 1720.00 0.00 -1843.00
v 1720.00 0.38 -1844.91
v 1720.00 1.46 -1846.54
v 1720.00 3.09 -1847.62
v 1720.00 5.00 -1848.00
v 1720.00 6.91 -1847.62
v 1720.00 8.54 -1846.54
v 1720.00 9.62 -1844.91
v 1690.00 10.00 -1861.00
v 1690.00 9.62 -1859.09
v 1690.00 8.54 -1857.46
v 1690.00 6.91 -1856.38
v 1690.00 5.00 -1856.00
v 1690.00 3.09 -1856.38
v 1690.00 1.46 -1857.46
v 1690.00 0.38 -1859.09
v 1690.00 0.00 -1861.00
v 1690.00 0.38 -1862.91
v 1690.00 1.46 -1864.54
v 1690.00 3.09 -1865.62
v 1690.00 5.00 -1866.00
v 1690.00 6.91 -1865.62
v 1690.00 8.54 -1864.54
v 1690.00 9.62 -1862.91
v 1720.00 10.00 -1861.00
v 1720.00 9.62 -1859.09
v 1720.00 8.54 -1857.46
v 1720.00 6.91 -1856.38
v 1720.00 5.00 -1856.00
v 1720.00 3.09 -1856.38
v 1720.00 1.46 -1857.46
v 1720.00 0.38 -1859.09
v 1720.00 0.00 -1861.00
v 1720.00 0.38 -1862.91
v 1720.00 1.46 -1864.54
v 1720.00 3.09 -1865.62
v 1720.00 5.00 -1866.00
v 1720.00 6.91 -1865.62
v 1720.00 8.54 -1864.54
v 1720.00 9.62 -1862.91
v 1620.00 0.00 -1770.00
v 1670.00 0.00 -1770.00
v 1620.00 0.00 -1786.00
v 1670.00 0.00 -1786.00
v 1620.00 6.00 -1770.00
v 1670.00 6.00 -1770.00
v 1620.00 6.00 -1786.00
v 1670.00 6.00 -1786.00
v 1700.00 0.00 -1760.00
v 1730.00 0.00 -1760.00
v 1700.00 0.00 -1790.00
v 1730.00 0.00 -1790.00
v 1700.00 16.00 -1760.00
v 1730.00 16.00 -1760.00
v 1700.00 16.00 -1790.00
v 1730.00 16.00 -1790.00
v 1620.00 0.00 -1730.00
v 1636.00 0.00 -1730.00
v 1620.00 0.00 -1738.00
v 1636.00 0.00 -1738.00
v 1620.00 10.00 -1730.00
v 1636.00 10.00 -1730.00
v 1620.00 10.00 -1738.00
v 1636.00 10.00 -1738.00
v 1751.00 0.00 -1867.00
v 1748.70 0.00 -1866.54
v 1746.76 0.00 -1865.24
v 1745.46 0.00 -1863.30
v 1745.00 0.00 -1861.00
v 1745.46 0.00 -1858.70
v 1746.76 0.00 -1856.76
v 1748.70 0.00 -1855.46
v 1751.00 0.00 -1855.00
v 1753.30 0.00 -1855.46
v 1755.24 0.00 -1856.76
v 1756.54 0.00 -1858.70
v 1757.00 0.00 -1861.00
v 1756.54 0.00 -1863.30
v 1755.24 0.00 -1865.24
v 1753.30 0.00 -1866.54
v 1751.00 10.00 -1867.00
v 1748.70 10.00 -1866.54
v 1746.76 10.00 -1865.24
v 1745.46 10.00 -1863.30
v 1745.00 10.00 -1861.00
v 1745.46 10.00 -1858.70
v 1746.76 10.00 -1856.76
v 1748.70 10.00 -1855.46
v 1751.00 10.00 -1855.00
v 1753.30 10.00 -1855.46
v 1755.24 10.00 -1856.76
v 1756.54 10.00 -1858.70
v 1757.00 10.00 -1861.00
v 1756.54 10.00 -1863.30
v 1755.24 10.00 -1865.24
v 1753.30 10.00 -1866.54
v 1740.00 0.00 -1728.00
v 1756.00 0.00 -1728.00
v 1740.00 0.00 -1740.00
v 1756.00 0.00 -1740.00
v 1740.00 8.00 -1728.00
v 1756.00 8.00 -1728.00
v 1740.00 8.00 -1740.00
v 1756.00 8.00 -1740.00
v 613.00 40.00 -808.00
v 643.00 40.00 -808.00
v 613.00 40.00 -826.00
v 643.00 40.00 -826.00
v 613.00 62.00 -808.00
v 643.00 62.00 -808.00
v 613.00 62.00 -826.00
v 643.00 62.00 -826.00
v 621.00 44.00 -826.00
v 639.00 44.00 -826.00
v 621.00 44.00 -985.00
v 639.00 44.00 -985.00
v 621.00 62.00 -826.00
v 639.00 62.00 -826.00
v 621.00 62.00 -985.00
v 639.00 62.00 -985.00
v 568.00 0.00 -985.00
v 608.00 0.00 -985.00
v 568.00 0.00 -1060.00
v 608.00 0.00 -1060.00
v 568.00 90.00 -985.00
v 608.00 90.00 -985.00
v 568.00 90.00 -1060.00
v 608.00 90.00 -1060.00
v 568.00 0.00 -1066.00
v 608.00 0.00 -1066.00
v 568.00 0.00 -1090.00
v 608.00 0.00 -1090.00
v 568.00 8.00 -1066.00
v 608.00 8.00 -1066.00
v 568.00 8.00 -1090.00
v 608.00 8.00 -1090.00
v 615.00 0.00 -985.00
v 655.00 0.00 -985.00
v 615.00 0.00 -1035.00
v 655.00 0.00 -1035.00
v 615.00 30.00 -985.00
v 655.00 30.00 -985.00
v 615.00 30.00 -1035.00
v 655.00 30.00 -1035.00
v 660.00 0.00 -1040.00
v 705.00 0.00 -1040.00
v 660.00 0.00 -1100.00
v 705.00 0.00 -1100.00
v 660.00 15.00 -1040.00
v 705.00 15.00 -1040.00
v 660.00 15.00 -1100.00
v 705.00 15.00 -1100.00
v 630.00 0.00 -1251.00
v 623.95 0.00 -1250.40
v 618.14 0.00 -1248.64
v 612.78 0.00 -1245.78
v 608.08 0.00 -1241.92
v 604.22 0.00 -1237.22
v 601.36 0.00 -1231.86
v 599.60 0.00 -1226.05
v 599.00 0.00 -1220.00
v 599.60 0.00 -1213.95
v 601.36 0.00 -1208.14
v 604.22 0.00 -1202.78
v 608.08 0.00 -1198.08
v 612.78 0.00 -1194.22
v 618.14 0.00 -1191.36
v 623.95 0.00 -1189.60
v 630.00 0.00 -1189.00
v 636.05 0.00 -1189.60
v 641.86 0.00 -1191.36
v 647.22 0.00 -1194.22
v 651.92 0.00 -1198.08
v 655.78 0.00 -1202.78
v 658.64 0.00 -1208.14
v 660.40 0.00 -1213.95
v 661.00 0.00 -1220.00
v 660.40 0.00 -1226.05
v 658.64 0.00 -1231.86
v 655.78 0.00 -1237.22
v 651.92 0.00 -1241.92
v 647.22 0.00 -1245.78
v 641.86 0.00 -1248.64
v 636.05 0.00 -1250.40
v 630.00 262.00 -1251.00
v 623.95 262.00 -1250.40
v 618.14 262.00 -1248.64
v 612.78 262.00 -1245.78
v 608.08 262.00 -1241.92
v 604.22 262.00 -1237.22
v 601.36 262.00 -1231.86
v 599.60 262.00 -1226.05
v 599.00 262.00 -1220.00
v 599.60 262.00 -1213.95
v 601.36 262.00 -1208.14
v 604.22 262.00 -1202.78
v 608.08 262.00 -1198.08
v 612.78 262.00 -1194.22
v 618.14 262.00 -1191.36
v 623.95 262.00 -1189.60
v 630.00 262.00 -1189.00
v 636.05 262.00 -1189.60
v 641.86 262.00 -1191.36
v 647.22 262.00 -1194.22
v 651.92 262.00 -1198.08
v 655.78 262.00 -1202.78
v 658.64 262.00 -1208.14
v 660.40 262.00 -1213.95
v 661.00 262.00 -1220.00
v 660.40 262.00 -1226.05
v 658.64 262.00 -1231.86
v 655.78 262.00 -1237.22
v 651.92 262.00 -1241.92
v 647.22 262.00 -1245.78
v 641.86 262.00 -1248.64
v 636.05 262.00 -1250.40
v 630.00 262.00 -1229.00
v 626.56 262.00 -1228.31
v 623.64 262.00 -1226.36
v 621.69 262.00 -1223.44
v 621.00 262.00 -1220.00
v 621.69 262.00 -1216.56
v 623.64 262.00 -1213.64
v 626.56 262.00 -1211.69
v 630.00 262.00 -1211.00
v 633.44 262.00 -1211.69
v 636.36 262.00 -1213.64
v 638.31 262.00 -1216.56
v 639.00 262.00 -1220.00
v 638.31 262.00 -1223.44
v 636.36 262.00 -1226.36
v 633.44 262.00 -1228.31
v 630.00 313.00 -1229.00
v 626.56 313.00 -1228.31
v 623.64 313.00 -1226.36
v 621.69 313.00 -1223.44
v 621.00 313.00 -1220.00
v 621.69 313.00 -1216.56
v 623.64 313.00 -1213.64
v 626.56 313.00 -1211.69
v 630.00 313.00 -1211.00
v 633.44 313.00 -1211.69
v 636.36 313.00 -1213.64
v 638.31 313.00 -1216.56
v 639.00 313.00 -1220.00
v 638.31 313.00 -1223.44
v 636.36 313.00 -1226.36
v 633.44 313.00 -1228.31
v 675.00 0.00 -1150.00
v 705.00 0.00 -1150.00
v 675.00 0.00 -1195.00
v 705.00 0.00 -1195.00
v 675.00 8.00 -1150.00
v 705.00 8.00 -1150.00
v 675.00 8.00 -1195.00
v 705.00 8.00 -1195.00
v 773.00 40.00 -808.00
v 803.00 40.00 -808.00
v 773.00 40.00 -826.00
v 803.00 40.00 -826.00
v 773.00 62.00 -808.00
v 803.00 62.00 -808.00
v 773.00 62.00 -826.00
v 803.00 62.00 -826.00
v 781.00 44.00 -826.00
v 799.00 44.00 -826.00
v 781.00 44.00 -985.00
v 799.00 44.00 -985.00
v 781.00 62.00 -826.00
v 799.00 62.00 -826.00
v 781.00 62.00 -985.00
v 799.00 62.00 -985.00
v 728.00 0.00 -985.00
v 768.00 0.00 -985.00
v 728.00 0.00 -1060.00
v 768.00 0.00 -1060.00
v 728.00 90.00 -985.00
v 768.00 90.00 -985.00
v 728.00 90.00 -1060.00
v 768.00 90.00 -1060.00
v 728.00 0.00 -1066.00
v 768.00 0.00 -1066.00
v 728.00 0.00 -1090.00
v 768.00 0.00 -1090.00
v 728.00 8.00 -1066.00
v 768.00 8.00 -1066.00
v 728.00 8.00 -1090.00
v 768.00 8.00 -1090.00
v 775.00 0.00 -985.00
v 815.00 0.00 -985.00
v 775.00 0.00 -1035.00
v 815.00 0.00 -1035.00
v 775.00 30.00 -985.00
v 815.00 30.00 -985.00
v 775.00 30.00 -1035.00
v 815.00 30.00 -1035.00
v 820.00 0.00 -1040.00
v 865.00 0.00 -1040.00
v 820.00 0.00 -1100.00
v 865.00 0.00 -1100.00
v 820.00 15.00 -1040.00
v 865.00 15.00 -1040.00
v 820.00 15.00 -1100.00
v 865.00 15.00 -1100.00
v 790.00 0.00 -1251.00
v 783.95 0.00 -1250.40
v 778.14 0.00 -1248.64
v 772.78 0.00 -1245.78
v 768.08 0.00 -1241.92
v 764.22 0.00 -1237.22
v 761.36 0.00 -1231.86
v 759.60 0.00 -1226.05
v 759.00 0.00 -1220.00
v 759.60 0.00 -1213.95
v 761.36 0.00 -1208.14
v 764.22 0.00 -1202.78
v 768.08 0.00 -1198.08
v 772.78 0.00 -1194.22
v 778.14 0.00 -1191.36
v 783.95 0.00 -1189.60
v 790.00 0.00 -1189.00
v 796.05 0.00 -1189.60
v 801.86 0.00 -1191.36
v 807.22 0.00 -1194.22
v 811.92 0.00 -1198.08
v 815.78 0.00 -1202.78
v 818.64 0.00 -1208.14
v 820.40 0.00 -1213.95
v 821.00 0.00 -1220.00
v 820.40 0.00 -1226.05
v 818.64 0.00 -1231.86
v 815.78 0.00 -1237.22
v 811.92 0.00 -1241.92
v 807.22 0.00 -1245.78
v 801.86 0.00 -1248.64
v 796.05 0.00 -1250.40
v 790.00 262.00 -1251.00
v 783.95 262.00 -1250.40
v 778.14 262.00 -1248.64
v 772.78 262.00 -1245.78
v 768.08 262.00 -1241.92
v 764.22 262.00 -1237.22
v 761.36 262.00 -1231.86
v 759.60 262.00 -1226.05
v 759.00 262.00 -1220.00
v 759.60 262.00 -1213.95
v 761.36 262.00 -1208.14
v 764.22 262.00 -1202.78
v 768.08 262.00 -1198.08
v 772.78 262.00 -1194.22
v 778.14 262.00 -1191.36
v 783.95 262.00 -1189.60
v 790.00 262.00 -1189.00
v 796.05 262.00 -1189.60
v 801.86 262.00 -1191.36
v 807.22 262.00 -1194.22
v 811.92 262.00 -1198.08
v 815.78 262.00 -1202.78
v 818.64 262.00 -1208.14
v 820.40 262.00 -1213.95
v 821.00 262.00 -1220.00
v 820.40 262.00 -1226.05
v 818.64 262.00 -1231.86
v 815.78 262.00 -1237.22
v 811.92 262.00 -1241.92
v 807.22 262.00 -1245.78
v 801.86 262.00 -1248.64
v 796.05 262.00 -1250.40
v 790.00 262.00 -1229.00
v 786.56 262.00 -1228.31
v 783.64 262.00 -1226.36
v 781.69 262.00 -1223.44
v 781.00 262.00 -1220.00
v 781.69 262.00 -1216.56
v 783.64 262.00 -1213.64
v 786.56 262.00 -1211.69
v 790.00 262.00 -1211.00
v 793.44 262.00 -1211.69
v 796.36 262.00 -1213.64
v 798.31 262.00 -1216.56
v 799.00 262.00 -1220.00
v 798.31 262.00 -1223.44
v 796.36 262.00 -1226.36
v 793.44 262.00 -1228.31
v 790.00 313.00 -1229.00
v 786.56 313.00 -1228.31
v 783.64 313.00 -1226.36
v 781.69 313.00 -1223.44
v 781.00 313.00 -1220.00
v 781.69 313.00 -1216.56
v 783.64 313.00 -1213.64
v 786.56 313.00 -1211.69
v 790.00 313.00 -1211.00
v 793.44 313.00 -1211.69
v 796.36 313.00 -1213.64
v 798.31 313.00 -1216.56
v 799.00 313.00 -1220.00
v 798.31 313.00 -1223.44
v 796.36 313.00 -1226.36
v 793.44 313.00 -1228.31
v 835.00 0.00 -1150.00
v 865.00 0.00 -1150.00
v 835.00 0.00 -1195.00
v 865.00 0.00 -1195.00
v 835.00 8.00 -1150.00
v 865.00 8.00 -1150.00
v 835.00 8.00 -1195.00
v 865.00 8.00 -1195.00
v 933.00 40.00 -808.00
v 963.00 40.00 -808.00
v 933.00 40.00 -826.00
v 963.00 40.00 -826.00
v 933.00 62.00 -808.00
v 963.00 62.00 -808.00
v 933.00 62.00 -826.00
v 963.00 62.00 -826.00
v 941.00 44.00 -826.00
v 959.00 44.00 -826.00
v 941.00 44.00 -985.00
v 959.00 44.00 -985.00
v 941.00 62.00 -826.00
v 959.00 62.00 -826.00
v 941.00 62.00 -985.00
v 959.00 62.00 -985.00
v 888.00 0.00 -985.00
v 928.00 0.00 -985.00
v 888.00 0.00 -1060.00
v 928.00 0.00 -1060.00
v 888.00 90.00 -985.00
v 928.00 90.00 -985.00
v 888.00 90.00 -1060.00
v 928.00 90.00 -1060.00
v 888.00 0.00 -1066.00
v 928.00 0.00 -1066.00
v 888.00 0.00 -1090.00
v 928.00 0.00 -1090.00
v 888.00 8.00 -1066.00
v 928.00 8.00 -1066.00
v 888.00 8.00 -1090.00
v 928.00 8.00 -1090.00
v 935.00 0.00 -985.00
v 975.00 0.00 -985.00
v 935.00 0.00 -1035.00
v 975.00 0.00 -1035.00
v 935.00 30.00 -985.00
v 975.00 30.00 -985.00
v 935.00 30.00 -1035.00
v 975.00 30.00 -1035.00
v 980.00 0.00 -1040.00
v 1025.00 0.00 -1040.00
v 980.00 0.00 -1100.00
v 1025.00 0.00 -1100.00
v 980.00 15.00 -1040.00
v 1025.00 15.00 -1040.00
v 980.00 15.00 -1100.00
v 1025.00 15.00 -1100.00
v 950.00 0.00 -1251.00
v 943.95 0.00 -1250.40
v 938.14 0.00 -1248.64
v 932.78 0.00 -1245.78
v 928.08 0.00 -1241.92
v 924.22 0.00 -1237.22
v 921.36 0.00 -1231.86
v 919.60 0.00 -1226.05
v 919.00 0.00 -1220.00
v 919.60 0.00 -1213.95
v 921.36 0.00 -1208.14
v 924.22 0.00 -1202.78
v 928.08 0.00 -1198.08
v 932.78 0.00 -1194.22
v 938.14 0.00 -1191.36
v 943.95 0.00 -1189.60
v 950.00 0.00 -1189.00
v 956.05 0.00 -1189.60
v 961.86 0.00 -1191.36
v 967.22 0.00 -1194.22
v 971.92 0.00 -1198.08
v 975.78 0.00 -1202.78
v 978.64 0.00 -1208.14
v 980.40 0.00 -1213.95
v 981.00 0.00 -1220.00
v 980.40 0.00 -1226.05
v 978.64 0.00 -1231.86
v 975.78 0.00 -1237.22
v 971.92 0.00 -1241.92
v 967.22 0.00 -1245.78
v 961.86 0.00 -1248.64
v 956.05 0.00 -1250.40
v 950.00 262.00 -1251.00
v 943.95 262.00 -1250.40
v 938.14 262.00 -1248.64
v 932.78 262.00 -1245.78
v 928.08 262.00 -1241.92
v 924.22 262.00 -1237.22
v 921.36 262.00 -1231.86
v 919.60 262.00 -1226.05
v 919.00 262.00 -1220.00
v 919.60 262.00 -1213.95
v 921.36 262.00 -1208.14
v 924.22 262.00 -1202.78
v 928.08 262.00 -1198.08
v 932.78 262.00 -1194.22
v 938.14 262.00 -1191.36
v 943.95 262.00 -1189.60
v 950.00 262.00 -1189.00
v 956.05 262.00 -1189.60
v 961.86 262.00 -1191.36
v 967.22 262.00 -1194.22
v 971.92 262.00 -1198.08
v 975.78 262.00 -1202.78
v 978.64 262.00 -1208.14
v 980.40 262.00 -1213.95
v 981.00 262.00 -1220.00
v 980.40 262.00 -1226.05
v 978.64 262.00 -1231.86
v 975.78 262.00 -1237.22
v 971.92 262.00 -1241.92
v 967.22 262.00 -1245.78
v 961.86 262.00 -1248.64
v 956.05 262.00 -1250.40
v 950.00 262.00 -1229.00
v 946.56 262.00 -1228.31
v 943.64 262.00 -1226.36
v 941.69 262.00 -1223.44
v 941.00 262.00 -1220.00
v 941.69 262.00 -1216.56
v 943.64 262.00 -1213.64
v 946.56 262.00 -1211.69
v 950.00 262.00 -1211.00
v 953.44 262.00 -1211.69
v 956.36 262.00 -1213.64
v 958.31 262.00 -1216.56
v 959.00 262.00 -1220.00
v 958.31 262.00 -1223.44
v 956.36 262.00 -1226.36
v 953.44 262.00 -1228.31
v 950.00 313.00 -1229.00
v 946.56 313.00 -1228.31
v 943.64 313.00 -1226.36
v 941.69 313.00 -1223.44
v 941.00 313.00 -1220.00
v 941.69 313.00 -1216.56
v 943.64 313.00 -1213.64
v 946.56 313.00 -1211.69
v 950.00 313.00 -1211.00
v 953.44 313.00 -1211.69
v 956.36 313.00 -1213.64
v 958.31 313.00 -1216.56
v 959.00 313.00 -1220.00
v 958.31 313.00 -1223.44
v 956.36 313.00 -1226.36
v 953.44 313.00 -1228.31
v 995.00 0.00 -1150.00
v 1025.00 0.00 -1150.00
v 995.00 0.00 -1195.00
v 1025.00 0.00 -1195.00
v 995.00 8.00 -1150.00
v 1025.00 8.00 -1150.00
v 995.00 8.00 -1195.00
v 1025.00 8.00 -1195.00
v 1070.00 0.00 -1210.00
v 1065.61 0.00 -1209.57
v 1061.39 0.00 -1208.29
v 1057.50 0.00 -1206.21
v 1054.09 0.00 -1203.41
v 1051.29 0.00 -1200.00
v 1049.21 0.00 -1196.11
v 1047.93 0.00 -1191.89
v 1047.50 0.00 -1187.50
v 1047.93 0.00 -1183.11
v 1049.21 0.00 -1178.89
v 1051.29 0.00 -1175.00
v 1054.09 0.00 -1171.59
v 1057.50 0.00 -1168.79
v 1061.39 0.00 -1166.71
v 1065.61 0.00 -1165.43
v 1070.00 0.00 -1165.00
v 1074.39 0.00 -1165.43
v 1078.61 0.00 -1166.71
v 1082.50 0.00 -1168.79
v 1085.91 0.00 -1171.59
v 1088.71 0.00 -1175.00
v 1090.79 0.00 -1178.89
v 1092.07 0.00 -1183.11
v 1092.50 0.00 -1187.50
v 1092.07 0.00 -1191.89
v 1090.79 0.00 -1196.11
v 1088.71 0.00 -1200.00
v 1085.91 0.00 -1203.41
v 1082.50 0.00 -1206.21
v 1078.61 0.00 -1208.29
v 1074.39 0.00 -1209.57
v 1070.00 207.00 -1210.00
v 1065.61 207.00 -1209.57
v 1061.39 207.00 -1208.29
v 1057.50 207.00 -1206.21
v 1054.09 207.00 -1203.41
v 1051.29 207.00 -1200.00
v 1049.21 207.00 -1196.11
v 1047.93 207.00 -1191.89
v 1047.50 207.00 -1187.50
v 1047.93 207.00 -1183.11
v 1049.21 207.00 -1178.89
v 1051.29 207.00 -1175.00
v 1054.09 207.00 -1171.59
v 1057.50 207.00 -1168.79
v 1061.39 207.00 -1166.71
v 1065.61 207.00 -1165.43
v 1070.00 207.00 -1165.00
v 1074.39 207.00 -1165.43
v 1078.61 207.00 -1166.71
v 1082.50 207.00 -1168.79
v 1085.91 207.00 -1171.59
v 1088.71 207.00 -1175.00
v 1090.79 207.00 -1178.89
v 1092.07 207.00 -1183.11
v 1092.50 207.00 -1187.50
v 1092.07 207.00 -1191.89
v 1090.79 207.00 -1196.11
v 1088.71 207.00 -1200.00
v 1085.91 207.00 -1203.41
v 1082.50 207.00 -1206.21
v 1078.61 207.00 -1208.29
v 1074.39 207.00 -1209.57
v 1050.00 0.00 -1105.00
v 1090.00 0.00 -1105.00
v 1050.00 0.00 -1150.00
v 1090.00 0.00 -1150.00
v 1050.00 30.00 -1105.00
v 1090.00 30.00 -1105.00
v 1050.00 30.00 -1150.00
v 1090.00 30.00 -1150.00
v 1120.00 0.00 -1210.00
v 1115.61 0.00 -1209.57
v 1111.39 0.00 -1208.29
v 1107.50 0.00 -1206.21
v 1104.09 0.00 -1203.41
v 1101.29 0.00 -1200.00
v 1099.21 0.00 -1196.11
v 1097.93 0.00 -1191.89
v 1097.50 0.00 -1187.50
v 1097.93 0.00 -1183.11
v 1099.21 0.00 -1178.89
v 1101.29 0.00 -1175.00
v 1104.09 0.00 -1171.59
v 1107.50 0.00 -1168.79
v 1111.39 0.00 -1166.71
v 1115.61 0.00 -1165.43
v 1120.00 0.00 -1165.00
v 1124.39 0.00 -1165.43
v 1128.61 0.00 -1166.71
v 1132.50 0.00 -1168.79
v 1135.91 0.00 -1171.59
v 1138.71 0.00 -1175.00
v 1140.79 0.00 -1178.89
v 1142.07 0.00 -1183.11
v 1142.50 0.00 -1187.50
v 1142.07 0.00 -1191.89
v 1140.79 0.00 -1196.11
v 1138.71 0.00 -1200.00
v 1135.91 0.00 -1203.41
v 1132.50 0.00 -1206.21
v 1128.61 0.00 -1208.29
v 1124.39 0.00 -1209.57
v 1120.00 207.00 -1210.00
v 1115.61 207.00 -1209.57
v 1111.39 207.00 -1208.29
v 1107.50 207.00 -1206.21
v 1104.09 207.00 -1203.41
v 1101.29 207.00 -1200.00
v 1099.21 207.00 -1196.11
v 1097.93 207.00 -1191.89
v 1097.50 207.00 -1187.50
v 1097.93 207.00 -1183.11
v 1099.21 207.00 -1178.89
v 1101.29 207.00 -1175.00
v 1104.09 207.00 -1171.59
v 1107.50 207.00 -1168.79
v 1111.39 207.00 -1166.71
v 1115.61 207.00 -1165.43
v 1120.00 207.00 -1165.00
v 1124.39 207.00 -1165.43
v 1128.61 207.00 -1166.71
v 1132.50 207.00 -1168.79
v 1135.91 207.00 -1171.59
v 1138.71 207.00 -1175.00
v 1140.79 207.00 -1178.89
v 1142.07 207.00 -1183.11
v 1142.50 207.00 -1187.50
v 1142.07 207.00 -1191.89
v 1140.79 207.00 -1196.11
v 1138.71 207.00 -1200.00
v 1135.91 207.00 -1203.41
v 1132.50 207.00 -1206.21
v 1128.61 207.00 -1208.29
v 1124.39 207.00 -1209.57
v 1100.00 0.00 -1105.00
v 1140.00 0.00 -1105.00
v 1100.00 0.00 -1150.00
v 1140.00 0.00 -1150.00
v 1100.00 30.00 -1105.00
v 1140.00 30.00 -1105.00
v 1100.00 30.00 -1150.00
v 1140.00 30.00 -1150.00
v 1170.00 0.00 -1210.00
v 1165.61 0.00 -1209.57
v 1161.39 0.00 -1208.29
v 1157.50 0.00 -1206.21
v 1154.09 0.00 -1203.41
v 1151.29 0.00 -1200.00
v 1149.21 0.00 -1196.11
v 1147.93 0.00 -1191.89
v 1147.50 0.00 -1187.50
v 1147.93 0.00 -1183.11
v 1149.21 0.00 -1178.89
v 1151.29 0.00 -1175.00
v 1154.09 0.00 -1171.59
v 1157.50 0.00 -1168.79
v 1161.39 0.00 -1166.71
v 1165.61 0.00 -1165.43
v 1170.00 0.00 -1165.00
v 1174.39 0.00 -1165.43
v 1178.61 0.00 -1166.71
v 1182.50 0.00 -1168.79
v 1185.91 0.00 -1171.59
v 1188.71 0.00 -1175.00
v 1190.79 0.00 -1178.89
v 1192.07 0.00 -1183.11
v 1192.50 0.00 -1187.50
v 1192.07 0.00 -1191.89
v 1190.79 0.00 -1196.11
v 1188.71 0.00 -1200.00
v 1185.91 0.00 -1203.41
v 1182.50 0.00 -1206.21
v 1178.61 0.00 -1208.29
v 1174.39 0.00 -1209.57
v 1170.00 207.00 -1210.00
v 1165.61 207.00 -1209.57
v 1161.39 207.00 -1208.29
v 1157.50 207.00 -1206.21
v 1154.09 207.00 -1203.41
v 1151.29 207.00 -1200.00
v 1149.21 207.00 -1196.11
v 1147.93 207.00 -1191.89
v 1147.50 207.00 -1187.50
v 1147.93 207.00 -1183.11
v 1149.21 207.00 -1178.89
v 1151.29 207.00 -1175.00
v 1154.09 207.00 -1171.59
v 1157.50 207.00 -1168.79
v 1161.39 207.00 -1166.71
v 1165.61 207.00 -1165.43
v 1170.00 207.00 -1165.00
v 1174.39 207.00 -1165.43
v 1178.61 207.00 -1166.71
v 1182.50 207.00 -1168.79
v 1185.91 207.00 -1171.59
v 1188.71 207.00 -1175.00
v 1190.79 207.00 -1178.89
v 1192.07 207.00 -1183.11
v 1192.50 207.00 -1187.50
v 1192.07 207.00 -1191.89
v 1190.79 207.00 -1196.11
v 1188.71 207.00 -1200.00
v 1185.91 207.00 -1203.41
v 1182.50 207.00 -1206.21
v 1178.61 207.00 -1208.29
v 1174.39 207.00 -1209.57
v 1150.00 0.00 -1105.00
v 1190.00 0.00 -1105.00
v 1150.00 0.00 -1150.00
v 1190.00 0.00 -1150.00
v 1150.00 30.00 -1105.00
v 1190.00 30.00 -1105.00
v 1150.00 30.00 -1150.00
v 1190.00 30.00 -1150.00
v 1210.00 0.00 -1105.00
v 1260.00 0.00 -1105.00
v 1210.00 0.00 -1150.00
v 1260.00 0.00 -1150.00
v 1210.00 25.00 -1105.00
v 1260.00 25.00 -1105.00
v 1210.00 25.00 -1150.00
v 1260.00 25.00 -1150.00
v 1210.00 0.00 -1165.00
v 1300.00 0.00 -1165.00
v 1210.00 0.00 -1225.00
v 1300.00 0.00 -1225.00
v 1210.00 30.00 -1165.00
v 1300.00 30.00 -1165.00
v 1210.00 30.00 -1225.00
v 1300.00 30.00 -1225.00
v 1210.00 0.00 -1235.00
v 1300.00 0.00 -1235.00
v 1210.00 0.00 -1265.00
v 1300.00 0.00 -1265.00
v 1210.00 15.00 -1235.00
v 1300.00 15.00 -1235.00
v 1210.00 15.00 -1265.00
v 1300.00 15.00 -1265.00
v 1310.00 0.00 -1230.00
v 1435.00 0.00 -1230.00
v 1310.00 0.00 -1345.00
v 1435.00 0.00 -1345.00
v 1310.00 35.00 -1230.00
v 1435.00 35.00 -1230.00
v 1310.00 35.00 -1345.00
v 1435.00 35.00 -1345.00
v 1360.00 0.00 -1160.00
v 1435.00 0.00 -1160.00
v 1360.00 0.00 -1220.00
v 1435.00 0.00 -1220.00
v 1360.00 20.00 -1160.00
v 1435.00 20.00 -1160.00
v 1360.00 20.00 -1220.00
v 1435.00 20.00 -1220.00
v 1060.00 0.00 -985.00
v 1200.00 0.00 -985.00
v 1060.00 0.00 -1050.00
v 1200.00 0.00 -1050.00
v 1060.00 24.00 -985.00
v 1200.00 24.00 -985.00
v 1060.00 24.00 -1050.00
v 1200.00 24.00 -1050.00
v 1210.00 0.00 -985.00
v 1250.00 0.00 -985.00
v 1210.00 0.00 -1030.00
v 1250.00 0.00 -1030.00
v 1210.00 22.00 -985.00
v 1250.00 22.00 -985.00
v 1210.00 22.00 -1030.00
v 1250.00 22.00 -1030.00
v 1260.00 0.00 -985.00
v 1300.00 0.00 -985.00
v 1260.00 0.00 -1030.00
v 1300.00 0.00 -1030.00
v 1260.00 22.00 -985.00
v 1300.00 22.00 -985.00
v 1260.00 22.00 -1030.00
v 1300.00 22.00 -1030.00
v 1310.00 0.00 -985.00
v 1350.00 0.00 -985.00
v 1310.00 0.00 -1030.00
v 1350.00 0.00 -1030.00
v 1310.00 12.00 -985.00
v 1350.00 12.00 -985.00
v 1310.00 12.00 -1030.00
v 1350.00 12.00 -1030.00
v 1360.00 0.00 -985.00
v 1435.00 0.00 -985.00
v 1360.00 0.00 -1030.00
v 1435.00 0.00 -1030.00
v 1360.00 16.00 -985.00
v 1435.00 16.00 -985.00
v 1360.00 16.00 -1030.00
v 1435.00 16.00 -1030.00
v 440.00 0.00 -1740.00
v 1190.00 0.00 -1740.00
v 440.00 0.00 -1860.00
v 1190.00 0.00 -1860.00
v 440.00 42.00 -1740.00
v 1190.00 42.00 -1740.00
v 440.00 42.00 -1860.00
v 1190.00 42.00 -1860.00
v 465.00 42.00 -1788.00
v 461.49 42.00 -1787.65
v 458.11 42.00 -1786.63
v 455.00 42.00 -1784.97
v 452.27 42.00 -1782.73
v 450.03 42.00 -1780.00
v 448.37 42.00 -1776.89
v 447.35 42.00 -1773.51
v 447.00 42.00 -1770.00
v 447.35 42.00 -1766.49
v 448.37 42.00 -1763.11
v 450.03 42.00 -1760.00
v 452.27 42.00 -1757.27
v 455.00 42.00 -1755.03
v 458.11 42.00 -1753.37
v 461.49 42.00 -1752.35
v 465.00 42.00 -1752.00
v 468.51 42.00 -1752.35
v 471.89 42.00 -1753.37
v 475.00 42.00 -1755.03
v 477.73 42.00 -1757.27
v 479.97 42.00 -1760.00
v 481.63 42.00 -1763.11
v 482.65 42.00 -1766.49
v 483.00 42.00 -1770.00
v 482.65 42.00 -1773.51
v 481.63 42.00 -1776.89
v 479.97 42.00 -1780.00
v 477.73 42.00 -1782.73
v 475.00 42.00 -1784.97
v 471.89 42.00 -1786.63
v 468.51 42.00 -1787.65
v 465.00 50.00 -1788.00
v 461.49 50.00 -1787.65
v 458.11 50.00 -1786.63
v 455.00 50.00 -1784.97
v 452.27 50.00 -1782.73
v 450.03 50.00 -1780.00
v 448.37 50.00 -1776.89
v 447.35 50.00 -1773.51
v 447.00 50.00 -1770.00
v 447.35 50.00 -1766.49
v 448.37 50.00 -1763.11
v 450.03 50.00 -1760.00
v 452.27 50.00 -1757.27
v 455.00 50.00 -1755.03
v 458.11 50.00 -1753.37
v 461.49 50.00 -1752.35
v 465.00 50.00 -1752.00
v 468.51 50.00 -1752.35
v 471.89 50.00 -1753.37
v 475.00 50.00 -1755.03
v 477.73 50.00 -1757.27
v 479.97 50.00 -1760.00
v 481.63 50.00 -1763.11
v 482.65 50.00 -1766.49
v 483.00 50.00 -1770.00
v 482.65 50.00 -1773.51
v 481.63 50.00 -1776.89
v 479.97 50.00 -1780.00
v 477.73 50.00 -1782.73
v 475.00 50.00 -1784.97
v 471.89 50.00 -1786.63
v 468.51 50.00 -1787.65
v 465.00 42.00 -1848.00
v 461.49 42.00 -1847.65
v 458.11 42.00 -1846.63
v 455.00 42.00 -1844.97
v 452.27 42.00 -1842.73
v 450.03 42.00 -1840.00
v 448.37 42.00 -1836.89
v 447.35 42.00 -1833.51
v 447.00 42.00 -1830.00
v 447.35 42.00 -1826.49
v 448.37 42.00 -1823.11
v 450.03 42.00 -1820.00
v 452.27 42.00 -1817.27
v 455.00 42.00 -1815.03
v 458.11 42.00 -1813.37
v 461.49 42.00 -1812.35
v 465.00 42.00 -1812.00
v 468.51 42.00 -1812.35
v 471.89 42.00 -1813.37
v 475.00 42.00 -1815.03
v 477.73 42.00 -1817.27
v 479.97 42.00 -1820.00
v 481.63 42.00 -1823.11
v 482.65 42.00 -1826.49
v 483.00 42.00 -1830.00
v 482.65 42.00 -1833.51
v 481.63 42.00 -1836.89
v 479.97 42.00 -1840.00
v 477.73 42.00 -1842.73
v 475.00 42.00 -1844.97
v 471.89 42.00 -1846.63
v 468.51 42.00 -1847.65
v 465.00 50.00 -1848.00
v 461.49 50.00 -1847.65
v 458.11 50.00 -1846.63
v 455.00 50.00 -1844.97
v 452.27 50.00 -1842.73
v 450.03 50.00 -1840.00
v 448.37 50.00 -1836.89
v 447.35 50.00 -1833.51
v 447.00 50.00 -1830.00
v 447.35 50.00 -1826.49
v 448.37 50.00 -1823.11
v 450.03 50.00 -1820.00
v 452.27 50.00 -1817.27
v 455.00 50.00 -1815.03
v 458.11 50.00 -1813.37
v 461.49 50.00 -1812.35
v 465.00 50.00 -1812.00
v 468.51 50.00 -1812.35
v 471.89 50.00 -1813.37
v 475.00 50.00 -1815.03
v 477.73 50.00 -1817.27
v 479.97 50.00 -1820.00
v 481.63 50.00 -1823.11
v 482.65 50.00 -1826.49
v 483.00 50.00 -1830.00
v 482.65 50.00 -1833.51
v 481.63 50.00 -1836.89
v 479.97 50.00 -1840.00
v 477.73 50.00 -1842.73
v 475.00 50.00 -1844.97
v 471.89 50.00 -1846.63
v 468.51 50.00 -1847.65
v 515.00 42.00 -1788.00
v 511.49 42.00 -1787.65
v 508.11 42.00 -1786.63
v 505.00 42.00 -1784.97
v 502.27 42.00 -1782.73
v 500.03 42.00 -1780.00
v 498.37 42.00 -1776.89
v 497.35 42.00 -1773.51
v 497.00 42.00 -1770.00
v 497.35 42.00 -1766.49
v 498.37 42.00 -1763.11
v 500.03 42.00 -1760.00
v 502.27 42.00 -1757.27
v 505.00 42.00 -1755.03
v 508.11 42.00 -1753.37
v 511.49 42.00 -1752.35
v 515.00 42.00 -1752.00
v 518.51 42.00 -1752.35
v 521.89 42.00 -1753.37
v 525.00 42.00 -1755.03
v 527.73 42.00 -1757.27
v 529.97 42.00 -1760.00
v 531.63 42.00 -1763.11
v 532.65 42.00 -1766.49
v 533.00 42.00 -1770.00
v 532.65 42.00 -1773.51
v 531.63 42.00 -1776.89
v 529.97 42.00 -1780.00
v 527.73 42.00 -1782.73
v 525.00 42.00 -1784.97
v 521.89 42.00 -1786.63
v 518.51 42.00 -1787.65
v 515.00 50.00 -1788.00
v 511.49 50.00 -1787.65
v 508.11 50.00 -1786.63
v 505.00 50.00 -1784.97
v 502.27 50.00 -1782.73
v 500.03 50.00 -1780.00
v 498.37 50.00 -1776.89
v 497.35 50.00 -1773.51
v 497.00 50.00 -1770.00
v 497.35 50.00 -1766.49
v 498.37 50.00 -1763.11
v 500.03 50.00 -1760.00
v 502.27 50.00 -1757.27
v 505.00 50.00 -1755.03
v 508.11 50.00 -1753.37
v 511.49 50.00 -1752.35
v 515.00 50.00 -1752.00
v 518.51 50.00 -1752.35
v 521.89 50.00 -1753.37
v 525.00 50.00 -1755.03
v 527.73 50.00 -1757.27
v 529.97 50.00 -1760.00
v 531.63 50.00 -1763.11
v 532.65 50.00 -1766.49
v 533.00 50.00 -1770.00
v 532.65 50.00 -1773.51
v 531.63 50.00 -1776.89
v 529.97 50.00 -1780.00
v 527.73 50.00 -1782.73
v 525.00 50.00 -1784.97
v 521.89 50.00 -1786.63
v 518.51 50.00 -1787.65
v 515.00 42.00 -1848.00
v 511.49 42.00 -1847.65
v 508.11 42.00 -1846.63
v 505.00 42.00 -1844.97
v 502.27 42.00 -1842.73
v 500.03 42.00 -1840.00
v 498.37 42.00 -1836.89
v 497.35 42.00 -1833.51
v 497.00 42.00 -1830.00
v 497.35 42.00 -1826.49
v 498.37 42.00 -1823.11
v 500.03 42.00 -1820.00
v 502.27 42.00 -1817.27
v 505.00 42.00 -1815.03
v 508.11 42.00 -1813.37
v 511.49 42.00 -1812.35
v 515.00 42.00 -1812.00
v 518.51 42.00 -1812.35
v 521.89 42.00 -1813.37
v 525.00 42.00 -1815.03
v 527.73 42.00 -1817.27
v 529.97 42.00 -1820.00
v 531.63 42.00 -1823.11
v 532.65 42.00 -1826.49
v 533.00 42.00 -1830.00
v 532.65 42.00 -1833.51
v 531.63 42.00 -1836.89
v 529.97 42.00 -1840.00
v 527.73 42.00 -1842.73
v 525.00 42.00 -1844.97
v 521.89 42.00 -1846.63
v 518.51 42.00 -1847.65
v 515.00 50.00 -1848.00
v 511.49 50.00 -1847.65
v 508.11 50.00 -1846.63
v 505.00 50.00 -1844.97
v 502.27 50.00 -1842.73
v 500.03 50.00 -1840.00
v 498.37 50.00 -1836.89
v 497.35 50.00 -1833.51
v 497.00 50.00 -1830.00
v 497.35 50.00 -1826.49
v 498.37 50.00 -1823.11
v 500.03 50.00 -1820.00
v 502.27 50.00 -1817.27
v 505.00 50.00 -1815.03
v 508.11 50.00 -1813.37
v 511.49 50.00 -1812.35
v 515.00 50.00 -1812.00
v 518.51 50.00 -1812.35
v 521.89 50.00 -1813.37
v 525.00 50.00 -1815.03
v 527.73 50.00 -1817.27
v 529.97 50.00 -1820.00
v 531.63 50.00 -1823.11
v 532.65 50.00 -1826.49
v 533.00 50.00 -1830.00
v 532.65 50.00 -1833.51
v 531.63 50.00 -1836.89
v 529.97 50.00 -1840.00
v 527.73 50.00 -1842.73
v 525.00 50.00 -1844.97
v 521.89 50.00 -1846.63
v 518.51 50.00 -1847.65
v 565.00 42.00 -1788.00
v 561.49 42.00 -1787.65
v 558.11 42.00 -1786.63
v 555.00 42.00 -1784.97
v 552.27 42.00 -1782.73
v 550.03 42.00 -1780.00
v 548.37 42.00 -1776.89
v 547.35 42.00 -1773.51
v 547.00 42.00 -1770.00
v 547.35 42.00 -1766.49
v 548.37 42.00 -1763.11
v 550.03 42.00 -1760.00
v 552.27 42.00 -1757.27
v 555.00 42.00 -1755.03
v 558.11 42.00 -1753.37
v 561.49 42.00 -1752.35
v 565.00 42.00 -1752.00
v 568.51 42.00 -1752.35
v 571.89 42.00 -1753.37
v 575.00 42.00 -1755.03
v 577.73 42.00 -1757.27
v 579.97 42.00 -1760.00
v 581.63 42.00 -1763.11
v 582.65 42.00 -1766.49
v 583.00 42.00 -1770.00
v 582.65 42.00 -1773.51
v 581.63 42.00 -1776.89
v 579.97 42.00 -1780.00
v 577.73 42.00 -1782.73
v 575.00 42.00 -1784.97
v 571.89 42.00 -1786.63
v 568.51 42.00 -1787.65
v 565.00 50.00 -1788.00
v 561.49 50.00 -1787.65
v 558.11 50.00 -1786.63
v 555.00 50.00 -1784.97
v 552.27 50.00 -1782.73
v 550.03 50.00 -1780.00
v 548.37 50.00 -1776.89
v 547.35 50.00 -1773.51
v 547.00 50.00 -1770.00
v 547.35 50.00 -1766.49
v 548.37 50.00 -1763.11
v 550.03 50.00 -1760.00
v 552.27 50.00 -1757.27
v 555.00 50.00 -1755.03
v 558.11 50.00 -1753.37
v 561.49 50.00 -1752.35
v 565.00 50.00 -1752.00
v 568.51 50.00 -1752.35
v 571.89 50.00 -1753.37
v 575.00 50.00 -1755.03
v 577.73 50.00 -1757.27
v 579.97 50.00 -1760.00
v 581.63 50.00 -1763.11
v 582.65 50.00 -1766.49
v 583.00 50.00 -1770.00
v 582.65 50.00 -1773.51
v 581.63 50.00 -1776.89
v 579.97 50.00 -1780.00
v 577.73 50.00 -1782.73
v 575.00 50.00 -1784.97
v 571.89 50.00 -1786.63
v 568.51 50.00 -1787.65
v 565.00 42.00 -1848.00
v 561.49 42.00 -1847.65
v 558.11 42.00 -1846.63
v 555.00 42.00 -1844.97
v 552.27 42.00 -1842.73
v 550.03 42.00 -1840.00
v 548.37 42.00 -1836.89
v 547.35 42.00 -1833.51
v 547.00 42.00 -1830.00
v 547.35 42.00 -1826.49
v 548.37 42.00 -1823.11
v 550.03 42.00 -1820.00
v 552.27 42.00 -1817.27
v 555.00 42.00 -1815.03
v 558.11 42.00 -1813.37
v 561.49 42.00 -1812.35
v 565.00 42.00 -1812.00
v 568.51 42.00 -1812.35
v 571.89 42.00 -1813.37
v 575.00 42.00 -1815.03
v 577.73 42.00 -1817.27
v 579.97 42.00 -1820.00
v 581.63 42.00 -1823.11
v 582.65 42.00 -1826.49
v 583.00 42.00 -1830.00
v 582.65 42.00 -1833.51
v 581.63 42.00 -1836.89
v 579.97 42.00 -1840.00
v 577.73 42.00 -1842.73
v 575.00 42.00 -1844.97
v 571.89 42.00 -1846.63
v 568.51 42.00 -1847.65
v 565.00 50.00 -1848.00
v 561.49 50.00 -1847.65
v 558.11 50.00 -1846.63
v 555.00 50.00 -1844.97
v 552.27 50.00 -1842.73
v 550.03 50.00 -1840.00
v 548.37 50.00 -1836.89
v 547.35 50.00 -1833.51
v 547.00 50.00 -1830.00
v 547.35 50.00 -1826.49
v 548.37 50.00 -1823.11
v 550.03 50.00 -1820.00
v 552.27 50.00 -1817.27
v 555.00 50.00 -1815.03
v 558.11 50.00 -1813.37
v 561.49 50.00 -1812.35
v 565.00 50.00 -1812.00
v 568.51 50.00 -1812.35
v 571.89 50.00 -1813.37
v 575.00 50.00 -1815.03
v 577.73 50.00 -1817.27
v 579.97 50.00 -1820.00
v 581.63 50.00 -1823.11
v 582.65 50.00 -1826.49
v 583.00 50.00 -1830.00
v 582.65 50.00 -1833.51
v 581.63 50.00 -1836.89
v 579.97 50.00 -1840.00
v 577.73 50.00 -1842.73
v 575.00 50.00 -1844.97
v 571.89 50.00 -1846.63
v 568.51 50.00 -1847.65
v 615.00 42.00 -1788.00
v 611.49 42.00 -1787.65
v 608.11 42.00 -1786.63
v 605.00 42.00 -1784.97
v 602.27 42.00 -1782.73
v 600.03 42.00 -1780.00
v 598.37 42.00 -1776.89
v 597.35 42.00 -1773.51
v 597.00 42.00 -1770.00
v 597.35 42.00 -1766.49
v 598.37 42.00 -1763.11
v 600.03 42.00 -1760.00
v 602.27 42.00 -1757.27
v 605.00 42.00 -1755.03
v 608.11 42.00 -1753.37
v 611.49 42.00 -1752.35
v 615.00 42.00 -1752.00
v 618.51 42.00 -1752.35
v 621.89 42.00 -1753.37
v 625.00 42.00 -1755.03
v 627.73 42.00 -1757.27
v 629.97 42.00 -1760.00
v 631.63 42.00 -1763.11
v 632.65 42.00 -1766.49
v 633.00 42.00 -1770.00
v 632.65 42.00 -1773.51
v 631.63 42.00 -1776.89
v 629.97 42.00 -1780.00
v 627.73 42.00 -1782.73
v 625.00 42.00 -1784.97
v 621.89 42.00 -1786.63
v 618.51 42.00 -1787.65
v 615.00 50.00 -1788.00
v 611.49 50.00 -1787.65
v 608.11 50.00 -1786.63
v 605.00 50.00 -1784.97
v 602.27 50.00 -1782.73
v 600.03 50.00 -1780.00
v 598.37 50.00 -1776.89
v 597.35 50.00 -1773.51
v 597.00 50.00 -1770.00
v 597.35 50.00 -1766.49
v 598.37 50.00 -1763.11
v 600.03 50.00 -1760.00
v 602.27 50.00 -1757.27
v 605.00 50.00 -1755.03
v 608.11 50.00 -1753.37
v 611.49 50.00 -1752.35
v 615.00 50.00 -1752.00
v 618.51 50.00 -1752.35
v 621.89 50.00 -1753.37
v 625.00 50.00 -1755.03
v 627.73 50.00 -1757.27
v 629.97 50.00 -1760.00
v 631.63 50.00 -1763.11
v 632.65 50.00 -1766.49
v 633.00 50.00 -1770.00
v 632.65 50.00 -1773.51
v 631.63 50.00 -1776.89
v 629.97 50.00 -1780.00
v 627.73 50.00 -1782.73
v 625.00 50.00 -1784.97
v 621.89 50.00 -1786.63
v 618.51 50.00 -1787.65
v 615.00 42.00 -1848.00
v 611.49 42.00 -1847.65
v 608.11 42.00 -1846.63
v 605.00 42.00 -1844.97
v 602.27 42.00 -1842.73
v 600.03 42.00 -1840.00
v 598.37 42.00 -1836.89
v 597.35 42.00 -1833.51
v 597.00 42.00 -1830.00
v 597.35 42.00 -1826.49
v 598.37 42.00 -1823.11
v 600.03 42.00 -1820.00
v 602.27 42.00 -1817.27
v 605.00 42.00 -1815.03
v 608.11 42.00 -1813.37
v 611.49 42.00 -1812.35
v 615.00 42.00 -1812.00
v 618.51 42.00 -1812.35
v 621.89 42.00 -1813.37
v 625.00 42.00 -1815.03
v 627.73 42.00 -1817.27
v 629.97 42.00 -1820.00
v 631.63 42.00 -1823.11
v 632.65 42.00 -1826.49
v 633.00 42.00 -1830.00
v 632.65 42.00 -1833.51
v 631.63 42.00 -1836.89
v 629.97 42.00 -1840.00
v 627.73 42.00 -1842.73
v 625.00 42.00 -1844.97
v 621.89 42.00 -1846.63
v 618.51 42.00 -1847.65
v 615.00 50.00 -1848.00
v 611.49 50.00 -1847.65
v 608.11 50.00 -1846.63
v 605.00 50.00 -1844.97
v 602.27 50.00 -1842.73
v 600.03 50.00 -1840.00
v 598.37 50.00 -1836.89
v 597.35 50.00 -1833.51
v 597.00 50.00 -1830.00
v 597.35 50.00 -1826.49
v 598.37 50.00 -1823.11
v 600.03 50.00 -1820.00
v 602.27 50.00 -1817.27
v 605.00 50.00 -1815.03
v 608.11 50.00 -1813.37
v 611.49 50.00 -1812.35
v 615.00 50.00 -1812.00
v 618.51 50.00 -1812.35
v 621.89 50.00 -1813.37
v 625.00 50.00 -1815.03
v 627.73 50.00 -1817.27
v 629.97 50.00 -1820.00
v 631.63 50.00 -1823.11
v 632.65 50.00 -1826.49
v 633.00 50.00 -1830.00
v 632.65 50.00 -1833.51
v 631.63 50.00 -1836.89
v 629.97 50.00 -1840.00
v 627.73 50.00 -1842.73
v 625.00 50.00 -1844.97
v 621.89 50.00 -1846.63
v 618.51 50.00 -1847.65
v 665.00 42.00 -1788.00
v 661.49 42.00 -1787.65
v 658.11 42.00 -1786.63
v 655.00 42.00 -1784.97
v 652.27 42.00 -1782.73
v 650.03 42.00 -1780.00
v 648.37 42.00 -1776.89
v 647.35 42.00 -1773.51
v 647.00 42.00 -1770.00
v 647.35 42.00 -1766.49
v 648.37 42.00 -1763.11
v 650.03 42.00 -1760.00
v 652.27 42.00 -1757.27
v 655.00 42.00 -1755.03
v 658.11 42.00 -1753.37
v 661.49 42.00 -1752.35
v 665.00 42.00 -1752.00
v 668.51 42.00 -1752.35
v 671.89 42.00 -1753.37
v 675.00 42.00 -1755.03
v 677.73 42.00 -1757.27
v 679.97 42.00 -1760.00
v 681.63 42.00 -1763.11
v 682.65 42.00 -1766.49
v 683.00 42.00 -1770.00
v 682.65 42.00 -1773.51
v 681.63 42.00 -1776.89
v 679.97 42.00 -1780.00
v 677.73 42.00 -1782.73
v 675.00 42.00 -1784.97
v 671.89 42.00 -1786.63
v 668.51 42.00 -1787.65
v 665.00 50.00 -1788.00
v 661.49 50.00 -1787.65
v 658.11 50.00 -1786.63
v 655.00 50.00 -1784.97
v 652.27 50.00 -1782.73
v 650.03 50.00 -1780.00
v 648.37 50.00 -1776.89
v 647.35 50.00 -1773.51
v 647.00 50.00 -1770.00
v 647.35 50.00 -1766.49
v 648.37 50.00 -1763.11
v 650.03 50.00 -1760.00
v 652.27 50.00 -1757.27
v 655.00 50.00 -1755.03
v 658.11 50.00 -1753.37
v 661.49 50.00 -1752.35
v 665.00 50.00 -1752.00
v 668.51 50.00 -1752.35
v 671.89 50.00 -1753.37
v 675.00 50.00 -1755.03
v 677.73 50.00 -1757.27
v 679.97 50.00 -1760.00
v 681.63 50.00 -1763.11
v 682.65 50.00 -1766.49
v 683.00 50.00 -1770.00
v 682.65 50.00 -1773.51
v 681.63 50.00 -1776.89
v 679.97 50.00 -1780.00
v 677.73 50.00 -1782.73
v 675.00 50.00 -1784.97
v 671.89 50.00 -1786.63
v 668.51 50.00 -1787.65
v 665.00 42.00 -1848.00
v 661.49 42.00 -1847.65
v 658.11 42.00 -1846.63
v 655.00 42.00 -1844.97
v 652.27 42.00 -1842.73
v 650.03 42.00 -1840.00
v 648.37 42.00 -1836.89
v 647.35 42.00 -1833.51
v 647.00 42.00 -1830.00
v 647.35 42.00 -1826.49
v 648.37 42.00 -1823.11
v 650.03 42.00 -1820.00
v 652.27 42.00 -1817.27
v 655.00 42.00 -1815.03
v 658.11 42.00 -1813.37
v 661.49 42.00 -1812.35
v 665.00 42.00 -1812.00
v 668.51 42.00 -1812.35
v 671.89 42.00 -1813.37
v 675.00 42.00 -1815.03
v 677.73 42.00 -1817.27
v 679.97 42.00 -1820.00
v 681.63 42.00 -1823.11
v 682.65 42.00 -1826.49
v 683.00 42.00 -1830.00
v 682.65 42.00 -1833.51
v 681.63 42.00 -1836.89
v 679.97 42.00 -1840.00
v 677.73 42.00 -1842.73
v 675.00 42.00 -1844.97
v 671.89 42.00 -1846.63
v 668.51 42.00 -1847.65
v 665.00 50.00 -1848.00
v 661.49 50.00 -1847.65
v 658.11 50.00 -1846.63
v 655.00 50.00 -1844.97
v 652.27 50.00 -1842.73
v 650.03 50.00 -1840.00
v 648.37 50.00 -1836.89
v 647.35 50.00 -1833.51
v 647.00 50.00 -1830.00
v 647.35 50.00 -1826.49
v 648.37 50.00 -1823.11
v 650.03 50.00 -1820.00
v 652.27 50.00 -1817.27
v 655.00 50.00 -1815.03
v 658.11 50.00 -1813.37
v 661.49 50.00 -1812.35
v 665.00 50.00 -1812.00
v 668.51 50.00 -1812.35
v 671.89 50.00 -1813.37
v 675.00 50.00 -1815.03
v 677.73 50.00 -1817.27
v 679.97 50.00 -1820.00
v 681.63 50.00 -1823.11
v 682.65 50.00 -1826.49
v 683.00 50.00 -1830.00
v 682.65 50.00 -1833.51
v 681.63 50.00 -1836.89
v 679.97 50.00 -1840.00
v 677.73 50.00 -1842.73
v 675.00 50.00 -1844.97
v 671.89 50.00 -1846.63
v 668.51 50.00 -1847.65
v 715.00 42.00 -1788.00
v 711.49 42.00 -1787.65
v 708.11 42.00 -1786.63
v 705.00 42.00 -1784.97
v 702.27 42.00 -1782.73
v 700.03 42.00 -1780.00
v 698.37 42.00 -1776.89
v 697.35 42.00 -1773.51
v 697.00 42.00 -1770.00
v 697.35 42.00 -1766.49
v 698.37 42.00 -1763.11
v 700.03 42.00 -1760.00
v 702.27 42.00 -1757.27
v 705.00 42.00 -1755.03
v 708.11 42.00 -1753.37
v 711.49 42.00 -1752.35
v 715.00 42.00 -1752.00
v 718.51 42.00 -1752.35
v 721.89 42.00 -1753.37
v 725.00 42.00 -1755.03
v 727.73 42.00 -1757.27
v 729.97 42.00 -1760.00
v 731.63 42.00 -1763.11
v 732.65 42.00 -1766.49
v 733.00 42.00 -1770.00
v 732.65 42.00 -1773.51
v 731.63 42.00 -1776.89
v 729.97 42.00 -1780.00
v 727.73 42.00 -1782.73
v 725.00 42.00 -1784.97
v 721.89 42.00 -1786.63
v 718.51 42.00 -1787.65
v 715.00 50.00 -1788.00
v 711.49 50.00 -1787.65
v 708.11 50.00 -1786.63
v 705.00 50.00 -1784.97
v 702.27 50.00 -1782.73
v 700.03 50.00 -1780.00
v 698.37 50.00 -1776.89
v 697.35 50.00 -1773.51
v 697.00 50.00 -1770.00
v 697.35 50.00 -1766.49
v 698.37 50.00 -1763.11
v 700.03 50.00 -1760.00
v 702.27 50.00 -1757.27
v 705.00 50.00 -1755.03
v 708.11 50.00 -1753.37
v 711.49 50.00 -1752.35
v 715.00 50.00 -1752.00
v 718.51 50.00 -1752.35
v 721.89 50.00 -1753.37
v 725.00 50.00 -1755.03
v 727.73 50.00 -1757.27
v 729.97 50.00 -1760.00
v 731.63 50.00 -1763.11
v 732.65 50.00 -1766.49
v 733.00 50.00 -1770.00
v 732.65 50.00 -1773.51
v 731.63 50.00 -1776.89
v 729.97 50.00 -1780.00
v 727.73 50.00 -1782.73
v 725.00 50.00 -1784.97
v 721.89 50.00 -1786.63
v 718.51 50.00 -1787.65
v 715.00 42.00 -1848.00
v 711.49 42.00 -1847.65
v 708.11 42.00 -1846.63
v 705.00 42.00 -1844.97
v 702.27 42.00 -1842.73
v 700.03 42.00 -1840.00
v 698.37 42.00 -1836.89
v 697.35 42.00 -1833.51
v 697.00 42.00 -1830.00
v 697.35 42.00 -1826.49
v 698.37 42.00 -1823.11
v 700.03 42.00 -1820.00
v 702.27 42.00 -1817.27
v 705.00 42.00 -1815.03
v 708.11 42.00 -1813.37
v 711.49 42.00 -1812.35
v 715.00 42.00 -1812.00
v 718.51 42.00 -1812.35
v 721.89 42.00 -1813.37
v 725.00 42.00 -1815.03
v 727.73 42.00 -1817.27
v 729.97 42.00 -1820.00
v 731.63 42.00 -1823.11
v 732.65 42.00 -1826.49
v 733.00 42.00 -1830.00
v 732.65 42.00 -1833.51
v 731.63 42.00 -1836.89
v 729.97 42.00 -1840.00
v 727.73 42.00 -1842.73
v 725.00 42.00 -1844.97
v 721.89 42.00 -1846.63
v 718.51 42.00 -1847.65
v 715.00 50.00 -1848.00
v 711.49 50.00 -1847.65
v 708.11 50.00 -1846.63
v 705.00 50.00 -1844.97
v 702.27 50.00 -1842.73
v 700.03 50.00 -1840.00
v 698.37 50.00 -1836.89
v 697.35 50.00 -1833.51
v 697.00 50.00 -1830.00
v 697.35 50.00 -1826.49
v 698.37 50.00 -1823.11
v 700.03 50.00 -1820.00
v 702.27 50.00 -1817.27
v 705.00 50.00 -1815.03
v 708.11 50.00 -1813.37
v 711.49 50.00 -1812.35
v 715.00 50.00 -1812.00
v 718.51 50.00 -1812.35
v 721.89 50.00 -1813.37
v 725.00 50.00 -1815.03
v 727.73 50.00 -1817.27
v 729.97 50.00 -1820.00
v 731.63 50.00 -1823.11
v 732.65 50.00 -1826.49
v 733.00 50.00 -1830.00
v 732.65 50.00 -1833.51
v 731.63 50.00 -1836.89
v 729.97 50.00 -1840.00
v 727.73 50.00 -1842.73
v 725.00 50.00 -1844.97
v 721.89 50.00 -1846.63
v 718.51 50.00 -1847.65
v 765.00 42.00 -1788.00
v 761.49 42.00 -1787.65
v 758.11 42.00 -1786.63
v 755.00 42.00 -1784.97
v 752.27 42.00 -1782.73
v 750.03 42.00 -1780.00
v 748.37 42.00 -1776.89
v 747.35 42.00 -1773.51
v 747.00 42.00 -1770.00
v 747.35 42.00 -1766.49
v 748.37 42.00 -1763.11
v 750.03 42.00 -1760.00
v 752.27 42.00 -1757.27
v 755.00 42.00 -1755.03
v 758.11 42.00 -1753.37
v 761.49 42.00 -1752.35
v 765.00 42.00 -1752.00
v 768.51 42.00 -1752.35
v 771.89 42.00 -1753.37
v 775.00 42.00 -1755.03
v 777.73 42.00 -1757.27
v 779.97 42.00 -1760.00
v 781.63 42.00 -1763.11
v 782.65 42.00 -1766.49
v 783.00 42.00 -1770.00
v 782.65 42.00 -1773.51
v 781.63 42.00 -1776.89
v 779.97 42.00 -1780.00
v 777.73 42.00 -1782.73
v 775.00 42.00 -1784.97
v 771.89 42.00 -1786.63
v 768.51 42.00 -1787.65
v 765.00 50.00 -1788.00
v 761.49 50.00 -1787.65
v 758.11 50.00 -1786.63
v 755.00 50.00 -1784.97
v 752.27 50.00 -1782.73
v 750.03 50.00 -1780.00
v 748.37 50.00 -1776.89
v 747.35 50.00 -1773.51
v 747.00 50.00 -1770.00
v 747.35 50.00 -1766.49
v 748.37 50.00 -1763.11
v 750.03 50.00 -1760.00
v 752.27 50.00 -1757.27
v 755.00 50.00 -1755.03
v 758.11 50.00 -1753.37
v 761.49 50.00 -1752.35
v 765.00 50.00 -1752.00
v 768.51 50.00 -1752.35
v 771.89 50.00 -1753.37
v 775.00 50.00 -1755.03
v 777.73 50.00 -1757.27
v 779.97 50.00 -1760.00
v 781.63 50.00 -1763.11
v 782.65 50.00 -1766.49
v 783.00 50.00 -1770.00
v 782.65 50.00 -1773.51
v 781.63 50.00 -1776.89
v 779.97 50.00 -1780.00
v 777.73 50.00 -1782.73
v 775.00 50.00 -1784.97
v 771.89 50.00 -1786.63
v 768.51 50.00 -1787.65
v 765.00 42.00 -1848.00
v 761.49 42.00 -1847.65
v 758.11 42.00 -1846.63
v 755.00 42.00 -1844.97
v 752.27 42.00 -1842.73
v 750.03 42.00 -1840.00
v 748.37 42.00 -1836.89
v 747.35 42.00 -1833.51
v 747.00 42.00 -1830.00
v 747.35 42.00 -1826.49
v 748.37 42.00 -1823.11
v 750.03 42.00 -1820.00
v 752.27 42.00 -1817.27
v 755.00 42.00 -1815.03
v 758.11 42.00 -1813.37
v 761.49 42.00 -1812.35
v 765.00 42.00 -1812.00
v 768.51 42.00 -1812.35
v 771.89 42.00 -1813.37
v 775.00 42.00 -1815.03
v 777.73 42.00 -1817.27
v 779.97 42.00 -1820.00
v 781.63 42.00 -1823.11
v 782.65 42.00 -1826.49
v 783.00 42.00 -1830.00
v 782.65 42.00 -1833.51
v 781.63 42.00 -1836.89
v 779.97 42.00 -1840.00
v 777.73 42.00 -1842.73
v 775.00 42.00 -1844.97
v 771.89 42.00 -1846.63
v 768.51 42.00 -1847.65
v 765.00 50.00 -1848.00
v 761.49 50.00 -1847.65
v 758.11 50.00 -1846.63
v 755.00 50.00 -1844.97
v 752.27 50.00 -1842.73
v 750.03 50.00 -1840.00
v 748.37 50.00 -1836.89
v 747.35 50.00 -1833.51
v 747.00 50.00 -1830.00
v 747.35 50.00 -1826.49
v 748.37 50.00 -1823.11
v 750.03 50.00 -1820.00
v 752.27 50.00 -1817.27
v 755.00 50.00 -1815.03
v 758.11 50.00 -1813.37
v 761.49 50.00 -1812.35
v 765.00 50.00 -1812.00
v 768.51 50.00 -1812.35
v 771.89 50.00 -1813.37
v 775.00 50.00 -1815.03
v 777.73 50.00 -1817.27
v 779.97 50.00 -1820.00
v 781.63 50.00 -1823.11
v 782.65 50.00 -1826.49
v 783.00 50.00 -1830.00
v 782.65 50.00 -1833.51
v 781.63 50.00 -1836.89
v 779.97 50.00 -1840.00
v 777.73 50.00 -1842.73
v 775.00 50.00 -1844.97
v 771.89 50.00 -1846.63
v 768.51 50.00 -1847.65
v 815.00 42.00 -1788.00
v 811.49 42.00 -1787.65
v 808.11 42.00 -1786.63
v 805.00 42.00 -1784.97
v 802.27 42.00 -1782.73
v 800.03 42.00 -1780.00
v 798.37 42.00 -1776.89
v 797.35 42.00 -1773.51
v 797.00 42.00 -1770.00
v 797.35 42.00 -1766.49
v 798.37 42.00 -1763.11
v 800.03 42.00 -1760.00
v 802.27 42.00 -1757.27
v 805.00 42.00 -1755.03
v 808.11 42.00 -1753.37
v 811.49 42.00 -1752.35
v 815.00 42.00 -1752.00
v 818.51 42.00 -1752.35
v 821.89 42.00 -1753.37
v 825.00 42.00 -1755.03
v 827.73 42.00 -1757.27
v 829.97 42.00 -1760.00
v 831.63 42.00 -1763.11
v 832.65 42.00 -1766.49
v 833.00 42.00 -1770.00
v 832.65 42.00 -1773.51
v 831.63 42.00 -1776.89
v 829.97 42.00 -1780.00
v 827.73 42.00 -1782.73
v 825.00 42.00 -1784.97
v 821.89 42.00 -1786.63
v 818.51 42.00 -1787.65
v 815.00 50.00 -1788.00
v 811.49 50.00 -1787.65
v 808.11 50.00 -1786.63
v 805.00 50.00 -1784.97
v 802.27 50.00 -1782.73
v 800.03 50.00 -1780.00
v 798.37 50.00 -1776.89
v 797.35 50.00 -1773.51
v 797.00 50.00 -1770.00
v 797.35 50.00 -1766.49
v 798.37 50.00 -1763.11
v 800.03 50.00 -1760.00
v 802.27 50.00 -1757.27
v 805.00 50.00 -1755.03
v 808.11 50.00 -1753.37
v 811.49 50.00 -1752.35
v 815.00 50.00 -1752.00
v 818.51 50.00 -1752.35
v 821.89 50.00 -1753.37
v 825.00 50.00 -1755.03
v 827.73 50.00 -1757.27
v 829.97 50.00 -1760.00
v 831.63 50.00 -1763.11
v 832.65 50.00 -1766.49
v 833.00 50.00 -1770.00
v 832.65 50.00 -1773.51
v 831.63 50.00 -1776.89
v 829.97 50.00 -1780.00
v 827.73 50.00 -1782.73
v 825.00 50.00 -1784.97
v 821.89 50.00 -1786.63
v 818.51 50.00 -1787.65
v 815.00 42.00 -1848.00
v 811.49 42.00 -1847.65
v 808.11 42.00 -1846.63
v 805.00 42.00 -1844.97
v 802.27 42.00 -1842.73
v 800.03 42.00 -1840.00
v 798.37 42.00 -1836.89
v 797.35 42.00 -1833.51
v 797.00 42.00 -1830.00
v 797.35 42.00 -1826.49
v 798.37 42.00 -1823.11
v 800.03 42.00 -1820.00
v 802.27 42.00 -1817.27
v 805.00 42.00 -1815.03
v 808.11 42.00 -1813.37
v 811.49 42.00 -1812.35
v 815.00 42.00 -1812.00
v 818.51 42.00 -1812.35
v 821.89 42.00 -1813.37
v 825.00 42.00 -1815.03
v 827.73 42.00 -1817.27
v 829.97 42.00 -1820.00
v 831.63 42.00 -1823.11
v 832.65 42.00 -1826.49
v 833.00 42.00 -1830.00
v 832.65 42.00 -1833.51
v 831.63 42.00 -1836.89
v 829.97 42.00 -1840.00
v 827.73 42.00 -1842.73
v 825.00 42.00 -1844.97
v 821.89 42.00 -1846.63
v 818.51 42.00 -1847.65
v 815.00 50.00 -1848.00
v 811.49 50.00 -1847.65
v 808.11 50.00 -1846.63
v 805.00 50.00 -1844.97
v 802.27 50.00 -1842.73
v 800.03 50.00 -1840.00
v 798.37 50.00 -1836.89
v 797.35 50.00 -1833.51
v 797.00 50.00 -1830.00
v 797.35 50.00 -1826.49
v 798.37 50.00 -1823.11
v 800.03 50.00 -1820.00
v 802.27 50.00 -1817.27
v 805.00 50.00 -1815.03
v 808.11 50.00 -1813.37
v 811.49 50.00 -1812.35
v 815.00 50.00 -1812.00
v 818.51 50.00 -1812.35
v 821.89 50.00 -1813.37
v 825.00 50.00 -1815.03
v 827.73 50.00 -1817.27
v 829.97 50.00 -1820.00
v 831.63 50.00 -1823.11
v 832.65 50.00 -1826.49
v 833.00 50.00 -1830.00
v 832.65 50.00 -1833.51
v 831.63 50.00 -1836.89
v 829.97 50.00 -1840.00
v 827.73 50.00 -1842.73
v 825.00 50.00 -1844.97
v 821.89 50.00 -1846.63
v 818.51 50.00 -1847.65
v 865.00 42.00 -1788.00
v 861.49 42.00 -1787.65
v 858.11 42.00 -1786.63
v 855.00 42.00 -1784.97
v 852.27 42.00 -1782.73
v 850.03 42.00 -1780.00
v 848.37 42.00 -1776.89
v 847.35 42.00 -1773.51
v 847.00 42.00 -1770.00
v 847.35 42.00 -1766.49
v 848.37 42.00 -1763.11
v 850.03 42.00 -1760.00
v 852.27 42.00 -1757.27
v 855.00 42.00 -1755.03
v 858.11 42.00 -1753.37
v 861.49 42.00 -1752.35
v 865.00 42.00 -1752.00
v 868.51 42.00 -1752.35
v 871.89 42.00 -1753.37
v 875.00 42.00 -1755.03
v 877.73 42.00 -1757.27
v 879.97 42.00 -1760.00
v 881.63 42.00 -1763.11
v 882.65 42.00 -1766.49
v 883.00 42.00 -1770.00
v 882.65 42.00 -1773.51
v 881.63 42.00 -1776.89
v 879.97 42.00 -1780.00
v 877.73 42.00 -1782.73
v 875.00 42.00 -1784.97
v 871.89 42.00 -1786.63
v 868.51 42.00 -1787.65
v 865.00 50.00 -1788.00
v 861.49 50.00 -1787.65
v 858.11 50.00 -1786.63
v 855.00 50.00 -1784.97
v 852.27 50.00 -1782.73
v 850.03 50.00 -1780.00
v 848.37 50.00 -1776.89
v 847.35 50.00 -1773.51
v 847.00 50.00 -1770.00
v 847.35 50.00 -1766.49
v 848.37 50.00 -1763.11
v 850.03 50.00 -1760.00
v 852.27 50.00 -1757.27
v 855.00 50.00 -1755.03
v 858.11 50.00 -1753.37
v 861.49 50.00 -1752.35
v 865.00 50.00 -1752.00
v 868.51 50.00 -1752.35
v 871.89 50.00 -1753.37
v 875.00 50.00 -1755.03
v 877.73 50.00 -1757.27
v 879.97 50.00 -1760.00
v 881.63 50.00 -1763.11
v 882.65 50.00 -1766.49
v 883.00 50.00 -1770.00
v 882.65 50.00 -1773.51
v 881.63 50.00 -1776.89
v 879.97 50.00 -1780.00
v 877.73 50.00 -1782.73
v 875.00 50.00 -1784.97
v 871.89 50.00 -1786.63
v 868.51 50.00 -1787.65
v 865.00 42.00 -1848.00
v 861.49 42.00 -1847.65
v 858.11 42.00 -1846.63
v 855.00 42.00 -1844.97
v 852.27 42.00 -1842.73
v 850.03 42.00 -1840.00
v 848.37 42.00 -1836.89
v 847.35 42.00 -1833.51
v 847.00 42.00 -1830.00
v 847.35 42.00 -1826.49
v 848.37 42.00 -1823.11
v 850.03 42.00 -1820.00
v 852.27 42.00 -1817.27
v 855.00 42.00 -1815.03
v 858.11 42.00 -1813.37
v 861.49 42.00 -1812.35
v 865.00 42.00 -1812.00
v 868.51 42.00 -1812.35
v 871.89 42.00 -1813.37
v 875.00 42.00 -1815.03
v 877.73 42.00 -1817.27
v 879.97 42.00 -1820.00
v 881.63 42.00 -1823.11
v 882.65 42.00 -1826.49
v 883.00 42.00 -1830.00
v 882.65 42.00 -1833.51
v 881.63 42.00 -1836.89
v 879.97 42.00 -1840.00
v 877.73 42.00 -1842.73
v 875.00 42.00 -1844.97
v 871.89 42.00 -1846.63
v 868.51 42.00 -1847.65
v 865.00 50.00 -1848.00
v 861.49 50.00 -1847.65
v 858.11 50.00 -1846.63
v 855.00 50.00 -1844.97
v 852.27 50.00 -1842.73
v 850.03 50.00 -1840.00
v 848.37 50.00 -1836.89
v 847.35 50.00 -1833.51
v 847.00 50.00 -1830.00
v 847.35 50.00 -1826.49
v 848.37 50.00 -1823.11
v 850.03 50.00 -1820.00
v 852.27 50.00 -1817.27
v 855.00 50.00 -1815.03
v 858.11 50.00 -1813.37
v 861.49 50.00 -1812.35
v 865.00 50.00 -1812.00
v 868.51 50.00 -1812.35
v 871.89 50.00 -1813.37
v 875.00 50.00 -1815.03
v 877.73 50.00 -1817.27
v 879.97 50.00 -1820.00
v 881.63 50.00 -1823.11
v 882.65 50.00 -1826.49
v 883.00 50.00 -1830.00
v 882.65 50.00 -1833.51
v 881.63 50.00 -1836.89
v 879.97 50.00 -1840.00
v 877.73 50.00 -1842.73
v 875.00 50.00 -1844.97
v 871.89 50.00 -1846.63
v 868.51 50.00 -1847.65
v 915.00 42.00 -1788.00
v 911.49 42.00 -1787.65
v 908.11 42.00 -1786.63
v 905.00 42.00 -1784.97
v 902.27 42.00 -1782.73
v 900.03 42.00 -1780.00
v 898.37 42.00 -1776.89
v 897.35 42.00 -1773.51
v 897.00 42.00 -1770.00
v 897.35 42.00 -1766.49
v 898.37 42.00 -1763.11
v 900.03 42.00 -1760.00
v 902.27 42.00 -1757.27
v 905.00 42.00 -1755.03
v 908.11 42.00 -1753.37
v 911.49 42.00 -1752.35
v 915.00 42.00 -1752.00
v 918.51 42.00 -1752.35
v 921.89 42.00 -1753.37
v 925.00 42.00 -1755.03
v 927.73 42.00 -1757.27
v 929.97 42.00 -1760.00
v 931.63 42.00 -1763.11
v 932.65 42.00 -1766.49
v 933.00 42.00 -1770.00
v 932.65 42.00 -1773.51
v 931.63 42.00 -1776.89
v 929.97 42.00 -1780.00
v 927.73 42.00 -1782.73
v 925.00 42.00 -1784.97
v 921.89 42.00 -1786.63
v 918.51 42.00 -1787.65
v 915.00 50.00 -1788.00
v 911.49 50.00 -1787.65
v 908.11 50.00 -1786.63
v 905.00 50.00 -1784.97
v 902.27 50.00 -1782.73
v 900.03 50.00 -1780.00
v 898.37 50.00 -1776.89
v 897.35 50.00 -1773.51
v 897.00 50.00 -1770.00
v 897.35 50.00 -1766.49
v 898.37 50.00 -1763.11
v 900.03 50.00 -1760.00
v 902.27 50.00 -1757.27
v 905.00 50.00 -1755.03
v 908.11 50.00 -1753.37
v 911.49 50.00 -1752.35
v 915.00 50.00 -1752.00
v 918.51 50.00 -1752.35
v 921.89 50.00 -1753.37
v 925.00 50.00 -1755.03
v 927.73 50.00 -1757.27
v 929.97 50.00 -1760.00
v 931.63 50.00 -1763.11
v 932.65 50.00 -1766.49
v 933.00 50.00 -1770.00
v 932.65 50.00 -1773.51
v 931.63 50.00 -1776.89
v 929.97 50.00 -1780.00
v 927.73 50.00 -1782.73
v 925.00 50.00 -1784.97
v 921.89 50.00 -1786.63
v 918.51 50.00 -1787.65
v 915.00 42.00 -1848.00
v 911.49 42.00 -1847.65
v 908.11 42.00 -1846.63
v 905.00 42.00 -1844.97
v 902.27 42.00 -1842.73
v 900.03 42.00 -1840.00
v 898.37 42.00 -1836.89
v 897.35 42.00 -1833.51
v 897.00 42.00 -1830.00
v 897.35 42.00 -1826.49
v 898.37 42.00 -1823.11
v 900.03 42.00 -1820.00
v 902.27 42.00 -1817.27
v 905.00 42.00 -1815.03
v 908.11 42.00 -1813.37
v 911.49 42.00 -1812.35
v 915.00 42.00 -1812.00
v 918.51 42.00 -1812.35
v 921.89 42.00 -1813.37
v 925.00 42.00 -1815.03
v 927.73 42.00 -1817.27
v 929.97 42.00 -1820.00
v 931.63 42.00 -1823.11
v 932.65 42.00 -1826.49
v 933.00 42.00 -1830.00
v 932.65 42.00 -1833.51
v 931.63 42.00 -1836.89
v 929.97 42.00 -1840.00
v 927.73 42.00 -1842.73
v 925.00 42.00 -1844.97
v 921.89 42.00 -1846.63
v 918.51 42.00 -1847.65
v 915.00 50.00 -1848.00
v 911.49 50.00 -1847.65
v 908.11 50.00 -1846.63
v 905.00 50.00 -1844.97
v 902.27 50.00 -1842.73
v 900.03 50.00 -1840.00
v 898.37 50.00 -1836.89
v 897.35 50.00 -1833.51
v 897.00 50.00 -1830.00
v 897.35 50.00 -1826.49
v 898.37 50.00 -1823.11
v 900.03 50.00 -1820.00
v 902.27 50.00 -1817.27
v 905.00 50.00 -1815.03
v 908.11 50.00 -1813.37
v 911.49 50.00 -1812.35
v 915.00 50.00 -1812.00
v 918.51 50.00 -1812.35
v 921.89 50.00 -1813.37
v 925.00 50.00 -1815.03
v 927.73 50.00 -1817.27
v 929.97 50.00 -1820.00
v 931.63 50.00 -1823.11
v 932.65 50.00 -1826.49
v 933.00 50.00 -1830.00
v 932.65 50.00 -1833.51
v 931.63 50.00 -1836.89
v 929.97 50.00 -1840.00
v 927.73 50.00 -1842.73
v 925.00 50.00 -1844.97
v 921.89 50.00 -1846.63
v 918.51 50.00 -1847.65
v 965.00 42.00 -1788.00
v 961.49 42.00 -1787.65
v 958.11 42.00 -1786.63
v 955.00 42.00 -1784.97
v 952.27 42.00 -1782.73
v 950.03 42.00 -1780.00
v 948.37 42.00 -1776.89
v 947.35 42.00 -1773.51
v 947.00 42.00 -1770.00
v 947.35 42.00 -1766.49
v 948.37 42.00 -1763.11
v 950.03 42.00 -1760.00
v 952.27 42.00 -1757.27
v 955.00 42.00 -1755.03
v 958.11 42.00 -1753.37
v 961.49 42.00 -1752.35
v 965.00 42.00 -1752.00
v 968.51 42.00 -1752.35
v 971.89 42.00 -1753.37
v 975.00 42.00 -1755.03
v 977.73 42.00 -1757.27
v 979.97 42.00 -1760.00
v 981.63 42.00 -1763.11
v 982.65 42.00 -1766.49
v 983.00 42.00 -1770.00
v 982.65 42.00 -1773.51
v 981.63 42.00 -1776.89
v 979.97 42.00 -1780.00
v 977.73 42.00 -1782.73
v 975.00 42.00 -1784.97
v 971.89 42.00 -1786.63
v 968.51 42.00 -1787.65
v 965.00 50.00 -1788.00
v 961.49 50.00 -1787.65
v 958.11 50.00 -1786.63
v 955.00 50.00 -1784.97
v 952.27 50.00 -1782.73
v 950.03 50.00 -1780.00
v 948.37 50.00 -1776.89
v 947.35 50.00 -1773.51
v 947.00 50.00 -1770.00
v 947.35 50.00 -1766.49
v 948.37 50.00 -1763.11
v 950.03 50.00 -1760.00
v 952.27 50.00 -1757.27
v 955.00 50.00 -1755.03
v 958.11 50.00 -1753.37
v 961.49 50.00 -1752.35
v 965.00 50.00 -1752.00
v 968.51 50.00 -1752.35
v 971.89 50.00 -1753.37
v 975.00 50.00 -1755.03
v 977.73 50.00 -1757.27
v 979.97 50.00 -1760.00
v 981.63 50.00 -1763.11
v 982.65 50.00 -1766.49
v 983.00 50.00 -1770.00
v 982.65 50.00 -1773.51
v 981.63 50.00 -1776.89
v 979.97 50.00 -1780.00
v 977.73 50.00 -1782.73
v 975.00 50.00 -1784.97
v 971.89 50.00 -1786.63
v 968.51 50.00 -1787.65
v 965.00 42.00 -1848.00
v 961.49 42.00 -1847.65
v 958.11 42.00 -1846.63
v 955.00 42.00 -1844.97
v 952.27 42.00 -1842.73
v 950.03 42.00 -1840.00
v 948.37 42.00 -1836.89
v 947.35 42.00 -1833.51
v 947.00 42.00 -1830.00
v 947.35 42.00 -1826.49
v 948.37 42.00 -1823.11
v 950.03 42.00 -1820.00
v 952.27 42.00 -1817.27
v 955.00 42.00 -1815.03
v 958.11 42.00 -1813.37
v 961.49 42.00 -1812.35
v 965.00 42.00 -1812.00
v 968.51 42.00 -1812.35
v 971.89 42.00 -1813.37
v 975.00 42.00 -1815.03
v 977.73 42.00 -1817.27
v 979.97 42.00 -1820.00
v 981.63 42.00 -1823.11
v 982.65 42.00 -1826.49
v 983.00 42.00 -1830.00
v 982.65 42.00 -1833.51
v 981.63 42.00 -1836.89
v 979.97 42.00 -1840.00
v 977.73 42.00 -1842.73
v 975.00 42.00 -1844.97
v 971.89 42.00 -1846.63
v 968.51 42.00 -1847.65
v 965.00 50.00 -1848.00
v 961.49 50.00 -1847.65
v 958.11 50.00 -1846.63
v 955.00 50.00 -1844.97
v 952.27 50.00 -1842.73
v 950.03 50.00 -1840.00
v 948.37 50.00 -1836.89
v 947.35 50.00 -1833.51
v 947.00 50.00 -1830.00
v 947.35 50.00 -1826.49
v 948.37 50.00 -1823.11
v 950.03 50.00 -1820.00
v 952.27 50.00 -1817.27
v 955.00 50.00 -1815.03
v 958.11 50.00 -1813.37
v 961.49 50.00 -1812.35
v 965.00 50.00 -1812.00
v 968.51 50.00 -1812.35
v 971.89 50.00 -1813.37
v 975.00 50.00 -1815.03
v 977.73 50.00 -1817.27
v 979.97 50.00 -1820.00
v 981.63 50.00 -1823.11
v 982.65 50.00 -1826.49
v 983.00 50.00 -1830.00
v 982.65 50.00 -1833.51
v 981.63 50.00 -1836.89
v 979.97 50.00 -1840.00
v 977.73 50.00 -1842.73
v 975.00 50.00 -1844.97
v 971.89 50.00 -1846.63
v 968.51 50.00 -1847.65
v 1015.00 42.00 -1788.00
v 1011.49 42.00 -1787.65
v 1008.11 42.00 -1786.63
v 1005.00 42.00 -1784.97
v 1002.27 42.00 -1782.73
v 1000.03 42.00 -1780.00
v 998.37 42.00 -1776.89
v 997.35 42.00 -1773.51
v 997.00 42.00 -1770.00
v 997.35 42.00 -1766.49
v 998.37 42.00 -1763.11
v 1000.03 42.00 -1760.00
v 1002.27 42.00 -1757.27
v 1005.00 42.00 -1755.03
v 1008.11 42.00 -1753.37
v 1011.49 42.00 -1752.35
v 1015.00 42.00 -1752.00
v 1018.51 42.00 -1752.35
v 1021.89 42.00 -1753.37
v 1025.00 42.00 -1755.03
v 1027.73 42.00 -1757.27
v 1029.97 42.00 -1760.00
v 1031.63 42.00 -1763.11
v 1032.65 42.00 -1766.49
v 1033.00 42.00 -1770.00
v 1032.65 42.00 -1773.51
v 1031.63 42.00 -1776.89
v 1029.97 42.00 -1780.00
v 1027.73 42.00 -1782.73
v 1025.00 42.00 -1784.97
v 1021.89 42.00 -1786.63
v 1018.51 42.00 -1787.65
v 1015.00 50.00 -1788.00
v 1011.49 50.00 -1787.65
v 1008.11 50.00 -1786.63
v 1005.00 50.00 -1784.97
v 1002.27 50.00 -1782.73
v 1000.03 50.00 -1780.00
v 998.37 50.00 -1776.89
v 997.35 50.00 -1773.51
v 997.00 50.00 -1770.00
v 997.35 50.00 -1766.49
v 998.37 50.00 -1763.11
v 1000.03 50.00 -1760.00
v 1002.27 50.00 -1757.27
v 1005.00 50.00 -1755.03
v 1008.11 50.00 -1753.37
v 1011.49 50.00 -1752.35
v 1015.00 50.00 -1752.00
v 1018.51 50.00 -1752.35
v 1021.89 50.00 -1753.37
v 1025.00 50.00 -1755.03
v 1027.73 50.00 -1757.27
v 1029.97 50.00 -1760.00
v 1031.63 50.00 -1763.11
v 1032.65 50.00 -1766.49
v 1033.00 50.00 -1770.00
v 1032.65 50.00 -1773.51
v 1031.63 50.00 -1776.89
v 1029.97 50.00 -1780.00
v 1027.73 50.00 -1782.73
v 1025.00 50.00 -1784.97
v 1021.89 50.00 -1786.63
v 1018.51 50.00 -1787.65
v 1015.00 42.00 -1848.00
v 1011.49 42.00 -1847.65
v 1008.11 42.00 -1846.63
v 1005.00 42.00 -1844.97
v 1002.27 42.00 -1842.73
v 1000.03 42.00 -1840.00
v 998.37 42.00 -1836.89
v 997.35 42.00 -1833.51
v 997.00 42.00 -1830.00
v 997.35 42.00 -1826.49
v 998.37 42.00 -1823.11
v 1000.03 42.00 -1820.00
v 1002.27 42.00 -1817.27
v 1005.00 42.00 -1815.03
v 1008.11 42.00 -1813.37
v 1011.49 42.00 -1812.35
v 1015.00 42.00 -1812.00
v 1018.51 42.00 -1812.35
v 1021.89 42.00 -1813.37
v 1025.00 42.00 -1815.03
v 1027.73 42.00 -1817.27
v 1029.97 42.00 -1820.00
v 1031.63 42.00 -1823.11
v 1032.65 42.00 -1826.49
v 1033.00 42.00 -1830.00
v 1032.65 42.00 -1833.51
v 1031.63 42.00 -1836.89
v 1029.97 42.00 -1840.00
v 1027.73 42.00 -1842.73
v 1025.00 42.00 -1844.97
v 1021.89 42.00 -1846.63
v 1018.51 42.00 -1847.65
v 1015.00 50.00 -1848.00
v 1011.49 50.00 -1847.65
v 1008.11 50.00 -1846.63
v 1005.00 50.00 -1844.97
v 1002.27 50.00 -1842.73
v 1000.03 50.00 -1840.00
v 998.37 50.00 -1836.89
v 997.35 50.00 -1833.51
v 997.00 50.00 -1830.00
v 997.35 50.00 -1826.49
v 998.37 50.00 -1823.11
v 1000.03 50.00 -1820.00
v 1002.27 50.00 -1817.27
v 1005.00 50.00 -1815.03
v 1008.11 50.00 -1813.37
v 1011.49 50.00 -1812.35
v 1015.00 50.00 -1812.00
v 1018.51 50.00 -1812.35
v 1021.89 50.00 -1813.37
v 1025.00 50.00 -1815.03
v 1027.73 50.00 -1817.27
v 1029.97 50.00 -1820.00
v 1031.63 50.00 -1823.11
v 1032.65 50.00 -1826.49
v 1033.00 50.00 -1830.00
v 1032.65 50.00 -1833.51
v 1031.63 50.00 -1836.89
v 1029.97 50.00 -1840.00
v 1027.73 50.00 -1842.73
v 1025.00 50.00 -1844.97
v 1021.89 50.00 -1846.63
v 1018.51 50.00 -1847.65
v 1065.00 42.00 -1788.00
v 1061.49 42.00 -1787.65
v 1058.11 42.00 -1786.63
v 1055.00 42.00 -1784.97
v 1052.27 42.00 -1782.73
v 1050.03 42.00 -1780.00
v 1048.37 42.00 -1776.89
v 1047.35 42.00 -1773.51
v 1047.00 42.00 -1770.00
v 1047.35 42.00 -1766.49
v 1048.37 42.00 -1763.11
v 1050.03 42.00 -1760.00
v 1052.27 42.00 -1757.27
v 1055.00 42.00 -1755.03
v 1058.11 42.00 -1753.37
v 1061.49 42.00 -1752.35
v 1065.00 42.00 -1752.00
v 1068.51 42.00 -1752.35
v 1071.89 42.00 -1753.37
v 1075.00 42.00 -1755.03
v 1077.73 42.00 -1757.27
v 1079.97 42.00 -1760.00
v 1081.63 42.00 -1763.11
v 1082.65 42.00 -1766.49
v 1083.00 42.00 -1770.00
v 1082.65 42.00 -1773.51
v 1081.63 42.00 -1776.89
v 1079.97 42.00 -1780.00
v 1077.73 42.00 -1782.73
v 1075.00 42.00 -1784.97
v 1071.89 42.00 -1786.63
v 1068.51 42.00 -1787.65
v 1065.00 50.00 -1788.00
v 1061.49 50.00 -1787.65
v 1058.11 50.00 -1786.63
v 1055.00 50.00 -1784.97
v 1052.27 50.00 -1782.73
v 1050.03 50.00 -1780.00
v 1048.37 50.00 -1776.89
v 1047.35 50.00 -1773.51
v 1047.00 50.00 -1770.00
v 1047.35 50.00 -1766.49
v 1048.37 50.00 -1763.11
v 1050.03 50.00 -1760.00
v 1052.27 50.00 -1757.27
v 1055.00 50.00 -1755.03
v 1058.11 50.00 -1753.37
v 1061.49 50.00 -1752.35
v 1065.00 50.00 -1752.00
v 1068.51 50.00 -1752.35
v 1071.89 50.00 -1753.37
v 1075.00 50.00 -1755.03
v 1077.73 50.00 -1757.27
v 1079.97 50.00 -1760.00
v 1081.63 50.00 -1763.11
v 1082.65 50.00 -1766.49
v 1083.00 50.00 -1770.00
v 1082.65 50.00 -1773.51
v 1081.63 50.00 -1776.89
v 1079.97 50.00 -1780.00
v 1077.73 50.00 -1782.73
v 1075.00 50.00 -1784.97
v 1071.89 50.00 -1786.63
v 1068.51 50.00 -1787.65
v 1065.00 42.00 -1848.00
v 1061.49 42.00 -1847.65
v 1058.11 42.00 -1846.63
v 1055.00 42.00 -1844.97
v 1052.27 42.00 -1842.73
v 1050.03 42.00 -1840.00
v 1048.37 42.00 -1836.89
v 1047.35 42.00 -1833.51
v 1047.00 42.00 -1830.00
v 1047.35 42.00 -1826.49
v 1048.37 42.00 -1823.11
v 1050.03 42.00 -1820.00
v 1052.27 42.00 -1817.27
v 1055.00 42.00 -1815.03
v 1058.11 42.00 -1813.37
v 1061.49 42.00 -1812.35
v 1065.00 42.00 -1812.00
v 1068.51 42.00 -1812.35
v 1071.89 42.00 -1813.37
v 1075.00 42.00 -1815.03
v 1077.73 42.00 -1817.27
v 1079.97 42.00 -1820.00
v 1081.63 42.00 -1823.11
v 1082.65 42.00 -1826.49
v 1083.00 42.00 -1830.00
v 1082.65 42.00 -1833.51
v 1081.63 42.00 -1836.89
v 1079.97 42.00 -1840.00
v 1077.73 42.00 -1842.73
v 1075.00 42.00 -1844.97
v 1071.89 42.00 -1846.63
v 1068.51 42.00 -1847.65
v 1065.00 50.00 -1848.00
v 1061.49 50.00 -1847.65
v 1058.11 50.00 -1846.63
v 1055.00 50.00 -1844.97
v 1052.27 50.00 -1842.73
v 1050.03 50.00 -1840.00
v 1048.37 50.00 -1836.89
v 1047.35 50.00 -1833.51
v 1047.00 50.00 -1830.00
v 1047.35 50.00 -1826.49
v 1048.37 50.00 -1823.11
v 1050.03 50.00 -1820.00
v 1052.27 50.00 -1817.27
v 1055.00 50.00 -1815.03
v 1058.11 50.00 -1813.37
v 1061.49 50.00 -1812.35
v 1065.00 50.00 -1812.00
v 1068.51 50.00 -1812.35
v 1071.89 50.00 -1813.37
v 1075.00 50.00 -1815.03
v 1077.73 50.00 -1817.27
v 1079.97 50.00 -1820.00
v 1081.63 50.00 -1823.11
v 1082.65 50.00 -1826.49
v 1083.00 50.00 -1830.00
v 1082.65 50.00 -1833.51
v 1081.63 50.00 -1836.89
v 1079.97 50.00 -1840.00
v 1077.73 50.00 -1842.73
v 1075.00 50.00 -1844.97
v 1071.89 50.00 -1846.63
v 1068.51 50.00 -1847.65
v 1115.00 42.00 -1788.00
v 1111.49 42.00 -1787.65
v 1108.11 42.00 -1786.63
v 1105.00 42.00 -1784.97
v 1102.27 42.00 -1782.73
v 1100.03 42.00 -1780.00
v 1098.37 42.00 -1776.89
v 1097.35 42.00 -1773.51
v 1097.00 42.00 -1770.00
v 1097.35 42.00 -1766.49
v 1098.37 42.00 -1763.11
v 1100.03 42.00 -1760.00
v 1102.27 42.00 -1757.27
v 1105.00 42.00 -1755.03
v 1108.11 42.00 -1753.37
v 1111.49 42.00 -1752.35
v 1115.00 42.00 -1752.00
v 1118.51 42.00 -1752.35
v 1121.89 42.00 -1753.37
v 1125.00 42.00 -1755.03
v 1127.73 42.00 -1757.27
v 1129.97 42.00 -1760.00
v 1131.63 42.00 -1763.11
v 1132.65 42.00 -1766.49
v 1133.00 42.00 -1770.00
v 1132.65 42.00 -1773.51
v 1131.63 42.00 -1776.89
v 1129.97 42.00 -1780.00
v 1127.73 42.00 -1782.73
v 1125.00 42.00 -1784.97
v 1121.89 42.00 -1786.63
v 1118.51 42.00 -1787.65
v 1115.00 50.00 -1788.00
v 1111.49 50.00 -1787.65
v 1108.11 50.00 -1786.63
v 1105.00 50.00 -1784.97
v 1102.27 50.00 -1782.73
v 1100.03 50.00 -1780.00
v 1098.37 50.00 -1776.89
v 1097.35 50.00 -1773.51
v 1097.00 50.00 -1770.00
v 1097.35 50.00 -1766.49
v 1098.37 50.00 -1763.11
v 1100.03 50.00 -1760.00
v 1102.27 50.00 -1757.27
v 1105.00 50.00 -1755.03
v 1108.11 50.00 -1753.37
v 1111.49 50.00 -1752.35
v 1115.00 50.00 -1752.00
v 1118.51 50.00 -1752.35
v 1121.89 50.00 -1753.37
v 1125.00 50.00 -1755.03
v 1127.73 50.00 -1757.27
v 1129.97 50.00 -1760.00
v 1131.63 50.00 -1763.11
v 1132.65 50.00 -1766.49
v 1133.00 50.00 -1770.00
v 1132.65 50.00 -1773.51
v 1131.63 50.00 -1776.89
v 1129.97 50.00 -1780.00
v 1127.73 50.00 -1782.73
v 1125.00 50.00 -1784.97
v 1121.89 50.00 -1786.63
v 1118.51 50.00 -1787.65
v 1115.00 42.00 -1848.00
v 1111.49 42.00 -1847.65
v 1108.11 42.00 -1846.63
v 1105.00 42.00 -1844.97
v 1102.27 42.00 -1842.73
v 1100.03 42.00 -1840.00
v 1098.37 42.00 -1836.89
v 1097.35 42.00 -1833.51
v 1097.00 42.00 -1830.00
v 1097.35 42.00 -1826.49
v 1098.37 42.00 -1823.11
v 1100.03 42.00 -1820.00
v 1102.27 42.00 -1817.27
v 1105.00 42.00 -1815.03
v 1108.11 42.00 -1813.37
v 1111.49 42.00 -1812.35
v 1115.00 42.00 -1812.00
v 1118.51 42.00 -1812.35
v 1121.89 42.00 -1813.37
v 1125.00 42.00 -1815.03
v 1127.73 42.00 -1817.27
v 1129.97 42.00 -1820.00
v 1131.63 42.00 -1823.11
v 1132.65 42.00 -1826.49
v 1133.00 42.00 -1830.00
v 1132.65 42.00 -1833.51
v 1131.63 42.00 -1836.89
v 1129.97 42.00 -1840.00
v 1127.73 42.00 -1842.73
v 1125.00 42.00 -1844.97
v 1121.89 42.00 -1846.63
v 1118.51 42.00 -1847.65
v 1115.00 50.00 -1848.00
v 1111.49 50.00 -1847.65
v 1108.11 50.00 -1846.63
v 1105.00 50.00 -1844.97
v 1102.27 50.00 -1842.73
v 1100.03 50.00 -1840.00
v 1098.37 50.00 -1836.89
v 1097.35 50.00 -1833.51
v 1097.00 50.00 -1830.00
v 1097.35 50.00 -1826.49
v 1098.37 50.00 -1823.11
v 1100.03 50.00 -1820.00
v 1102.27 50.00 -1817.27
v 1105.00 50.00 -1815.03
v 1108.11 50.00 -1813.37
v 1111.49 50.00 -1812.35
v 1115.00 50.00 -1812.00
v 1118.51 50.00 -1812.35
v 1121.89 50.00 -1813.37
v 1125.00 50.00 -1815.03
v 1127.73 50.00 -1817.27
v 1129.97 50.00 -1820.00
v 1131.63 50.00 -1823.11
v 1132.65 50.00 -1826.49
v 1133.00 50.00 -1830.00
v 1132.65 50.00 -1833.51
v 1131.63 50.00 -1836.89
v 1129.97 50.00 -1840.00
v 1127.73 50.00 -1842.73
v 1125.00 50.00 -1844.97
v 1121.89 50.00 -1846.63
v 1118.51 50.00 -1847.65
v 1165.00 42.00 -1788.00
v 1161.49 42.00 -1787.65
v 1158.11 42.00 -1786.63
v 1155.00 42.00 -1784.97
v 1152.27 42.00 -1782.73
v 1150.03 42.00 -1780.00
v 1148.37 42.00 -1776.89
v 1147.35 42.00 -1773.51
v 1147.00 42.00 -1770.00
v 1147.35 42.00 -1766.49
v 1148.37 42.00 -1763.11
v 1150.03 42.00 -1760.00
v 1152.27 42.00 -1757.27
v 1155.00 42.00 -1755.03
v 1158.11 42.00 -1753.37
v 1161.49 42.00 -1752.35
v 1165.00 42.00 -1752.00
v 1168.51 42.00 -1752.35
v 1171.89 42.00 -1753.37
v 1175.00 42.00 -1755.03
v 1177.73 42.00 -1757.27
v 1179.97 42.00 -1760.00
v 1181.63 42.00 -1763.11
v 1182.65 42.00 -1766.49
v 1183.00 42.00 -1770.00
v 1182.65 42.00 -1773.51
v 1181.63 42.00 -1776.89
v 1179.97 42.00 -1780.00
v 1177.73 42.00 -1782.73
v 1175.00 42.00 -1784.97
v 1171.89 42.00 -1786.63
v 1168.51 42.00 -1787.65
v 1165.00 50.00 -1788.00
v 1161.49 50.00 -1787.65
v 1158.11 50.00 -1786.63
v 1155.00 50.00 -1784.97
v 1152.27 50.00 -1782.73
v 1150.03 50.00 -1780.00
v 1148.37 50.00 -1776.89
v 1147.35 50.00 -1773.51
v 1147.00 50.00 -1770.00
v 1147.35 50.00 -1766.49
v 1148.37 50.00 -1763.11
v 1150.03 50.00 -1760.00
v 1152.27 50.00 -1757.27
v 1155.00 50.00 -1755.03
v 1158.11 50.00 -1753.37
v 1161.49 50.00 -1752.35
v 1165.00 50.00 -1752.00
v 1168.51 50.00 -1752.35
v 1171.89 50.00 -1753.37
v 1175.00 50.00 -1755.03
v 1177.73 50.00 -1757.27
v 1179.97 50.00 -1760.00
v 1181.63 50.00 -1763.11
v 1182.65 50.00 -1766.49
v 1183.00 50.00 -1770.00
v 1182.65 50.00 -1773.51
v 1181.63 50.00 -1776.89
v 1179.97 50.00 -1780.00
v 1177.73 50.00 -1782.73
v 1175.00 50.00 -1784.97
v 1171.89 50.00 -1786.63
v 1168.51 50.00 -1787.65
v 1165.00 42.00 -1848.00
v 1161.49 42.00 -1847.65
v 1158.11 42.00 -1846.63
v 1155.00 42.00 -1844.97
v 1152.27 42.00 -1842.73
v 1150.03 42.00 -1840.00
v 1148.37 42.00 -1836.89
v 1147.35 42.00 -1833.51
v 1147.00 42.00 -1830.00
v 1147.35 42.00 -1826.49
v 1148.37 42.00 -1823.11
v 1150.03 42.00 -1820.00
v 1152.27 42.00 -1817.27
v 1155.00 42.00 -1815.03
v 1158.11 42.00 -1813.37
v 1161.49 42.00 -1812.35
v 1165.00 42.00 -1812.00
v 1168.51 42.00 -1812.35
v 1171.89 42.00 -1813.37
v 1175.00 42.00 -1815.03
v 1177.73 42.00 -1817.27
v 1179.97 42.00 -1820.00
v 1181.63 42.00 -1823.11
v 1182.65 42.00 -1826.49
v 1183.00 42.00 -1830.00
v 1182.65 42.00 -1833.51
v 1181.63 42.00 -1836.89
v 1179.97 42.00 -1840.00
v 1177.73 42.00 -1842.73
v 1175.00 42.00 -1844.97
v 1171.89 42.00 -1846.63
v 1168.51 42.00 -1847.65
v 1165.00 50.00 -1848.00
v 1161.49 50.00 -1847.65
v 1158.11 50.00 -1846.63
v 1155.00 50.00 -1844.97
v 1152.27 50.00 -1842.73
v 1150.03 50.00 -1840.00
v 1148.37 50.00 -1836.89
v 1147.35 50.00 -1833.51
v 1147.00 50.00 -1830.00
v 1147.35 50.00 -1826.49
v 1148.37 50.00 -1823.11
v 1150.03 50.00 -1820.00
v 1152.27 50.00 -1817.27
v 1155.00 50.00 -1815.03
v 1158.11 50.00 -1813.37
v 1161.49 50.00 -1812.35
v 1165.00 50.00 -1812.00
v 1168.51 50.00 -1812.35
v 1171.89 50.00 -1813.37
v 1175.00 50.00 -1815.03
v 1177.73 50.00 -1817.27
v 1179.97 50.00 -1820.00
v 1181.63 50.00 -1823.11
v 1182.65 50.00 -1826.49
v 1183.00 50.00 -1830.00
v 1182.65 50.00 -1833.51
v 1181.63 50.00 -1836.89
v 1179.97 50.00 -1840.00
v 1177.73 50.00 -1842.73
v 1175.00 50.00 -1844.97
v 1171.89 50.00 -1846.63
v 1168.51 50.00 -1847.65
v 1200.00 0.00 -1760.00
v 1280.00 0.00 -1760.00
v 1200.00 0.00 -1820.00
v 1280.00 0.00 -1820.00
v 1200.00 12.00 -1760.00
v 1280.00 12.00 -1760.00
v 1200.00 12.00 -1820.00
v 1280.00 12.00 -1820.00
v 1200.00 0.00 -1830.00
v 1290.00 0.00 -1830.00
v 1200.00 0.00 -1885.00
v 1290.00 0.00 -1885.00
v 1200.00 16.00 -1830.00
v 1290.00 16.00 -1830.00
v 1200.00 16.00 -1885.00
v 1290.00 16.00 -1885.00
v 1300.00 0.00 -1720.00
v 1430.00 0.00 -1720.00
v 1300.00 0.00 -1800.00
v 1430.00 0.00 -1800.00
v 1300.00 25.00 -1720.00
v 1430.00 25.00 -1720.00
v 1300.00 25.00 -1800.00
v 1430.00 25.00 -1800.00
v 1565.00 0.00 -467.00
v 1605.00 0.00 -467.00
v 1565.00 0.00 -475.00
v 1605.00 0.00 -475.00
v 1565.00 9.50 -467.00
v 1605.00 9.50 -467.00
v 1565.00 9.50 -475.00
v 1605.00 9.50 -475.00
v 1625.00 0.00 -467.00
v 1665.00 0.00 -467.00
v 1625.00 0.00 -475.00
v 1665.00 0.00 -475.00
v 1625.00 9.50 -467.00
v 1665.00 9.50 -467.00
v 1625.00 9.50 -475.00
v 1665.00 9.50 -475.00
v 1685.00 0.00 -467.00
v 1725.00 0.00 -467.00
v 1685.00 0.00 -475.00
v 1725.00 0.00 -475.00
v 1685.00 9.50 -467.00
v 1725.00 9.50 -467.00
v 1685.00 9.50 -475.00
v 1725.00 9.50 -475.00
v 1745.00 0.00 -467.00
v 1785.00 0.00 -467.00
v 1745.00 0.00 -475.00
v 1785.00 0.00 -475.00
v 1745.00 9.50 -467.00
v 1785.00 9.50 -467.00
v 1745.00 9.50 -475.00
v 1785.00 9.50 -475.00
v 1805.00 0.00 -467.00
v 1845.00 0.00 -467.00
v 1805.00 0.00 -475.00
v 1845.00 0.00 -475.00
v 1805.00 9.50 -467.00
v 1845.00 9.50 -467.00
v 1805.00 9.50 -475.00
v 1845.00 9.50 -475.00
v 1865.00 0.00 -467.00
v 1905.00 0.00 -467.00
v 1865.00 0.00 -475.00
v 1905.00 0.00 -475.00
v 1865.00 9.50 -467.00
v 1905.00 9.50 -467.00
v 1865.00 9.50 -475.00
v 1905.00 9.50 -475.00
v 1590.00 0.00 -486.00
v 1610.00 0.00 -486.00
v 1590.00 0.00 -494.00
v 1610.00 0.00 -494.00
v 1590.00 9.00 -486.00
v 1610.00 9.00 -486.00
v 1590.00 9.00 -494.00
v 1610.00 9.00 -494.00
v 1710.00 0.00 -486.00
v 1730.00 0.00 -486.00
v 1710.00 0.00 -494.00
v 1730.00 0.00 -494.00
v 1710.00 9.00 -486.00
v 1730.00 9.00 -486.00
v 1710.00 9.00 -494.00
v 1730.00 9.00 -494.00
v 1830.00 0.00 -486.00
v 1850.00 0.00 -486.00
v 1830.00 0.00 -494.00
v 1850.00 0.00 -494.00
v 1830.00 9.00 -486.00
v 1850.00 9.00 -486.00
v 1830.00 9.00 -494.00
v 1850.00 9.00 -494.00
v 1565.00 0.00 -525.00
v 1605.00 0.00 -525.00
v 1565.00 0.00 -533.00
v 1605.00 0.00 -533.00
v 1565.00 9.50 -525.00
v 1605.00 9.50 -525.00
v 1565.00 9.50 -533.00
v 1605.00 9.50 -533.00
v 1625.00 0.00 -525.00
v 1665.00 0.00 -525.00
v 1625.00 0.00 -533.00
v 1665.00 0.00 -533.00
v 1625.00 9.50 -525.00
v 1665.00 9.50 -525.00
v 1625.00 9.50 -533.00
v 1665.00 9.50 -533.00
v 1685.00 0.00 -525.00
v 1725.00 0.00 -525.00
v 1685.00 0.00 -533.00
v 1725.00 0.00 -533.00
v 1685.00 9.50 -525.00
v 1725.00 9.50 -525.00
v 1685.00 9.50 -533.00
v 1725.00 9.50 -533.00
v 1745.00 0.00 -525.00
v 1785.00 0.00 -525.00
v 1745.00 0.00 -533.00
v 1785.00 0.00 -533.00
v 1745.00 9.50 -525.00
v 1785.00 9.50 -525.00
v 1745.00 9.50 -533.00
v 1785.00 9.50 -533.00
v 1805.00 0.00 -525.00
v 1845.00 0.00 -525.00
v 1805.00 0.00 -533.00
v 1845.00 0.00 -533.00
v 1805.00 9.50 -525.00
v 1845.00 9.50 -525.00
v 1805.00 9.50 -533.00
v 1845.00 9.50 -533.00
v 1865.00 0.00 -525.00
v 1905.00 0.00 -525.00
v 1865.00 0.00 -533.00
v 1905.00 0.00 -533.00
v 1865.00 9.50 -525.00
v 1905.00 9.50 -525.00
v 1865.00 9.50 -533.00
v 1905.00 9.50 -533.00
v 1590.00 0.00 -544.00
v 1610.00 0.00 -544.00
v 1590.00 0.00 -552.00
v 1610.00 0.00 -552.00
v 1590.00 9.00 -544.00
v 1610.00 9.00 -544.00
v 1590.00 9.00 -552.00
v 1610.00 9.00 -552.00
v 1710.00 0.00 -544.00
v 1730.00 0.00 -544.00
v 1710.00 0.00 -552.00
v 1730.00 0.00 -552.00
v 1710.00 9.00 -544.00
v 1730.00 9.00 -544.00
v 1710.00 9.00 -552.00
v 1730.00 9.00 -552.00
v 1830.00 0.00 -544.00
v 1850.00 0.00 -544.00
v 1830.00 0.00 -552.00
v 1850.00 0.00 -552.00
v 1830.00 9.00 -544.00
v 1850.00 9.00 -544.00
v 1830.00 9.00 -552.00
v 1850.00 9.00 -552.00
v 1565.00 0.00 -583.00
v 1605.00 0.00 -583.00
v 1565.00 0.00 -591.00
v 1605.00 0.00 -591.00
v 1565.00 9.50 -583.00
v 1605.00 9.50 -583.00
v 1565.00 9.50 -591.00
v 1605.00 9.50 -591.00
v 1625.00 0.00 -583.00
v 1665.00 0.00 -583.00
v 1625.00 0.00 -591.00
v 1665.00 0.00 -591.00
v 1625.00 9.50 -583.00
v 1665.00 9.50 -583.00
v 1625.00 9.50 -591.00
v 1665.00 9.50 -591.00
v 1685.00 0.00 -583.00
v 1725.00 0.00 -583.00
v 1685.00 0.00 -591.00
v 1725.00 0.00 -591.00
v 1685.00 9.50 -583.00
v 1725.00 9.50 -583.00
v 1685.00 9.50 -591.00
v 1725.00 9.50 -591.00
v 1745.00 0.00 -583.00
v 1785.00 0.00 -583.00
v 1745.00 0.00 -591.00
v 1785.00 0.00 -591.00
v 1745.00 9.50 -583.00
v 1785.00 9.50 -583.00
v 1745.00 9.50 -591.00
v 1785.00 9.50 -591.00
v 1805.00 0.00 -583.00
v 1845.00 0.00 -583.00
v 1805.00 0.00 -591.00
v 1845.00 0.00 -591.00
v 1805.00 9.50 -583.00
v 1845.00 9.50 -583.00
v 1805.00 9.50 -591.00
v 1845.00 9.50 -591.00
v 1865.00 0.00 -583.00
v 1905.00 0.00 -583.00
v 1865.00 0.00 -591.00
v 1905.00 0.00 -591.00
v 1865.00 9.50 -583.00
v 1905.00 9.50 -583.00
v 1865.00 9.50 -591.00
v 1905.00 9.50 -591.00
v 1590.00 0.00 -602.00
v 1610.00 0.00 -602.00
v 1590.00 0.00 -610.00
v 1610.00 0.00 -610.00
v 1590.00 9.00 -602.00
v 1610.00 9.00 -602.00
v 1590.00 9.00 -610.00
v 1610.00 9.00 -610.00
v 1710.00 0.00 -602.00
v 1730.00 0.00 -602.00
v 1710.00 0.00 -610.00
v 1730.00 0.00 -610.00
v 1710.00 9.00 -602.00
v 1730.00 9.00 -602.00
v 1710.00 9.00 -610.00
v 1730.00 9.00 -610.00
v 1830.00 0.00 -602.00
v 1850.00 0.00 -602.00
v 1830.00 0.00 -610.00
v 1850.00 0.00 -610.00
v 1830.00 9.00 -602.00
v 1850.00 9.00 -602.00
v 1830.00 9.00 -610.00
v 1850.00 9.00 -610.00
v 1565.00 0.00 -641.00
v 1605.00 0.00 -641.00
v 1565.00 0.00 -649.00
v 1605.00 0.00 -649.00
v 1565.00 9.50 -641.00
v 1605.00 9.50 -641.00
v 1565.00 9.50 -649.00
v 1605.00 9.50 -649.00
v 1625.00 0.00 -641.00
v 1665.00 0.00 -641.00
v 1625.00 0.00 -649.00
v 1665.00 0.00 -649.00
v 1625.00 9.50 -641.00
v 1665.00 9.50 -641.00
v 1625.00 9.50 -649.00
v 1665.00 9.50 -649.00
v 1685.00 0.00 -641.00
v 1725.00 0.00 -641.00
v 1685.00 0.00 -649.00
v 1725.00 0.00 -649.00
v 1685.00 9.50 -641.00
v 1725.00 9.50 -641.00
v 1685.00 9.50 -649.00
v 1725.00 9.50 -649.00
v 1745.00 0.00 -641.00
v 1785.00 0.00 -641.00
v 1745.00 0.00 -649.00
v 1785.00 0.00 -649.00
v 1745.00 9.50 -641.00
v 1785.00 9.50 -641.00
v 1745.00 9.50 -649.00
v 1785.00 9.50 -649.00
v 1805.00 0.00 -641.00
v 1845.00 0.00 -641.00
v 1805.00 0.00 -649.00
v 1845.00 0.00 -649.00
v 1805.00 9.50 -641.00
v 1845.00 9.50 -641.00
v 1805.00 9.50 -649.00
v 1845.00 9.50 -649.00
v 1865.00 0.00 -641.00
v 1905.00 0.00 -641.00
v 1865.00 0.00 -649.00
v 1905.00 0.00 -649.00
v 1865.00 9.50 -641.00
v 1905.00 9.50 -641.00
v 1865.00 9.50 -649.00
v 1905.00 9.50 -649.00
v 1590.00 0.00 -660.00
v 1610.00 0.00 -660.00
v 1590.00 0.00 -668.00
v 1610.00 0.00 -668.00
v 1590.00 9.00 -660.00
v 1610.00 9.00 -660.00
v 1590.00 9.00 -668.00
v 1610.00 9.00 -668.00
v 1710.00 0.00 -660.00
v 1730.00 0.00 -660.00
v 1710.00 0.00 -668.00
v 1730.00 0.00 -668.00
v 1710.00 9.00 -660.00
v 1730.00 9.00 -660.00
v 1710.00 9.00 -668.00
v 1730.00 9.00 -668.00
v 1830.00 0.00 -660.00
v 1850.00 0.00 -660.00
v 1830.00 0.00 -668.00
v 1850.00 0.00 -668.00
v 1830.00 9.00 -660.00
v 1850.00 9.00 -660.00
v 1830.00 9.00 -668.00
v 1850.00 9.00 -668.00
v 1565.00 0.00 -699.00
v 1605.00 0.00 -699.00
v 1565.00 0.00 -707.00
v 1605.00 0.00 -707.00
v 1565.00 9.50 -699.00
v 1605.00 9.50 -699.00
v 1565.00 9.50 -707.00
v 1605.00 9.50 -707.00
v 1625.00 0.00 -699.00
v 1665.00 0.00 -699.00
v 1625.00 0.00 -707.00
v 1665.00 0.00 -707.00
v 1625.00 9.50 -699.00
v 1665.00 9.50 -699.00
v 1625.00 9.50 -707.00
v 1665.00 9.50 -707.00
v 1685.00 0.00 -699.00
v 1725.00 0.00 -699.00
v 1685.00 0.00 -707.00
v 1725.00 0.00 -707.00
v 1685.00 9.50 -699.00
v 1725.00 9.50 -699.00
v 1685.00 9.50 -707.00
v 1725.00 9.50 -707.00
v 1745.00 0.00 -699.00
v 1785.00 0.00 -699.00
v 1745.00 0.00 -707.00
v 1785.00 0.00 -707.00
v 1745.00 9.50 -699.00
v 1785.00 9.50 -699.00
v 1745.00 9.50 -707.00
v 1785.00 9.50 -707.00
v 1805.00 0.00 -699.00
v 1845.00 0.00 -699.00
v 1805.00 0.00 -707.00
v 1845.00 0.00 -707.00
v 1805.00 9.50 -699.00
v 1845.00 9.50 -699.00
v 1805.00 9.50 -707.00
v 1845.00 9.50 -707.00
v 1865.00 0.00 -699.00
v 1905.00 0.00 -699.00
v 1865.00 0.00 -707.00
v 1905.00 0.00 -707.00
v 1865.00 9.50 -699.00
v 1905.00 9.50 -699.00
v 1865.00 9.50 -707.00
v 1905.00 9.50 -707.00
v 1590.00 0.00 -718.00
v 1610.00 0.00 -718.00
v 1590.00 0.00 -726.00
v 1610.00 0.00 -726.00
v 1590.00 9.00 -718.00
v 1610.00 9.00 -718.00
v 1590.00 9.00 -726.00
v 1610.00 9.00 -726.00
v 1710.00 0.00 -718.00
v 1730.00 0.00 -718.00
v 1710.00 0.00 -726.00
v 1730.00 0.00 -726.00
v 1710.00 9.00 -718.00
v 1730.00 9.00 -718.00
v 1710.00 9.00 -726.00
v 1730.00 9.00 -726.00
v 1830.00 0.00 -718.00
v 1850.00 0.00 -718.00
v 1830.00 0.00 -726.00
v 1850.00 0.00 -726.00
v 1830.00 9.00 -718.00
v 1850.00 9.00 -718.00
v 1830.00 9.00 -726.00
v 1850.00 9.00 -726.00
v 1725.00 0.00 -352.00
v 1765.00 0.00 -352.00
v 1725.00 0.00 -387.00
v 1765.00 0.00 -387.00
v 1725.00 24.00 -352.00
v 1765.00 24.00 -352.00
v 1725.00 24.00 -387.00
v 1765.00 24.00 -387.00
v 1800.00 0.00 -360.00
v 1850.00 0.00 -360.00
v 1800.00 0.00 -376.00
v 1850.00 0.00 -376.00
v 1800.00 14.00 -360.00
v 1850.00 14.00 -360.00
v 1800.00 14.00 -376.00
v 1850.00 14.00 -376.00
v 1885.00 0.00 -360.00
v 1905.00 0.00 -360.00
v 1885.00 0.00 -372.00
v 1905.00 0.00 -372.00
v 1885.00 8.00 -360.00
v 1905.00 8.00 -360.00
v 1885.00 8.00 -372.00
v 1905.00 8.00 -372.00
v 1885.00 0.00 -410.00
v 1905.00 0.00 -410.00
v 1885.00 0.00 -422.00
v 1905.00 0.00 -422.00
v 1885.00 10.00 -410.00
v 1905.00 10.00 -410.00
v 1885.00 10.00 -422.00
v 1905.00 10.00 -422.00
v 1565.00 0.00 -415.00
v 1575.00 0.00 -415.00
v 1565.00 0.00 -425.00
v 1575.00 0.00 -425.00
v 1565.00 8.00 -415.00
v 1575.00 8.00 -415.00
v 1565.00 8.00 -425.00
v 1575.00 8.00 -425.00
v 1570.00 0.00 -1040.00
v 1810.00 0.00 -1040.00
v 1570.00 0.00 -1130.00
v 1810.00 0.00 -1130.00
v 1570.00 40.00 -1040.00
v 1810.00 40.00 -1040.00
v 1570.00 40.00 -1130.00
v 1810.00 40.00 -1130.00
v 1581.00 0.00 -1055.00
v 1600.00 0.00 -1055.00
v 1581.00 0.00 -1115.00
v 1600.00 0.00 -1115.00
v 1581.00 20.00 -1055.00
v 1600.00 20.00 -1055.00
v 1581.00 20.00 -1115.00
v 1600.00 20.00 -1115.00
v 1580.00 0.00 -1000.00
v 1602.00 0.00 -1000.00
v 1580.00 0.00 -1030.00
v 1602.00 0.00 -1030.00
v 1580.00 25.00 -1000.00
v 1602.00 25.00 -1000.00
v 1580.00 25.00 -1030.00
v 1602.00 25.00 -1030.00
v 1591.00 0.00 -1040.00
v 1589.85 0.00 -1039.77
v 1588.88 0.00 -1039.12
v 1588.23 0.00 -1038.15
v 1588.00 0.00 -1037.00
v 1588.23 0.00 -1035.85
v 1588.88 0.00 -1034.88
v 1589.85 0.00 -1034.23
v 1591.00 0.00 -1034.00
v 1592.15 0.00 -1034.23
v 1593.12 0.00 -1034.88
v 1593.77 0.00 -1035.85
v 1594.00 0.00 -1037.00
v 1593.77 0.00 -1038.15
v 1593.12 0.00 -1039.12
v 1592.15 0.00 -1039.77
v 1591.00 90.00 -1040.00
v 1589.85 90.00 -1039.77
v 1588.88 90.00 -1039.12
v 1588.23 90.00 -1038.15
v 1588.00 90.00 -1037.00
v 1588.23 90.00 -1035.85
v 1588.88 90.00 -1034.88
v 1589.85 90.00 -1034.23
v 1591.00 90.00 -1034.00
v 1592.15 90.00 -1034.23
v 1593.12 90.00 -1034.88
v 1593.77 90.00 -1035.85
v 1594.00 90.00 -1037.00
v 1593.77 90.00 -1038.15
v 1593.12 90.00 -1039.12
v 1592.15 90.00 -1039.77
v 1580.00 4.00 -1140.00
v 1602.00 4.00 -1140.00
v 1580.00 4.00 -1152.00
v 1602.00 4.00 -1152.00
v 1580.00 14.00 -1140.00
v 1602.00 14.00 -1140.00
v 1580.00 14.00 -1152.00
v 1602.00 14.00 -1152.00
v 1580.00 4.00 -1156.00
v 1602.00 4.00 -1156.00
v 1580.00 4.00 -1168.00
v 1602.00 4.00 -1168.00
v 1580.00 14.00 -1156.00
v 1602.00 14.00 -1156.00
v 1580.00 14.00 -1168.00
v 1602.00 14.00 -1168.00
v 1580.00 4.00 -1172.00
v 1602.00 4.00 -1172.00
v 1580.00 4.00 -1184.00
v 1602.00 4.00 -1184.00
v 1580.00 14.00 -1172.00
v 1602.00 14.00 -1172.00
v 1580.00 14.00 -1184.00
v 1602.00 14.00 -1184.00
v 1580.00 4.00 -1188.00
v 1602.00 4.00 -1188.00
v 1580.00 4.00 -1200.00
v 1602.00 4.00 -1200.00
v 1580.00 14.00 -1188.00
v 1602.00 14.00 -1188.00
v 1580.00 14.00 -1200.00
v 1602.00 14.00 -1200.00
v 1580.00 4.00 -1204.00
v 1602.00 4.00 -1204.00
v 1580.00 4.00 -1216.00
v 1602.00 4.00 -1216.00
v 1580.00 14.00 -1204.00
v 1602.00 14.00 -1204.00
v 1580.00 14.00 -1216.00
v 1602.00 14.00 -1216.00
v 1609.00 0.00 -1055.00
v 1628.00 0.00 -1055.00
v 1609.00 0.00 -1115.00
v 1628.00 0.00 -1115.00
v 1609.00 20.00 -1055.00
v 1628.00 20.00 -1055.00
v 1609.00 20.00 -1115.00
v 1628.00 20.00 -1115.00
v 1608.00 0.00 -1000.00
v 1630.00 0.00 -1000.00
v 1608.00 0.00 -1030.00
v 1630.00 0.00 -1030.00
v 1608.00 25.00 -1000.00
v 1630.00 25.00 -1000.00
v 1608.00 25.00 -1030.00
v 1630.00 25.00 -1030.00
v 1619.00 0.00 -1040.00
v 1617.85 0.00 -1039.77
v 1616.88 0.00 -1039.12
v 1616.23 0.00 -1038.15
v 1616.00 0.00 -1037.00
v 1616.23 0.00 -1035.85
v 1616.88 0.00 -1034.88
v 1617.85 0.00 -1034.23
v 1619.00 0.00 -1034.00
v 1620.15 0.00 -1034.23
v 1621.12 0.00 -1034.88
v 1621.77 0.00 -1035.85
v 1622.00 0.00 -1037.00
v 1621.77 0.00 -1038.15
v 1621.12 0.00 -1039.12
v 1620.15 0.00 -1039.77
v 1619.00 90.00 -1040.00
v 1617.85 90.00 -1039.77
v 1616.88 90.00 -1039.12
v 1616.23 90.00 -1038.15
v 1616.00 90.00 -1037.00
v 1616.23 90.00 -1035.85
v 1616.88 90.00 -1034.88
v 1617.85 90.00 -1034.23
v 1619.00 90.00 -1034.00
v 1620.15 90.00 -1034.23
v 1621.12 90.00 -1034.88
v 1621.77 90.00 -1035.85
v 1622.00 90.00 -1037.00
v 1621.77 90.00 -1038.15
v 1621.12 90.00 -1039.12
v 1620.15 90.00 -1039.77
v 1608.00 4.00 -1140.00
v 1630.00 4.00 -1140.00
v 1608.00 4.00 -1152.00
v 1630.00 4.00 -1152.00
v 1608.00 14.00 -1140.00
v 1630.00 14.00 -1140.00
v 1608.00 14.00 -1152.00
v 1630.00 14.00 -1152.00
v 1608.00 4.00 -1156.00
v 1630.00 4.00 -1156.00
v 1608.00 4.00 -1168.00
v 1630.00 4.00 -1168.00
v 1608.00 14.00 -1156.00
v 1630.00 14.00 -1156.00
v 1608.00 14.00 -1168.00
v 1630.00 14.00 -1168.00
v 1608.00 4.00 -1172.00
v 1630.00 4.00 -1172.00
v 1608.00 4.00 -1184.00
v 1630.00 4.00 -1184.00
v 1608.00 14.00 -1172.00
v 1630.00 14.00 -1172.00
v 1608.00 14.00 -1184.00
v 1630.00 14.00 -1184.00
v 1608.00 4.00 -1188.00
v 1630.00 4.00 -1188.00
v 1608.00 4.00 -1200.00
v 1630.00 4.00 -1200.00
v 1608.00 14.00 -1188.00
v 1630.00 14.00 -1188.00
v 1608.00 14.00 -1200.00
v 1630.00 14.00 -1200.00
v 1608.00 4.00 -1204.00
v 1630.00 4.00 -1204.00
v 1608.00 4.00 -1216.00
v 1630.00 4.00 -1216.00
v 1608.00 14.00 -1204.00
v 1630.00 14.00 -1204.00
v 1608.00 14.00 -1216.00
v 1630.00 14.00 -1216.00
v 1637.00 0.00 -1055.00
v 1656.00 0.00 -1055.00
v 1637.00 0.00 -1115.00
v 1656.00 0.00 -1115.00
v 1637.00 20.00 -1055.00
v 1656.00 20.00 -1055.00
v 1637.00 20.00 -1115.00
v 1656.00 20.00 -1115.00
v 1636.00 0.00 -1000.00
v 1658.00 0.00 -1000.00
v 1636.00 0.00 -1030.00
v 1658.00 0.00 -1030.00
v 1636.00 25.00 -1000.00
v 1658.00 25.00 -1000.00
v 1636.00 25.00 -1030.00
v 1658.00 25.00 -1030.00
v 1647.00 0.00 -1040.00
v 1645.85 0.00 -1039.77
v 1644.88 0.00 -1039.12
v 1644.23 0.00 -1038.15
v 1644.00 0.00 -1037.00
v 1644.23 0.00 -1035.85
v 1644.88 0.00 -1034.88
v 1645.85 0.00 -1034.23
v 1647.00 0.00 -1034.00
v 1648.15 0.00 -1034.23
v 1649.12 0.00 -1034.88
v 1649.77 0.00 -1035.85
v 1650.00 0.00 -1037.00
v 1649.77 0.00 -1038.15
v 1649.12 0.00 -1039.12
v 1648.15 0.00 -1039.77
v 1647.00 90.00 -1040.00
v 1645.85 90.00 -1039.77
v 1644.88 90.00 -1039.12
v 1644.23 90.00 -1038.15
v 1644.00 90.00 -1037.00
v 1644.23 90.00 -1035.85
v 1644.88 90.00 -1034.88
v 1645.85 90.00 -1034.23
v 1647.00 90.00 -1034.00
v 1648.15 90.00 -1034.23
v 1649.12 90.00 -1034.88
v 1649.77 90.00 -1035.85
v 1650.00 90.00 -1037.00
v 1649.77 90.00 -1038.15
v 1649.12 90.00 -1039.12
v 1648.15 90.00 -1039.77
v 1636.00 4.00 -1140.00
v 1658.00 4.00 -1140.00
v 1636.00 4.00 -1152.00
v 1658.00 4.00 -1152.00
v 1636.00 14.00 -1140.00
v 1658.00 14.00 -1140.00
v 1636.00 14.00 -1152.00
v 1658.00 14.00 -1152.00
v 1636.00 4.00 -1156.00
v 1658.00 4.00 -1156.00
v 1636.00 4.00 -1168.00
v 1658.00 4.00 -1168.00
v 1636.00 14.00 -1156.00
v 1658.00 14.00 -1156.00
v 1636.00 14.00 -1168.00
v 1658.00 14.00 -1168.00
v 1636.00 4.00 -1172.00
v 1658.00 4.00 -1172.00
v 1636.00 4.00 -1184.00
v 1658.00 4.00 -1184.00
v 1636.00 14.00 -1172.00
v 1658.00 14.00 -1172.00
v 1636.00 14.00 -1184.00
v 1658.00 14.00 -1184.00
v 1636.00 4.00 -1188.00
v 1658.00 4.00 -1188.00
v 1636.00 4.00 -1200.00
v 1658.00 4.00 -1200.00
v 1636.00 14.00 -1188.00
v 1658.00 14.00 -1188.00
v 1636.00 14.00 -1200.00
v 1658.00 14.00 -1200.00
v 1636.00 4.00 -1204.00
v 1658.00 4.00 -1204.00
v 1636.00 4.00 -1216.00
v 1658.00 4.00 -1216.00
v 1636.00 14.00 -1204.00
v 1658.00 14.00 -1204.00
v 1636.00 14.00 -1216.00
v 1658.00 14.00 -1216.00
v 1665.00 0.00 -1055.00
v 1684.00 0.00 -1055.00
v 1665.00 0.00 -1115.00
v 1684.00 0.00 -1115.00
v 1665.00 20.00 -1055.00
v 1684.00 20.00 -1055.00
v 1665.00 20.00 -1115.00
v 1684.00 20.00 -1115.00
v 1664.00 0.00 -1000.00
v 1686.00 0.00 -1000.00
v 1664.00 0.00 -1030.00
v 1686.00 0.00 -1030.00
v 1664.00 25.00 -1000.00
v 1686.00 25.00 -1000.00
v 1664.00 25.00 -1030.00
v 1686.00 25.00 -1030.00
v 1675.00 0.00 -1040.00
v 1673.85 0.00 -1039.77
v 1672.88 0.00 -1039.12
v 1672.23 0.00 -1038.15
v 1672.00 0.00 -1037.00
v 1672.23 0.00 -1035.85
v 1672.88 0.00 -1034.88
v 1673.85 0.00 -1034.23
v 1675.00 0.00 -1034.00
v 1676.15 0.00 -1034.23
v 1677.12 0.00 -1034.88
v 1677.77 0.00 -1035.85
v 1678.00 0.00 -1037.00
v 1677.77 0.00 -1038.15
v 1677.12 0.00 -1039.12
v 1676.15 0.00 -1039.77
v 1675.00 90.00 -1040.00
v 1673.85 90.00 -1039.77
v 1672.88 90.00 -1039.12
v 1672.23 90.00 -1038.15
v 1672.00 90.00 -1037.00
v 1672.23 90.00 -1035.85
v 1672.88 90.00 -1034.88
v 1673.85 90.00 -1034.23
v 1675.00 90.00 -1034.00
v 1676.15 90.00 -1034.23
v 1677.12 90.00 -1034.88
v 1677.77 90.00 -1035.85
v 1678.00 90.00 -1037.00
v 1677.77 90.00 -1038.15
v 1677.12 90.00 -1039.12
v 1676.15 90.00 -1039.77
v 1664.00 4.00 -1140.00
v 1686.00 4.00 -1140.00
v 1664.00 4.00 -1152.00
v 1686.00 4.00 -1152.00
v 1664.00 14.00 -1140.00
v 1686.00 14.00 -1140.00
v 1664.00 14.00 -1152.00
v 1686.00 14.00 -1152.00
v 1664.00 4.00 -1156.00
v 1686.00 4.00 -1156.00
v 1664.00 4.00 -1168.00
v 1686.00 4.00 -1168.00
v 1664.00 14.00 -1156.00
v 1686.00 14.00 -1156.00
v 1664.00 14.00 -1168.00
v 1686.00 14.00 -1168.00
v 1664.00 4.00 -1172.00
v 1686.00 4.00 -1172.00
v 1664.00 4.00 -1184.00
v 1686.00 4.00 -1184.00
v 1664.00 14.00 -1172.00
v 1686.00 14.00 -1172.00
v 1664.00 14.00 -1184.00
v 1686.00 14.00 -1184.00
v 1664.00 4.00 -1188.00
v 1686.00 4.00 -1188.00
v 1664.00 4.00 -1200.00
v 1686.00 4.00 -1200.00
v 1664.00 14.00 -1188.00
v 1686.00 14.00 -1188.00
v 1664.00 14.00 -1200.00
v 1686.00 14.00 -1200.00
v 1664.00 4.00 -1204.00
v 1686.00 4.00 -1204.00
v 1664.00 4.00 -1216.00
v 1686.00 4.00 -1216.00
v 1664.00 14.00 -1204.00
v 1686.00 14.00 -1204.00
v 1664.00 14.00 -1216.00
v 1686.00 14.00 -1216.00
v 1693.00 0.00 -1055.00
v 1712.00 0.00 -1055.00
v 1693.00 0.00 -1115.00
v 1712.00 0.00 -1115.00
v 1693.00 20.00 -1055.00
v 1712.00 20.00 -1055.00
v 1693.00 20.00 -1115.00
v 1712.00 20.00 -1115.00
v 1692.00 0.00 -1000.00
v 1714.00 0.00 -1000.00
v 1692.00 0.00 -1030.00
v 1714.00 0.00 -1030.00
v 1692.00 25.00 -1000.00
v 1714.00 25.00 -1000.00
v 1692.00 25.00 -1030.00
v 1714.00 25.00 -1030.00
v 1703.00 0.00 -1040.00
v 1701.85 0.00 -1039.77
v 1700.88 0.00 -1039.12
v 1700.23 0.00 -1038.15
v 1700.00 0.00 -1037.00
v 1700.23 0.00 -1035.85
v 1700.88 0.00 -1034.88
v 1701.85 0.00 -1034.23
v 1703.00 0.00 -1034.00
v 1704.15 0.00 -1034.23
v 1705.12 0.00 -1034.88
v 1705.77 0.00 -1035.85
v 1706.00 0.00 -1037.00
v 1705.77 0.00 -1038.15
v 1705.12 0.00 -1039.12
v 1704.15 0.00 -1039.77
v 1703.00 90.00 -1040.00
v 1701.85 90.00 -1039.77
v 1700.88 90.00 -1039.12
v 1700.23 90.00 -1038.15
v 1700.00 90.00 -1037.00
v 1700.23 90.00 -1035.85
v 1700.88 90.00 -1034.88
v 1701.85 90.00 -1034.23
v 1703.00 90.00 -1034.00
v 1704.15 90.00 -1034.23
v 1705.12 90.00 -1034.88
v 1705.77 90.00 -1035.85
v 1706.00 90.00 -1037.00
v 1705.77 90.00 -1038.15
v 1705.12 90.00 -1039.12
v 1704.15 90.00 -1039.77
v 1692.00 4.00 -1140.00
v 1714.00 4.00 -1140.00
v 1692.00 4.00 -1152.00
v 1714.00 4.00 -1152.00
v 1692.00 14.00 -1140.00
v 1714.00 14.00 -1140.00
v 1692.00 14.00 -1152.00
v 1714.00 14.00 -1152.00
v 1692.00 4.00 -1156.00
v 1714.00 4.00 -1156.00
v 1692.00 4.00 -1168.00
v 1714.00 4.00 -1168.00
v 1692.00 14.00 -1156.00
v 1714.00 14.00 -1156.00
v 1692.00 14.00 -1168.00
v 1714.00 14.00 -1168.00
v 1692.00 4.00 -1172.00
v 1714.00 4.00 -1172.00
v 1692.00 4.00 -1184.00
v 1714.00 4.00 -1184.00
v 1692.00 14.00 -1172.00
v 1714.00 14.00 -1172.00
v 1692.00 14.00 -1184.00
v 1714.00 14.00 -1184.00
v 1692.00 4.00 -1188.00
v 1714.00 4.00 -1188.00
v 1692.00 4.00 -1200.00
v 1714.00 4.00 -1200.00
v 1692.00 14.00 -1188.00
v 1714.00 14.00 -1188.00
v 1692.00 14.00 -1200.00
v 1714.00 14.00 -1200.00
v 1692.00 4.00 -1204.00
v 1714.00 4.00 -1204.00
v 1692.00 4.00 -1216.00
v 1714.00 4.00 -1216.00
v 1692.00 14.00 -1204.00
v 1714.00 14.00 -1204.00
v 1692.00 14.00 -1216.00
v 1714.00 14.00 -1216.00
v 1721.00 0.00 -1055.00
v 1740.00 0.00 -1055.00
v 1721.00 0.00 -1115.00
v 1740.00 0.00 -1115.00
v 1721.00 20.00 -1055.00
v 1740.00 20.00 -1055.00
v 1721.00 20.00 -1115.00
v 1740.00 20.00 -1115.00
v 1720.00 0.00 -1000.00
v 1742.00 0.00 -1000.00
v 1720.00 0.00 -1030.00
v 1742.00 0.00 -1030.00
v 1720.00 25.00 -1000.00
v 1742.00 25.00 -1000.00
v 1720.00 25.00 -1030.00
v 1742.00 25.00 -1030.00
v 1731.00 0.00 -1040.00
v 1729.85 0.00 -1039.77
v 1728.88 0.00 -1039.12
v 1728.23 0.00 -1038.15
v 1728.00 0.00 -1037.00
v 1728.23 0.00 -1035.85
v 1728.88 0.00 -1034.88
v 1729.85 0.00 -1034.23
v 1731.00 0.00 -1034.00
v 1732.15 0.00 -1034.23
v 1733.12 0.00 -1034.88
v 1733.77 0.00 -1035.85
v 1734.00 0.00 -1037.00
v 1733.77 0.00 -1038.15
v 1733.12 0.00 -1039.12
v 1732.15 0.00 -1039.77
v 1731.00 90.00 -1040.00
v 1729.85 90.00 -1039.77
v 1728.88 90.00 -1039.12
v 1728.23 90.00 -1038.15
v 1728.00 90.00 -1037.00
v 1728.23 90.00 -1035.85
v 1728.88 90.00 -1034.88
v 1729.85 90.00 -1034.23
v 1731.00 90.00 -1034.00
v 1732.15 90.00 -1034.23
v 1733.12 90.00 -1034.88
v 1733.77 90.00 -1035.85
v 1734.00 90.00 -1037.00
v 1733.77 90.00 -1038.15
v 1733.12 90.00 -1039.12
v 1732.15 90.00 -1039.77
v 1720.00 4.00 -1140.00
v 1742.00 4.00 -1140.00
v 1720.00 4.00 -1152.00
v 1742.00 4.00 -1152.00
v 1720.00 14.00 -1140.00
v 1742.00 14.00 -1140.00
v 1720.00 14.00 -1152.00
v 1742.00 14.00 -1152.00
v 1720.00 4.00 -1156.00
v 1742.00 4.00 -1156.00
v 1720.00 4.00 -1168.00
v 1742.00 4.00 -1168.00
v 1720.00 14.00 -1156.00
v 1742.00 14.00 -1156.00
v 1720.00 14.00 -1168.00
v 1742.00 14.00 -1168.00
v 1720.00 4.00 -1172.00
v 1742.00 4.00 -1172.00
v 1720.00 4.00 -1184.00
v 1742.00 4.00 -1184.00
v 1720.00 14.00 -1172.00
v 1742.00 14.00 -1172.00
v 1720.00 14.00 -1184.00
v 1742.00 14.00 -1184.00
v 1720.00 4.00 -1188.00
v 1742.00 4.00 -1188.00
v 1720.00 4.00 -1200.00
v 1742.00 4.00 -1200.00
v 1720.00 14.00 -1188.00
v 1742.00 14.00 -1188.00
v 1720.00 14.00 -1200.00
v 1742.00 14.00 -1200.00
v 1720.00 4.00 -1204.00
v 1742.00 4.00 -1204.00
v 1720.00 4.00 -1216.00
v 1742.00 4.00 -1216.00
v 1720.00 14.00 -1204.00
v 1742.00 14.00 -1204.00
v 1720.00 14.00 -1216.00
v 1742.00 14.00 -1216.00
v 1749.00 0.00 -1055.00
v 1768.00 0.00 -1055.00
v 1749.00 0.00 -1115.00
v 1768.00 0.00 -1115.00
v 1749.00 20.00 -1055.00
v 1768.00 20.00 -1055.00
v 1749.00 20.00 -1115.00
v 1768.00 20.00 -1115.00
v 1748.00 0.00 -1000.00
v 1770.00 0.00 -1000.00
v 1748.00 0.00 -1030.00
v 1770.00 0.00 -1030.00
v 1748.00 25.00 -1000.00
v 1770.00 25.00 -1000.00
v 1748.00 25.00 -1030.00
v 1770.00 25.00 -1030.00
v 1759.00 0.00 -1040.00
v 1757.85 0.00 -1039.77
v 1756.88 0.00 -1039.12
v 1756.23 0.00 -1038.15
v 1756.00 0.00 -1037.00
v 1756.23 0.00 -1035.85
v 1756.88 0.00 -1034.88
v 1757.85 0.00 -1034.23
v 1759.00 0.00 -1034.00
v 1760.15 0.00 -1034.23
v 1761.12 0.00 -1034.88
v 1761.77 0.00 -1035.85
v 1762.00 0.00 -1037.00
v 1761.77 0.00 -1038.15
v 1761.12 0.00 -1039.12
v 1760.15 0.00 -1039.77
v 1759.00 90.00 -1040.00
v 1757.85 90.00 -1039.77
v 1756.88 90.00 -1039.12
v 1756.23 90.00 -1038.15
v 1756.00 90.00 -1037.00
v 1756.23 90.00 -1035.85
v 1756.88 90.00 -1034.88
v 1757.85 90.00 -1034.23
v 1759.00 90.00 -1034.00
v 1760.15 90.00 -1034.23
v 1761.12 90.00 -1034.88
v 1761.77 90.00 -1035.85
v 1762.00 90.00 -1037.00
v 1761.77 90.00 -1038.15
v 1761.12 90.00 -1039.12
v 1760.15 90.00 -1039.77
v 1748.00 4.00 -1140.00
v 1770.00 4.00 -1140.00
v 1748.00 4.00 -1152.00
v 1770.00 4.00 -1152.00
v 1748.00 14.00 -1140.00
v 1770.00 14.00 -1140.00
v 1748.00 14.00 -1152.00
v 1770.00 14.00 -1152.00
v 1748.00 4.00 -1156.00
v 1770.00 4.00 -1156.00
v 1748.00 4.00 -1168.00
v 1770.00 4.00 -1168.00
v 1748.00 14.00 -1156.00
v 1770.00 14.00 -1156.00
v 1748.00 14.00 -1168.00
v 1770.00 14.00 -1168.00
v 1748.00 4.00 -1172.00
v 1770.00 4.00 -1172.00
v 1748.00 4.00 -1184.00
v 1770.00 4.00 -1184.00
v 1748.00 14.00 -1172.00
v 1770.00 14.00 -1172.00
v 1748.00 14.00 -1184.00
v 1770.00 14.00 -1184.00
v 1748.00 4.00 -1188.00
v 1770.00 4.00 -1188.00
v 1748.00 4.00 -1200.00
v 1770.00 4.00 -1200.00
v 1748.00 14.00 -1188.00
v 1770.00 14.00 -1188.00
v 1748.00 14.00 -1200.00
v 1770.00 14.00 -1200.00
v 1748.00 4.00 -1204.00
v 1770.00 4.00 -1204.00
v 1748.00 4.00 -1216.00
v 1770.00 4.00 -1216.00
v 1748.00 14.00 -1204.00
v 1770.00 14.00 -1204.00
v 1748.00 14.00 -1216.00
v 1770.00 14.00 -1216.00
v 1777.00 0.00 -1055.00
v 1796.00 0.00 -1055.00
v 1777.00 0.00 -1115.00
v 1796.00 0.00 -1115.00
v 1777.00 20.00 -1055.00
v 1796.00 20.00 -1055.00
v 1777.00 20.00 -1115.00
v 1796.00 20.00 -1115.00
v 1776.00 0.00 -1000.00
v 1798.00 0.00 -1000.00
v 1776.00 0.00 -1030.00
v 1798.00 0.00 -1030.00
v 1776.00 25.00 -1000.00
v 1798.00 25.00 -1000.00
v 1776.00 25.00 -1030.00
v 1798.00 25.00 -1030.00
v 1787.00 0.00 -1040.00
v 1785.85 0.00 -1039.77
v 1784.88 0.00 -1039.12
v 1784.23 0.00 -1038.15
v 1784.00 0.00 -1037.00
v 1784.23 0.00 -1035.85
v 1784.88 0.00 -1034.88
v 1785.85 0.00 -1034.23
v 1787.00 0.00 -1034.00
v 1788.15 0.00 -1034.23
v 1789.12 0.00 -1034.88
v 1789.77 0.00 -1035.85
v 1790.00 0.00 -1037.00
v 1789.77 0.00 -1038.15
v 1789.12 0.00 -1039.12
v 1788.15 0.00 -1039.77
v 1787.00 90.00 -1040.00
v 1785.85 90.00 -1039.77
v 1784.88 90.00 -1039.12
v 1784.23 90.00 -1038.15
v 1784.00 90.00 -1037.00
v 1784.23 90.00 -1035.85
v 1784.88 90.00 -1034.88
v 1785.85 90.00 -1034.23
v 1787.00 90.00 -1034.00
v 1788.15 90.00 -1034.23
v 1789.12 90.00 -1034.88
v 1789.77 90.00 -1035.85
v 1790.00 90.00 -1037.00
v 1789.77 90.00 -1038.15
v 1789.12 90.00 -1039.12
v 1788.15 90.00 -1039.77
v 1776.00 4.00 -1140.00
v 1798.00 4.00 -1140.00
v 1776.00 4.00 -1152.00
v 1798.00 4.00 -1152.00
v 1776.00 14.00 -1140.00
v 1798.00 14.00 -1140.00
v 1776.00 14.00 -1152.00
v 1798.00 14.00 -1152.00
v 1776.00 4.00 -1156.00
v 1798.00 4.00 -1156.00
v 1776.00 4.00 -1168.00
v 1798.00 4.00 -1168.00
v 1776.00 14.00 -1156.00
v 1798.00 14.00 -1156.00
v 1776.00 14.00 -1168.00
v 1798.00 14.00 -1168.00
v 1776.00 4.00 -1172.00
v 1798.00 4.00 -1172.00
v 1776.00 4.00 -1184.00
v 1798.00 4.00 -1184.00
v 1776.00 14.00 -1172.00
v 1798.00 14.00 -1172.00
v 1776.00 14.00 -1184.00
v 1798.00 14.00 -1184.00
v 1776.00 4.00 -1188.00
v 1798.00 4.00 -1188.00
v 1776.00 4.00 -1200.00
v 1798.00 4.00 -1200.00
v 1776.00 14.00 -1188.00
v 1798.00 14.00 -1188.00
v 1776.00 14.00 -1200.00
v 1798.00 14.00 -1200.00
v 1776.00 4.00 -1204.00
v 1798.00 4.00 -1204.00
v 1776.00 4.00 -1216.00
v 1798.00 4.00 -1216.00
v 1776.00 14.00 -1204.00
v 1798.00 14.00 -1204.00
v 1776.00 14.00 -1216.00
v 1798.00 14.00 -1216.00
v 1570.00 0.00 -1235.00
v 1690.00 0.00 -1235.00
v 1570.00 0.00 -1290.00
v 1690.00 0.00 -1290.00
v 1570.00 20.00 -1235.00
v 1690.00 20.00 -1235.00
v 1570.00 20.00 -1290.00
v 1690.00 20.00 -1290.00
v 1700.00 0.00 -1250.00
v 1760.00 0.00 -1250.00
v 1700.00 0.00 -1280.00
v 1760.00 0.00 -1280.00
v 1700.00 10.00 -1250.00
v 1760.00 10.00 -1250.00
v 1700.00 10.00 -1280.00
v 1760.00 10.00 -1280.00
v 1795.00 0.00 -1245.00
v 1825.00 0.00 -1245.00
v 1795.00 0.00 -1275.00
v 1825.00 0.00 -1275.00
v 1795.00 15.00 -1245.00
v 1825.00 15.00 -1245.00
v 1795.00 15.00 -1275.00
v 1825.00 15.00 -1275.00
v 1820.00 0.00 -1140.00
v 1860.00 0.00 -1140.00
v 1820.00 0.00 -1220.00
v 1860.00 0.00 -1220.00
v 1820.00 14.00 -1140.00
v 1860.00 14.00 -1140.00
v 1820.00 14.00 -1220.00
v 1860.00 14.00 -1220.00
v 1830.00 0.00 -1005.00
v 1846.00 0.00 -1005.00
v 1830.00 0.00 -1015.00
v 1846.00 0.00 -1015.00
v 1830.00 10.00 -1005.00
v 1846.00 10.00 -1005.00
v 1830.00 10.00 -1015.00
v 1846.00 10.00 -1015.00
v 1910.00 0.00 -1190.00
v 2000.00 0.00 -1190.00
v 1910.00 0.00 -1220.00
v 2000.00 0.00 -1220.00
v 1910.00 30.00 -1190.00
v 2000.00 30.00 -1190.00
v 1910.00 30.00 -1220.00
v 2000.00 30.00 -1220.00
v 2000.00 0.00 -1190.00
v 2040.00 0.00 -1190.00
v 2000.00 0.00 -1220.00
v 2040.00 0.00 -1220.00
v 2000.00 35.00 -1190.00
v 2040.00 35.00 -1190.00
v 2000.00 35.00 -1220.00
v 2040.00 35.00 -1220.00
v 2052.00 0.00 -1211.00
v 2049.51 0.00 -1210.51
v 2047.40 0.00 -1209.10
v 2045.99 0.00 -1206.99
v 2045.50 0.00 -1204.50
v 2045.99 0.00 -1202.01
v 2047.40 0.00 -1199.90
v 2049.51 0.00 -1198.49
v 2052.00 0.00 -1198.00
v 2054.49 0.00 -1198.49
v 2056.60 0.00 -1199.90
v 2058.01 0.00 -1202.01
v 2058.50 0.00 -1204.50
v 2058.01 0.00 -1206.99
v 2056.60 0.00 -1209.10
v 2054.49 0.00 -1210.51
v 2052.00 80.00 -1211.00
v 2049.51 80.00 -1210.51
v 2047.40 80.00 -1209.10
v 2045.99 80.00 -1206.99
v 2045.50 80.00 -1204.50
v 2045.99 80.00 -1202.01
v 2047.40 80.00 -1199.90
v 2049.51 80.00 -1198.49
v 2052.00 80.00 -1198.00
v 2054.49 80.00 -1198.49
v 2056.60 80.00 -1199.90
v 2058.01 80.00 -1202.01
v 2058.50 80.00 -1204.50
v 2058.01 80.00 -1206.99
v 2056.60 80.00 -1209.10
v 2054.49 80.00 -1210.51
v 1910.00 0.00 -1245.00
v 1950.00 0.00 -1245.00
v 1910.00 0.00 -1259.00
v 1950.00 0.00 -1259.00
v 1910.00 12.00 -1245.00
v 1950.00 12.00 -1245.00
v 1910.00 12.00 -1259.00
v 1950.00 12.00 -1259.00
v 1960.00 0.00 -1245.00
v 1980.00 0.00 -1245.00
v 1960.00 0.00 -1259.00
v 1980.00 0.00 -1259.00
v 1960.00 10.00 -1245.00
v 1980.00 10.00 -1245.00
v 1960.00 10.00 -1259.00
v 1980.00 10.00 -1259.00
v 1910.00 0.00 -1135.00
v 1970.00 0.00 -1135.00
v 1910.00 0.00 -1170.00
v 1970.00 0.00 -1170.00
v 1910.00 14.00 -1135.00
v 1970.00 14.00 -1135.00
v 1910.00 14.00 -1170.00
v 1970.00 14.00 -1170.00
v 2110.00 0.00 -1190.00
v 2200.00 0.00 -1190.00
v 2110.00 0.00 -1220.00
v 2200.00 0.00 -1220.00
v 2110.00 30.00 -1190.00
v 2200.00 30.00 -1190.00
v 2110.00 30.00 -1220.00
v 2200.00 30.00 -1220.00
v 2200.00 0.00 -1190.00
v 2240.00 0.00 -1190.00
v 2200.00 0.00 -1220.00
v 2240.00 0.00 -1220.00
v 2200.00 35.00 -1190.00
v 2240.00 35.00 -1190.00
v 2200.00 35.00 -1220.00
v 2240.00 35.00 -1220.00
v 2252.00 0.00 -1211.00
v 2249.51 0.00 -1210.51
v 2247.40 0.00 -1209.10
v 2245.99 0.00 -1206.99
v 2245.50 0.00 -1204.50
v 2245.99 0.00 -1202.01
v 2247.40 0.00 -1199.90
v 2249.51 0.00 -1198.49
v 2252.00 0.00 -1198.00
v 2254.49 0.00 -1198.49
v 2256.60 0.00 -1199.90
v 2258.01 0.00 -1202.01
v 2258.50 0.00 -1204.50
v 2258.01 0.00 -1206.99
v 2256.60 0.00 -1209.10
v 2254.49 0.00 -1210.51
v 2252.00 80.00 -1211.00
v 2249.51 80.00 -1210.51
v 2247.40 80.00 -1209.10
v 2245.99 80.00 -1206.99
v 2245.50 80.00 -1204.50
v 2245.99 80.00 -1202.01
v 2247.40 80.00 -1199.90
v 2249.51 80.00 -1198.49
v 2252.00 80.00 -1198.00
v 2254.49 80.00 -1198.49
v 2256.60 80.00 -1199.90
v 2258.01 80.00 -1202.01
v 2258.50 80.00 -1204.50
v 2258.01 80.00 -1206.99
v 2256.60 80.00 -1209.10
v 2254.49 80.00 -1210.51
v 2110.00 0.00 -1245.00
v 2150.00 0.00 -1245.00
v 2110.00 0.00 -1259.00
v 2150.00 0.00 -1259.00
v 2110.00 12.00 -1245.00
v 2150.00 12.00 -1245.00
v 2110.00 12.00 -1259.00
v 2150.00 12.00 -1259.00
v 2160.00 0.00 -1245.00
v 2180.00 0.00 -1245.00
v 2160.00 0.00 -1259.00
v 2180.00 0.00 -1259.00
v 2160.00 10.00 -1245.00
v 2180.00 10.00 -1245.00
v 2160.00 10.00 -1259.00
v 2180.00 10.00 -1259.00
v 2110.00 0.00 -1135.00
v 2170.00 0.00 -1135.00
v 2110.00 0.00 -1170.00
v 2170.00 0.00 -1170.00
v 2110.00 14.00 -1135.00
v 2170.00 14.00 -1135.00
v 2110.00 14.00 -1170.00
v 2170.00 14.00 -1170.00
v 2290.00 0.00 -1180.00
v 2370.00 0.00 -1180.00
v 2290.00 0.00 -1240.00
v 2370.00 0.00 -1240.00
v 2290.00 20.00 -1180.00
v 2370.00 20.00 -1180.00
v 2290.00 20.00 -1240.00
v 2370.00 20.00 -1240.00
v 2290.00 0.00 -1260.00
v 2330.00 0.00 -1260.00
v 2290.00 0.00 -1300.00
v 2330.00 0.00 -1300.00
v 2290.00 30.00 -1260.00
v 2330.00 30.00 -1260.00
v 2290.00 30.00 -1300.00
v 2330.00 30.00 -1300.00
v 2255.00 0.00 -1280.00
v 2275.00 0.00 -1280.00
v 2255.00 0.00 -1290.00
v 2275.00 0.00 -1290.00
v 2255.00 8.00 -1280.00
v 2275.00 8.00 -1280.00
v 2255.00 8.00 -1290.00
v 2275.00 8.00 -1290.00
v 2240.00 0.00 -1318.00
v 2280.00 0.00 -1318.00
v 2240.00 0.00 -1330.00
v 2280.00 0.00 -1330.00
v 2240.00 10.00 -1318.00
v 2280.00 10.00 -1318.00
v 2240.00 10.00 -1330.00
v 2280.00 10.00 -1330.00
v 1570.00 0.00 -870.00
v 1616.00 0.00 -870.00
v 1570.00 0.00 -880.00
v 1616.00 0.00 -880.00
v 1570.00 13.00 -870.00
v 1616.00 13.00 -870.00
v 1570.00 13.00 -880.00
v 1616.00 13.00 -880.00
v 1570.00 0.00 -888.00
v 1616.00 0.00 -888.00
v 1570.00 0.00 -898.00
v 1616.00 0.00 -898.00
v 1570.00 13.00 -888.00
v 1616.00 13.00 -888.00
v 1570.00 13.00 -898.00
v 1616.00 13.00 -898.00
v 1625.00 0.00 -875.00
v 1645.00 0.00 -875.00
v 1625.00 0.00 -893.00
v 1645.00 0.00 -893.00
v 1625.00 12.00 -875.00
v 1645.00 12.00 -875.00
v 1625.00 12.00 -893.00
v 1645.00 12.00 -893.00
v 1655.00 0.00 -868.00
v 1700.00 0.00 -868.00
v 1655.00 0.00 -900.00
v 1700.00 0.00 -900.00
v 1655.00 9.50 -868.00
v 1700.00 9.50 -868.00
v 1655.00 9.50 -900.00
v 1700.00 9.50 -900.00
v 1915.00 0.00 -880.00
v 1995.00 0.00 -880.00
v 1915.00 0.00 -900.00
v 1995.00 0.00 -900.00
v 1915.00 16.00 -880.00
v 1995.00 16.00 -880.00
v 1915.00 16.00 -900.00
v 1995.00 16.00 -900.00
v 2045.00 0.00 -870.00
v 2085.00 0.00 -870.00
v 2045.00 0.00 -905.00
v 2085.00 0.00 -905.00
v 2045.00 24.00 -870.00
v 2085.00 24.00 -870.00
v 2045.00 24.00 -905.00
v 2085.00 24.00 -905.00
v 2105.00 0.00 -870.00
v 2145.00 0.00 -870.00
v 2105.00 0.00 -905.00
v 2145.00 0.00 -905.00
v 2105.00 24.00 -870.00
v 2145.00 24.00 -870.00
v 2105.00 24.00 -905.00
v 2145.00 24.00 -905.00
v 1995.00 0.00 -1070.00
v 2004.00 0.00 -1070.00
v 1995.00 0.00 -1096.00
v 2004.00 0.00 -1096.00
v 1995.00 7.00 -1070.00
v 2004.00 7.00 -1070.00
v 1995.00 7.00 -1096.00
v 2004.00 7.00 -1096.00
v 2009.00 0.00 -1070.00
v 2018.00 0.00 -1070.00
v 2009.00 0.00 -1096.00
v 2018.00 0.00 -1096.00
v 2009.00 7.00 -1070.00
v 2018.00 7.00 -1070.00
v 2009.00 7.00 -1096.00
v 2018.00 7.00 -1096.00
v 2023.00 0.00 -1070.00
v 2032.00 0.00 -1070.00
v 2023.00 0.00 -1096.00
v 2032.00 0.00 -1096.00
v 2023.00 7.00 -1070.00
v 2032.00 7.00 -1070.00
v 2023.00 7.00 -1096.00
v 2032.00 7.00 -1096.00
v 2037.00 0.00 -1070.00
v 2046.00 0.00 -1070.00
v 2037.00 0.00 -1096.00
v 2046.00 0.00 -1096.00
v 2037.00 7.00 -1070.00
v 2046.00 7.00 -1070.00
v 2037.00 7.00 -1096.00
v 2046.00 7.00 -1096.00
v 2060.00 0.00 -1072.00
v 2102.00 0.00 -1072.00
v 2060.00 0.00 -1096.00
v 2102.00 0.00 -1096.00
v 2060.00 8.00 -1072.00
v 2102.00 8.00 -1072.00
v 2060.00 8.00 -1096.00
v 2102.00 8.00 -1096.00
v 2260.00 0.00 -1068.00
v 2268.00 0.00 -1068.00
v 2260.00 0.00 -1096.00
v 2268.00 0.00 -1096.00
v 2260.00 9.50 -1068.00
v 2268.00 9.50 -1068.00
v 2260.00 9.50 -1096.00
v 2268.00 9.50 -1096.00
v 2274.00 0.00 -1068.00
v 2282.00 0.00 -1068.00
v 2274.00 0.00 -1096.00
v 2282.00 0.00 -1096.00
v 2274.00 9.50 -1068.00
v 2282.00 9.50 -1068.00
v 2274.00 9.50 -1096.00
v 2282.00 9.50 -1096.00
v 2288.00 0.00 -1068.00
v 2296.00 0.00 -1068.00
v 2288.00 0.00 -1096.00
v 2296.00 0.00 -1096.00
v 2288.00 9.50 -1068.00
v 2296.00 9.50 -1068.00
v 2288.00 9.50 -1096.00
v 2296.00 9.50 -1096.00
v 2215.00 0.00 -970.00
v 2267.00 0.00 -970.00
v 2215.00 0.00 -982.00
v 2267.00 0.00 -982.00
v 2215.00 10.00 -970.00
v 2267.00 10.00 -970.00
v 2215.00 10.00 -982.00
v 2267.00 10.00 -982.00
v 2130.00 0.00 -620.00
v 2370.00 0.00 -620.00
v 2130.00 0.00 -640.00
v 2370.00 0.00 -640.00
v 2130.00 0.30 -620.00
v 2370.00 0.30 -620.00
v 2130.00 0.30 -640.00
v 2370.00 0.30 -640.00
v 2346.00 0.00 -305.00
v 2370.00 0.00 -305.00
v 2346.00 0.00 -620.00
v 2370.00 0.00 -620.00
v 2346.00 0.30 -305.00
v 2370.00 0.30 -305.00
v 2346.00 0.30 -620.00
v 2370.00 0.30 -620.00
v 2238.00 0.00 -617.00
v 2252.00 0.00 -617.00
v 2238.00 0.00 -643.00
v 2252.00 0.00 -643.00
v 2238.00 1.00 -617.00
v 2252.00 1.00 -617.00
v 2238.00 1.00 -643.00
v 2252.00 1.00 -643.00
v 2000.00 0.00 -642.00
v 2040.00 0.00 -642.00
v 2000.00 0.00 -650.00
v 2040.00 0.00 -650.00
v 2000.00 9.50 -642.00
v 2040.00 9.50 -642.00
v 2000.00 9.50 -650.00
v 2040.00 9.50 -650.00
v 2000.00 0.00 -607.00
v 2040.00 0.00 -607.00
v 2000.00 0.00 -615.00
v 2040.00 0.00 -615.00
v 2000.00 9.50 -607.00
v 2040.00 9.50 -607.00
v 2000.00 9.50 -615.00
v 2040.00 9.50 -615.00
v 2042.00 0.00 -640.00
v 2050.00 0.00 -640.00
v 2042.00 0.00 -652.00
v 2050.00 0.00 -652.00
v 2042.00 8.00 -640.00
v 2050.00 8.00 -640.00
v 2042.00 8.00 -652.00
v 2050.00 8.00 -652.00
v 2042.00 0.00 -605.00
v 2050.00 0.00 -605.00
v 2042.00 0.00 -617.00
v 2050.00 0.00 -617.00
v 2042.00 8.00 -605.00
v 2050.00 8.00 -605.00
v 2042.00 8.00 -617.00
v 2050.00 8.00 -617.00
v 2160.00 0.00 -695.00
v 2213.00 0.00 -695.00
v 2160.00 0.00 -704.00
v 2213.00 0.00 -704.00
v 2160.00 13.50 -695.00
v 2213.00 13.50 -695.00
v 2160.00 13.50 -704.00
v 2213.00 13.50 -704.00
v 2255.00 0.00 -572.00
v 2263.00 0.00 -572.00
v 2255.00 0.00 -578.00
v 2263.00 0.00 -578.00
v 2255.00 7.00 -572.00
v 2263.00 7.00 -572.00
v 2255.00 7.00 -578.00
v 2263.00 7.00 -578.00
v 2295.00 0.00 -560.00
v 2325.00 0.00 -560.00
v 2295.00 0.00 -568.00
v 2325.00 0.00 -568.00
v 2295.00 12.00 -560.00
v 2325.00 12.00 -560.00
v 2295.00 12.00 -568.00
v 2325.00 12.00 -568.00
v 2000.00 0.00 -460.00
v 2046.00 0.00 -460.00
v 2000.00 0.00 -470.00
v 2046.00 0.00 -470.00
v 2000.00 15.00 -460.00
v 2046.00 15.00 -460.00
v 2000.00 15.00 -470.00
v 2046.00 15.00 -470.00
v 2010.00 0.00 -420.00
v 2036.00 0.00 -420.00
v 2010.00 0.00 -428.00
v 2036.00 0.00 -428.00
v 2010.00 8.00 -420.00
v 2036.00 8.00 -420.00
v 2010.00 8.00 -428.00
v 2036.00 8.00 -428.00
v 2160.00 0.00 -430.00
v 2190.00 0.00 -430.00
v 2160.00 0.00 -440.00
v 2190.00 0.00 -440.00
v 2160.00 9.00 -430.00
v 2190.00 9.00 -430.00
v 2160.00 9.00 -440.00
v 2190.00 9.00 -440.00
v 2215.00 0.00 -429.00
v 2227.00 0.00 -429.00
v 2215.00 0.00 -441.00
v 2227.00 0.00 -441.00
v 2215.00 10.00 -429.00
v 2227.00 10.00 -429.00
v 2215.00 10.00 -441.00
v 2227.00 10.00 -441.00
v 2160.00 0.00 -470.00
v 2200.00 0.00 -470.00
v 2160.00 0.00 -484.00
v 2200.00 0.00 -484.00
v 2160.00 14.00 -470.00
v 2200.00 14.00 -470.00
v 2160.00 14.00 -484.00
v 2200.00 14.00 -484.00
v 2310.00 0.00 -430.00
v 2340.00 0.00 -430.00
v 2310.00 0.00 -440.00
v 2340.00 0.00 -440.00
v 2310.00 8.00 -430.00
v 2340.00 8.00 -430.00
v 2310.00 8.00 -440.00
v 2340.00 8.00 -440.00
v 60.00 0.00 -1240.00
v 300.00 0.00 -1240.00
v 60.00 0.00 -1320.00
v 300.00 0.00 -1320.00
v 60.00 42.00 -1240.00
v 300.00 42.00 -1240.00
v 60.00 42.00 -1320.00
v 300.00 42.00 -1320.00
v 80.00 42.00 -1275.00
v 77.07 42.00 -1274.71
v 74.26 42.00 -1273.86
v 71.67 42.00 -1272.47
v 69.39 42.00 -1270.61
v 67.53 42.00 -1268.33
v 66.14 42.00 -1265.74
v 65.29 42.00 -1262.93
v 65.00 42.00 -1260.00
v 65.29 42.00 -1257.07
v 66.14 42.00 -1254.26
v 67.53 42.00 -1251.67
v 69.39 42.00 -1249.39
v 71.67 42.00 -1247.53
v 74.26 42.00 -1246.14
v 77.07 42.00 -1245.29
v 80.00 42.00 -1245.00
v 82.93 42.00 -1245.29
v 85.74 42.00 -1246.14
v 88.33 42.00 -1247.53
v 90.61 42.00 -1249.39
v 92.47 42.00 -1251.67
v 93.86 42.00 -1254.26
v 94.71 42.00 -1257.07
v 95.00 42.00 -1260.00
v 94.71 42.00 -1262.93
v 93.86 42.00 -1265.74
v 92.47 42.00 -1268.33
v 90.61 42.00 -1270.61
v 88.33 42.00 -1272.47
v 85.74 42.00 -1273.86
v 82.93 42.00 -1274.71
v 80.00 50.00 -1275.00
v 77.07 50.00 -1274.71
v 74.26 50.00 -1273.86
v 71.67 50.00 -1272.47
v 69.39 50.00 -1270.61
v 67.53 50.00 -1268.33
v 66.14 50.00 -1265.74
v 65.29 50.00 -1262.93
v 65.00 50.00 -1260.00
v 65.29 50.00 -1257.07
v 66.14 50.00 -1254.26
v 67.53 50.00 -1251.67
v 69.39 50.00 -1249.39
v 71.67 50.00 -1247.53
v 74.26 50.00 -1246.14
v 77.07 50.00 -1245.29
v 80.00 50.00 -1245.00
v 82.93 50.00 -1245.29
v 85.74 50.00 -1246.14
v 88.33 50.00 -1247.53
v 90.61 50.00 -1249.39
v 92.47 50.00 -1251.67
v 93.86 50.00 -1254.26
v 94.71 50.00 -1257.07
v 95.00 50.00 -1260.00
v 94.71 50.00 -1262.93
v 93.86 50.00 -1265.74
v 92.47 50.00 -1268.33
v 90.61 50.00 -1270.61
v 88.33 50.00 -1272.47
v 85.74 50.00 -1273.86
v 82.93 50.00 -1274.71
v 80.00 42.00 -1315.00
v 77.07 42.00 -1314.71
v 74.26 42.00 -1313.86
v 71.67 42.00 -1312.47
v 69.39 42.00 -1310.61
v 67.53 42.00 -1308.33
v 66.14 42.00 -1305.74
v 65.29 42.00 -1302.93
v 65.00 42.00 -1300.00
v 65.29 42.00 -1297.07
v 66.14 42.00 -1294.26
v 67.53 42.00 -1291.67
v 69.39 42.00 -1289.39
v 71.67 42.00 -1287.53
v 74.26 42.00 -1286.14
v 77.07 42.00 -1285.29
v 80.00 42.00 -1285.00
v 82.93 42.00 -1285.29
v 85.74 42.00 -1286.14
v 88.33 42.00 -1287.53
v 90.61 42.00 -1289.39
v 92.47 42.00 -1291.67
v 93.86 42.00 -1294.26
v 94.71 42.00 -1297.07
v 95.00 42.00 -1300.00
v 94.71 42.00 -1302.93
v 93.86 42.00 -1305.74
v 92.47 42.00 -1308.33
v 90.61 42.00 -1310.61
v 88.33 42.00 -1312.47
v 85.74 42.00 -1313.86
v 82.93 42.00 -1314.71
v 80.00 50.00 -1315.00
v 77.07 50.00 -1314.71
v 74.26 50.00 -1313.86
v 71.67 50.00 -1312.47
v 69.39 50.00 -1310.61
v 67.53 50.00 -1308.33
v 66.14 50.00 -1305.74
v 65.29 50.00 -1302.93
v 65.00 50.00 -1300.00
v 65.29 50.00 -1297.07
v 66.14 50.00 -1294.26
v 67.53 50.00 -1291.67
v 69.39 50.00 -1289.39
v 71.67 50.00 -1287.53
v 74.26 50.00 -1286.14
v 77.07 50.00 -1285.29
v 80.00 50.00 -1285.00
v 82.93 50.00 -1285.29
v 85.74 50.00 -1286.14
v 88.33 50.00 -1287.53
v 90.61 50.00 -1289.39
v 92.47 50.00 -1291.67
v 93.86 50.00 -1294.26
v 94.71 50.00 -1297.07
v 95.00 50.00 -1300.00
v 94.71 50.00 -1302.93
v 93.86 50.00 -1305.74
v 92.47 50.00 -1308.33
v 90.61 50.00 -1310.61
v 88.33 50.00 -1312.47
v 85.74 50.00 -1313.86
v 82.93 50.00 -1314.71
v 120.00 42.00 -1275.00
v 117.07 42.00 -1274.71
v 114.26 42.00 -1273.86
v 111.67 42.00 -1272.47
v 109.39 42.00 -1270.61
v 107.53 42.00 -1268.33
v 106.14 42.00 -1265.74
v 105.29 42.00 -1262.93
v 105.00 42.00 -1260.00
v 105.29 42.00 -1257.07
v 106.14 42.00 -1254.26
v 107.53 42.00 -1251.67
v 109.39 42.00 -1249.39
v 111.67 42.00 -1247.53
v 114.26 42.00 -1246.14
v 117.07 42.00 -1245.29
v 120.00 42.00 -1245.00
v 122.93 42.00 -1245.29
v 125.74 42.00 -1246.14
v 128.33 42.00 -1247.53
v 130.61 42.00 -1249.39
v 132.47 42.00 -1251.67
v 133.86 42.00 -1254.26
v 134.71 42.00 -1257.07
v 135.00 42.00 -1260.00
v 134.71 42.00 -1262.93
v 133.86 42.00 -1265.74
v 132.47 42.00 -1268.33
v 130.61 42.00 -1270.61
v 128.33 42.00 -1272.47
v 125.74 42.00 -1273.86
v 122.93 42.00 -1274.71
v 120.00 50.00 -1275.00
v 117.07 50.00 -1274.71
v 114.26 50.00 -1273.86
v 111.67 50.00 -1272.47
v 109.39 50.00 -1270.61
v 107.53 50.00 -1268.33
v 106.14 50.00 -1265.74
v 105.29 50.00 -1262.93
v 105.00 50.00 -1260.00
v 105.29 50.00 -1257.07
v 106.14 50.00 -1254.26
v 107.53 50.00 -1251.67
v 109.39 50.00 -1249.39
v 111.67 50.00 -1247.53
v 114.26 50.00 -1246.14
v 117.07 50.00 -1245.29
v 120.00 50.00 -1245.00
v 122.93 50.00 -1245.29
v 125.74 50.00 -1246.14
v 128.33 50.00 -1247.53
v 130.61 50.00 -1249.39
v 132.47 50.00 -1251.67
v 133.86 50.00 -1254.26
v 134.71 50.00 -1257.07
v 135.00 50.00 -1260.00
v 134.71 50.00 -1262.93
v 133.86 50.00 -1265.74
v 132.47 50.00 -1268.33
v 130.61 50.00 -1270.61
v 128.33 50.00 -1272.47
v 125.74 50.00 -1273.86
v 122.93 50.00 -1274.71
v 120.00 42.00 -1315.00
v 117.07 42.00 -1314.71
v 114.26 42.00 -1313.86
v 111.67 42.00 -1312.47
v 109.39 42.00 -1310.61
v 107.53 42.00 -1308.33
v 106.14 42.00 -1305.74
v 105.29 42.00 -1302.93
v 105.00 42.00 -1300.00
v 105.29 42.00 -1297.07
v 106.14 42.00 -1294.26
v 107.53 42.00 -1291.67
v 109.39 42.00 -1289.39
v 111.67 42.00 -1287.53
v 114.26 42.00 -1286.14
v 117.07 42.00 -1285.29
v 120.00 42.00 -1285.00
v 122.93 42.00 -1285.29
v 125.74 42.00 -1286.14
v 128.33 42.00 -1287.53
v 130.61 42.00 -1289.39
v 132.47 42.00 -1291.67
v 133.86 42.00 -1294.26
v 134.71 42.00 -1297.07
v 135.00 42.00 -1300.00
v 134.71 42.00 -1302.93
v 133.86 42.00 -1305.74
v 132.47 42.00 -1308.33
v 130.61 42.00 -1310.61
v 128.33 42.00 -1312.47
v 125.74 42.00 -1313.86
v 122.93 42.00 -1314.71
v 120.00 50.00 -1315.00
v 117.07 50.00 -1314.71
v 114.26 50.00 -1313.86
v 111.67 50.00 -1312.47
v 109.39 50.00 -1310.61
v 107.53 50.00 -1308.33
v 106.14 50.00 -1305.74
v 105.29 50.00 -1302.93
v 105.00 50.00 -1300.00
v 105.29 50.00 -1297.07
v 106.14 50.00 -1294.26
v 107.53 50.00 -1291.67
v 109.39 50.00 -1289.39
v 111.67 50.00 -1287.53
v 114.26 50.00 -1286.14
v 117.07 50.00 -1285.29
v 120.00 50.00 -1285.00
v 122.93 50.00 -1285.29
v 125.74 50.00 -1286.14
v 128.33 50.00 -1287.53
v 130.61 50.00 -1289.39
v 132.47 50.00 -1291.67
v 133.86 50.00 -1294.26
v 134.71 50.00 -1297.07
v 135.00 50.00 -1300.00
v 134.71 50.00 -1302.93
v 133.86 50.00 -1305.74
v 132.47 50.00 -1308.33
v 130.61 50.00 -1310.61
v 128.33 50.00 -1312.47
v 125.74 50.00 -1313.86
v 122.93 50.00 -1314.71
v 160.00 42.00 -1275.00
v 157.07 42.00 -1274.71
v 154.26 42.00 -1273.86
v 151.67 42.00 -1272.47
v 149.39 42.00 -1270.61
v 147.53 42.00 -1268.33
v 146.14 42.00 -1265.74
v 145.29 42.00 -1262.93
v 145.00 42.00 -1260.00
v 145.29 42.00 -1257.07
v 146.14 42.00 -1254.26
v 147.53 42.00 -1251.67
v 149.39 42.00 -1249.39
v 151.67 42.00 -1247.53
v 154.26 42.00 -1246.14
v 157.07 42.00 -1245.29
v 160.00 42.00 -1245.00
v 162.93 42.00 -1245.29
v 165.74 42.00 -1246.14
v 168.33 42.00 -1247.53
v 170.61 42.00 -1249.39
v 172.47 42.00 -1251.67
v 173.86 42.00 -1254.26
v 174.71 42.00 -1257.07
v 175.00 42.00 -1260.00
v 174.71 42.00 -1262.93
v 173.86 42.00 -1265.74
v 172.47 42.00 -1268.33
v 170.61 42.00 -1270.61
v 168.33 42.00 -1272.47
v 165.74 42.00 -1273.86
v 162.93 42.00 -1274.71
v 160.00 50.00 -1275.00
v 157.07 50.00 -1274.71
v 154.26 50.00 -1273.86
v 151.67 50.00 -1272.47
v 149.39 50.00 -1270.61
v 147.53 50.00 -1268.33
v 146.14 50.00 -1265.74
v 145.29 50.00 -1262.93
v 145.00 50.00 -1260.00
v 145.29 50.00 -1257.07
v 146.14 50.00 -1254.26
v 147.53 50.00 -1251.67
v 149.39 50.00 -1249.39
v 151.67 50.00 -1247.53
v 154.26 50.00 -1246.14
v 157.07 50.00 -1245.29
v 160.00 50.00 -1245.00
v 162.93 50.00 -1245.29
v 165.74 50.00 -1246.14
v 168.33 50.00 -1247.53
v 170.61 50.00 -1249.39
v 172.47 50.00 -1251.67
v 173.86 50.00 -1254.26
v 174.71 50.00 -1257.07
v 175.00 50.00 -1260.00
v 174.71 50.00 -1262.93
v 173.86 50.00 -1265.74
v 172.47 50.00 -1268.33
v 170.61 50.00 -1270.61
v 168.33 50.00 -1272.47
v 165.74 50.00 -1273.86
v 162.93 50.00 -1274.71
v 160.00 42.00 -1315.00
v 157.07 42.00 -1314.71
v 154.26 42.00 -1313.86
v 151.67 42.00 -1312.47
v 149.39 42.00 -1310.61
v 147.53 42.00 -1308.33
v 146.14 42.00 -1305.74
v 145.29 42.00 -1302.93
v 145.00 42.00 -1300.00
v 145.29 42.00 -1297.07
v 146.14 42.00 -1294.26
v 147.53 42.00 -1291.67
v 149.39 42.00 -1289.39
v 151.67 42.00 -1287.53
v 154.26 42.00 -1286.14
v 157.07 42.00 -1285.29
v 160.00 42.00 -1285.00
v 162.93 42.00 -1285.29
v 165.74 42.00 -1286.14
v 168.33 42.00 -1287.53
v 170.61 42.00 -1289.39
v 172.47 42.00 -1291.67
v 173.86 42.00 -1294.26
v 174.71 42.00 -1297.07
v 175.00 42.00 -1300.00
v 174.71 42.00 -1302.93
v 173.86 42.00 -1305.74
v 172.47 42.00 -1308.33
v 170.61 42.00 -1310.61
v 168.33 42.00 -1312.47
v 165.74 42.00 -1313.86
v 162.93 42.00 -1314.71
v 160.00 50.00 -1315.00
v 157.07 50.00 -1314.71
v 154.26 50.00 -1313.86
v 151.67 50.00 -1312.47
v 149.39 50.00 -1310.61
v 147.53 50.00 -1308.33
v 146.14 50.00 -1305.74
v 145.29 50.00 -1302.93
v 145.00 50.00 -1300.00
v 145.29 50.00 -1297.07
v 146.14 50.00 -1294.26
v 147.53 50.00 -1291.67
v 149.39 50.00 -1289.39
v 151.67 50.00 -1287.53
v 154.26 50.00 -1286.14
v 157.07 50.00 -1285.29
v 160.00 50.00 -1285.00
v 162.93 50.00 -1285.29
v 165.74 50.00 -1286.14
v 168.33 50.00 -1287.53
v 170.61 50.00 -1289.39
v 172.47 50.00 -1291.67
v 173.86 50.00 -1294.26
v 174.71 50.00 -1297.07
v 175.00 50.00 -1300.00
v 174.71 50.00 -1302.93
v 173.86 50.00 -1305.74
v 172.47 50.00 -1308.33
v 170.61 50.00 -1310.61
v 168.33 50.00 -1312.47
v 165.74 50.00 -1313.86
v 162.93 50.00 -1314.71
v 200.00 42.00 -1275.00
v 197.07 42.00 -1274.71
v 194.26 42.00 -1273.86
v 191.67 42.00 -1272.47
v 189.39 42.00 -1270.61
v 187.53 42.00 -1268.33
v 186.14 42.00 -1265.74
v 185.29 42.00 -1262.93
v 185.00 42.00 -1260.00
v 185.29 42.00 -1257.07
v 186.14 42.00 -1254.26
v 187.53 42.00 -1251.67
v 189.39 42.00 -1249.39
v 191.67 42.00 -1247.53
v 194.26 42.00 -1246.14
v 197.07 42.00 -1245.29
v 200.00 42.00 -1245.00
v 202.93 42.00 -1245.29
v 205.74 42.00 -1246.14
v 208.33 42.00 -1247.53
v 210.61 42.00 -1249.39
v 212.47 42.00 -1251.67
v 213.86 42.00 -1254.26
v 214.71 42.00 -1257.07
v 215.00 42.00 -1260.00
v 214.71 42.00 -1262.93
v 213.86 42.00 -1265.74
v 212.47 42.00 -1268.33
v 210.61 42.00 -1270.61
v 208.33 42.00 -1272.47
v 205.74 42.00 -1273.86
v 202.93 42.00 -1274.71
v 200.00 50.00 -1275.00
v 197.07 50.00 -1274.71
v 194.26 50.00 -1273.86
v 191.67 50.00 -1272.47
v 189.39 50.00 -1270.61
v 187.53 50.00 -1268.33
v 186.14 50.00 -1265.74
v 185.29 50.00 -1262.93
v 185.00 50.00 -1260.00
v 185.29 50.00 -1257.07
v 186.14 50.00 -1254.26
v 187.53 50.00 -1251.67
v 189.39 50.00 -1249.39
v 191.67 50.00 -1247.53
v 194.26 50.00 -1246.14
v 197.07 50.00 -1245.29
v 200.00 50.00 -1245.00
v 202.93 50.00 -1245.29
v 205.74 50.00 -1246.14
v 208.33 50.00 -1247.53
v 210.61 50.00 -1249.39
v 212.47 50.00 -1251.67
v 213.86 50.00 -1254.26
v 214.71 50.00 -1257.07
v 215.00 50.00 -1260.00
v 214.71 50.00 -1262.93
v 213.86 50.00 -1265.74
v 212.47 50.00 -1268.33
v 210.61 50.00 -1270.61
v 208.33 50.00 -1272.47
v 205.74 50.00 -1273.86
v 202.93 50.00 -1274.71
v 200.00 42.00 -1315.00
v 197.07 42.00 -1314.71
v 194.26 42.00 -1313.86
v 191.67 42.00 -1312.47
v 189.39 42.00 -1310.61
v 187.53 42.00 -1308.33
v 186.14 42.00 -1305.74
v 185.29 42.00 -1302.93
v 185.00 42.00 -1300.00
v 185.29 42.00 -1297.07
v 186.14 42.00 -1294.26
v 187.53 42.00 -1291.67
v 189.39 42.00 -1289.39
v 191.67 42.00 -1287.53
v 194.26 42.00 -1286.14
v 197.07 42.00 -1285.29
v 200.00 42.00 -1285.00
v 202.93 42.00 -1285.29
v 205.74 42.00 -1286.14
v 208.33 42.00 -1287.53
v 210.61 42.00 -1289.39
v 212.47 42.00 -1291.67
v 213.86 42.00 -1294.26
v 214.71 42.00 -1297.07
v 215.00 42.00 -1300.00
v 214.71 42.00 -1302.93
v 213.86 42.00 -1305.74
v 212.47 42.00 -1308.33
v 210.61 42.00 -1310.61
v 208.33 42.00 -1312.47
v 205.74 42.00 -1313.86
v 202.93 42.00 -1314.71
v 200.00 50.00 -1315.00
v 197.07 50.00 -1314.71
v 194.26 50.00 -1313.86
v 191.67 50.00 -1312.47
v 189.39 50.00 -1310.61
v 187.53 50.00 -1308.33
v 186.14 50.00 -1305.74
v 185.29 50.00 -1302.93
v 185.00 50.00 -1300.00
v 185.29 50.00 -1297.07
v 186.14 50.00 -1294.26
v 187.53 50.00 -1291.67
v 189.39 50.00 -1289.39
v 191.67 50.00 -1287.53
v 194.26 50.00 -1286.14
v 197.07 50.00 -1285.29
v 200.00 50.00 -1285.00
v 202.93 50.00 -1285.29
v 205.74 50.00 -1286.14
v 208.33 50.00 -1287.53
v 210.61 50.00 -1289.39
v 212.47 50.00 -1291.67
v 213.86 50.00 -1294.26
v 214.71 50.00 -1297.07
v 215.00 50.00 -1300.00
v 214.71 50.00 -1302.93
v 213.86 50.00 -1305.74
v 212.47 50.00 -1308.33
v 210.61 50.00 -1310.61
v 208.33 50.00 -1312.47
v 205.74 50.00 -1313.86
v 202.93 50.00 -1314.71
v 240.00 42.00 -1275.00
v 237.07 42.00 -1274.71
v 234.26 42.00 -1273.86
v 231.67 42.00 -1272.47
v 229.39 42.00 -1270.61
v 227.53 42.00 -1268.33
v 226.14 42.00 -1265.74
v 225.29 42.00 -1262.93
v 225.00 42.00 -1260.00
v 225.29 42.00 -1257.07
v 226.14 42.00 -1254.26
v 227.53 42.00 -1251.67
v 229.39 42.00 -1249.39
v 231.67 42.00 -1247.53
v 234.26 42.00 -1246.14
v 237.07 42.00 -1245.29
v 240.00 42.00 -1245.00
v 242.93 42.00 -1245.29
v 245.74 42.00 -1246.14
v 248.33 42.00 -1247.53
v 250.61 42.00 -1249.39
v 252.47 42.00 -1251.67
v 253.86 42.00 -1254.26
v 254.71 42.00 -1257.07
v 255.00 42.00 -1260.00
v 254.71 42.00 -1262.93
v 253.86 42.00 -1265.74
v 252.47 42.00 -1268.33
v 250.61 42.00 -1270.61
v 248.33 42.00 -1272.47
v 245.74 42.00 -1273.86
v 242.93 42.00 -1274.71
v 240.00 50.00 -1275.00
v 237.07 50.00 -1274.71
v 234.26 50.00 -1273.86
v 231.67 50.00 -1272.47
v 229.39 50.00 -1270.61
v 227.53 50.00 -1268.33
v 226.14 50.00 -1265.74
v 225.29 50.00 -1262.93
v 225.00 50.00 -1260.00
v 225.29 50.00 -1257.07
v 226.14 50.00 -1254.26
v 227.53 50.00 -1251.67
v 229.39 50.00 -1249.39
v 231.67 50.00 -1247.53
v 234.26 50.00 -1246.14
v 237.07 50.00 -1245.29
v 240.00 50.00 -1245.00
v 242.93 50.00 -1245.29
v 245.74 50.00 -1246.14
v 248.33 50.00 -1247.53
v 250.61 50.00 -1249.39
v 252.47 50.00 -1251.67
v 253.86 50.00 -1254.26
v 254.71 50.00 -1257.07
v 255.00 50.00 -1260.00
v 254.71 50.00 -1262.93
v 253.86 50.00 -1265.74
v 252.47 50.00 -1268.33
v 250.61 50.00 -1270.61
v 248.33 50.00 -1272.47
v 245.74 50.00 -1273.86
v 242.93 50.00 -1274.71
v 240.00 42.00 -1315.00
v 237.07 42.00 -1314.71
v 234.26 42.00 -1313.86
v 231.67 42.00 -1312.47
v 229.39 42.00 -1310.61
v 227.53 42.00 -1308.33
v 226.14 42.00 -1305.74
v 225.29 42.00 -1302.93
v 225.00 42.00 -1300.00
v 225.29 42.00 -1297.07
v 226.14 42.00 -1294.26
v 227.53 42.00 -1291.67
v 229.39 42.00 -1289.39
v 231.67 42.00 -1287.53
v 234.26 42.00 -1286.14
v 237.07 42.00 -1285.29
v 240.00 42.00 -1285.00
v 242.93 42.00 -1285.29
v 245.74 42.00 -1286.14
v 248.33 42.00 -1287.53
v 250.61 42.00 -1289.39
v 252.47 42.00 -1291.67
v 253.86 42.00 -1294.26
v 254.71 42.00 -1297.07
v 255.00 42.00 -1300.00
v 254.71 42.00 -1302.93
v 253.86 42.00 -1305.74
v 252.47 42.00 -1308.33
v 250.61 42.00 -1310.61
v 248.33 42.00 -1312.47
v 245.74 42.00 -1313.86
v 242.93 42.00 -1314.71
v 240.00 50.00 -1315.00
v 237.07 50.00 -1314.71
v 234.26 50.00 -1313.86
v 231.67 50.00 -1312.47
v 229.39 50.00 -1310.61
v 227.53 50.00 -1308.33
v 226.14 50.00 -1305.74
v 225.29 50.00 -1302.93
v 225.00 50.00 -1300.00
v 225.29 50.00 -1297.07
v 226.14 50.00 -1294.26
v 227.53 50.00 -1291.67
v 229.39 50.00 -1289.39
v 231.67 50.00 -1287.53
v 234.26 50.00 -1286.14
v 237.07 50.00 -1285.29
v 240.00 50.00 -1285.00
v 242.93 50.00 -1285.29
v 245.74 50.00 -1286.14
v 248.33 50.00 -1287.53
v 250.61 50.00 -1289.39
v 252.47 50.00 -1291.67
v 253.86 50.00 -1294.26
v 254.71 50.00 -1297.07
v 255.00 50.00 -1300.00
v 254.71 50.00 -1302.93
v 253.86 50.00 -1305.74
v 252.47 50.00 -1308.33
v 250.61 50.00 -1310.61
v 248.33 50.00 -1312.47
v 245.74 50.00 -1313.86
v 242.93 50.00 -1314.71
v 280.00 42.00 -1275.00
v 277.07 42.00 -1274.71
v 274.26 42.00 -1273.86
v 271.67 42.00 -1272.47
v 269.39 42.00 -1270.61
v 267.53 42.00 -1268.33
v 266.14 42.00 -1265.74
v 265.29 42.00 -1262.93
v 265.00 42.00 -1260.00
v 265.29 42.00 -1257.07
v 266.14 42.00 -1254.26
v 267.53 42.00 -1251.67
v 269.39 42.00 -1249.39
v 271.67 42.00 -1247.53
v 274.26 42.00 -1246.14
v 277.07 42.00 -1245.29
v 280.00 42.00 -1245.00
v 282.93 42.00 -1245.29
v 285.74 42.00 -1246.14
v 288.33 42.00 -1247.53
v 290.61 42.00 -1249.39
v 292.47 42.00 -1251.67
v 293.86 42.00 -1254.26
v 294.71 42.00 -1257.07
v 295.00 42.00 -1260.00
v 294.71 42.00 -1262.93
v 293.86 42.00 -1265.74
v 292.47 42.00 -1268.33
v 290.61 42.00 -1270.61
v 288.33 42.00 -1272.47
v 285.74 42.00 -1273.86
v 282.93 42.00 -1274.71
v 280.00 50.00 -1275.00
v 277.07 50.00 -1274.71
v 274.26 50.00 -1273.86
v 271.67 50.00 -1272.47
v 269.39 50.00 -1270.61
v 267.53 50.00 -1268.33
v 266.14 50.00 -1265.74
v 265.29 50.00 -1262.93
v 265.00 50.00 -1260.00
v 265.29 50.00 -1257.07
v 266.14 50.00 -1254.26
v 267.53 50.00 -1251.67
v 269.39 50.00 -1249.39
v 271.67 50.00 -1247.53
v 274.26 50.00 -1246.14
v 277.07 50.00 -1245.29
v 280.00 50.00 -1245.00
v 282.93 50.00 -1245.29
v 285.74 50.00 -1246.14
v 288.33 50.00 -1247.53
v 290.61 50.00 -1249.39
v 292.47 50.00 -1251.67
v 293.86 50.00 -1254.26
v 294.71 50.00 -1257.07
v 295.00 50.00 -1260.00
v 294.71 50.00 -1262.93
v 293.86 50.00 -1265.74
v 292.47 50.00 -1268.33
v 290.61 50.00 -1270.61
v 288.33 50.00 -1272.47
v 285.74 50.00 -1273.86
v 282.93 50.00 -1274.71
v 280.00 42.00 -1315.00
v 277.07 42.00 -1314.71
v 274.26 42.00 -1313.86
v 271.67 42.00 -1312.47
v 269.39 42.00 -1310.61
v 267.53 42.00 -1308.33
v 266.14 42.00 -1305.74
v 265.29 42.00 -1302.93
v 265.00 42.00 -1300.00
v 265.29 42.00 -1297.07
v 266.14 42.00 -1294.26
v 267.53 42.00 -1291.67
v 269.39 42.00 -1289.39
v 271.67 42.00 -1287.53
v 274.26 42.00 -1286.14
v 277.07 42.00 -1285.29
v 280.00 42.00 -1285.00
v 282.93 42.00 -1285.29
v 285.74 42.00 -1286.14
v 288.33 42.00 -1287.53
v 290.61 42.00 -1289.39
v 292.47 42.00 -1291.67
v 293.86 42.00 -1294.26
v 294.71 42.00 -1297.07
v 295.00 42.00 -1300.00
v 294.71 42.00 -1302.93
v 293.86 42.00 -1305.74
v 292.47 42.00 -1308.33
v 290.61 42.00 -1310.61
v 288.33 42.00 -1312.47
v 285.74 42.00 -1313.86
v 282.93 42.00 -1314.71
v 280.00 50.00 -1315.00
v 277.07 50.00 -1314.71
v 274.26 50.00 -1313.86
v 271.67 50.00 -1312.47
v 269.39 50.00 -1310.61
v 267.53 50.00 -1308.33
v 266.14 50.00 -1305.74
v 265.29 50.00 -1302.93
v 265.00 50.00 -1300.00
v 265.29 50.00 -1297.07
v 266.14 50.00 -1294.26
v 267.53 50.00 -1291.67
v 269.39 50.00 -1289.39
v 271.67 50.00 -1287.53
v 274.26 50.00 -1286.14
v 277.07 50.00 -1285.29
v 280.00 50.00 -1285.00
v 282.93 50.00 -1285.29
v 285.74 50.00 -1286.14
v 288.33 50.00 -1287.53
v 290.61 50.00 -1289.39
v 292.47 50.00 -1291.67
v 293.86 50.00 -1294.26
v 294.71 50.00 -1297.07
v 295.00 50.00 -1300.00
v 294.71 50.00 -1302.93
v 293.86 50.00 -1305.74
v 292.47 50.00 -1308.33
v 290.61 50.00 -1310.61
v 288.33 50.00 -1312.47
v 285.74 50.00 -1313.86
v 282.93 50.00 -1314.71
v 60.00 0.00 -1040.00
v 240.00 0.00 -1040.00
v 60.00 0.00 -1170.00
v 240.00 0.00 -1170.00
v 60.00 25.00 -1040.00
v 240.00 25.00 -1040.00
v 60.00 25.00 -1170.00
v 240.00 25.00 -1170.00
v 250.00 0.00 -1100.00
v 305.00 0.00 -1100.00
v 250.00 0.00 -1170.00
v 305.00 0.00 -1170.00
v 250.00 10.00 -1100.00
v 305.00 10.00 -1100.00
v 250.00 10.00 -1170.00
v 305.00 10.00 -1170.00
v 250.00 0.00 -1040.00
v 305.00 0.00 -1040.00
v 250.00 0.00 -1085.00
v 305.00 0.00 -1085.00
v 250.00 14.00 -1040.00
v 305.00 14.00 -1040.00
v 250.00 14.00 -1085.00
v 305.00 14.00 -1085.00
v 60.00 0.00 -1190.00
v 150.00 0.00 -1190.00
v 60.00 0.00 -1225.00
v 150.00 0.00 -1225.00
v 60.00 10.00 -1190.00
v 150.00 10.00 -1190.00
v 60.00 10.00 -1225.00
v 150.00 10.00 -1225.00
v 200.00 0.00 -1229.00
v 195.32 0.00 -1228.54
v 190.82 0.00 -1227.17
v 186.67 0.00 -1224.96
v 183.03 0.00 -1221.97
v 180.04 0.00 -1218.33
v 177.83 0.00 -1214.18
v 176.46 0.00 -1209.68
v 176.00 0.00 -1205.00
v 176.46 0.00 -1200.32
v 177.83 0.00 -1195.82
v 180.04 0.00 -1191.67
v 183.03 0.00 -1188.03
v 186.67 0.00 -1185.04
v 190.82 0.00 -1182.83
v 195.32 0.00 -1181.46
v 200.00 0.00 -1181.00
v 204.68 0.00 -1181.46
v 209.18 0.00 -1182.83
v 213.33 0.00 -1185.04
v 216.97 0.00 -1188.03
v 219.96 0.00 -1191.67
v 222.17 0.00 -1195.82
v 223.54 0.00 -1200.32
v 224.00 0.00 -1205.00
v 223.54 0.00 -1209.68
v 222.17 0.00 -1214.18
v 219.96 0.00 -1218.33
v 216.97 0.00 -1221.97
v 213.33 0.00 -1224.96
v 209.18 0.00 -1227.17
v 204.68 0.00 -1228.54
v 200.00 40.00 -1229.00
v 195.32 40.00 -1228.54
v 190.82 40.00 -1227.17
v 186.67 40.00 -1224.96
v 183.03 40.00 -1221.97
v 180.04 40.00 -1218.33
v 177.83 40.00 -1214.18
v 176.46 40.00 -1209.68
v 176.00 40.00 -1205.00
v 176.46 40.00 -1200.32
v 177.83 40.00 -1195.82
v 180.04 40.00 -1191.67
v 183.03 40.00 -1188.03
v 186.67 40.00 -1185.04
v 190.82 40.00 -1182.83
v 195.32 40.00 -1181.46
v 200.00 40.00 -1181.00
v 204.68 40.00 -1181.46
v 209.18 40.00 -1182.83
v 213.33 40.00 -1185.04
v 216.97 40.00 -1188.03
v 219.96 40.00 -1191.67
v 222.17 40.00 -1195.82
v 223.54 40.00 -1200.32
v 224.00 40.00 -1205.00
v 223.54 40.00 -1209.68
v 222.17 40.00 -1214.18
v 219.96 40.00 -1218.33
v 216.97 40.00 -1221.97
v 213.33 40.00 -1224.96
v 209.18 40.00 -1227.17
v 204.68 40.00 -1228.54
v 2115.00 0.00 -1732.00
v 2298.00 0.00 -1732.00
v 2115.00 0.00 -1836.00
v 2298.00 0.00 -1836.00
v 2115.00 4.00 -1732.00
v 2298.00 4.00 -1732.00
v 2115.00 4.00 -1836.00
v 2298.00 4.00 -1836.00
v 2136.25 4.75 -1745.00
v 2133.86 5.23 -1745.00
v 2131.83 6.58 -1745.00
v 2130.48 8.61 -1745.00
v 2130.00 11.00 -1745.00
v 2130.48 13.39 -1745.00
v 2131.83 15.42 -1745.00
v 2133.86 16.77 -1745.00
v 2136.25 17.25 -1745.00
v 2138.64 16.77 -1745.00
v 2140.67 15.42 -1745.00
v 2142.02 13.39 -1745.00
v 2142.50 11.00 -1745.00
v 2142.02 8.61 -1745.00
v 2140.67 6.58 -1745.00
v 2138.64 5.23 -1745.00
v 2136.25 4.75 -1822.60
v 2133.86 5.23 -1822.60
v 2131.83 6.58 -1822.60
v 2130.48 8.61 -1822.60
v 2130.00 11.00 -1822.60
v 2130.48 13.39 -1822.60
v 2131.83 15.42 -1822.60
v 2133.86 16.77 -1822.60
v 2136.25 17.25 -1822.60
v 2138.64 16.77 -1822.60
v 2140.67 15.42 -1822.60
v 2142.02 13.39 -1822.60
v 2142.50 11.00 -1822.60
v 2142.02 8.61 -1822.60
v 2140.67 6.58 -1822.60
v 2138.64 5.23 -1822.60
v 2156.25 4.75 -1745.00
v 2153.86 5.23 -1745.00
v 2151.83 6.58 -1745.00
v 2150.48 8.61 -1745.00
v 2150.00 11.00 -1745.00
v 2150.48 13.39 -1745.00
v 2151.83 15.42 -1745.00
v 2153.86 16.77 -1745.00
v 2156.25 17.25 -1745.00
v 2158.64 16.77 -1745.00
v 2160.67 15.42 -1745.00
v 2162.02 13.39 -1745.00
v 2162.50 11.00 -1745.00
v 2162.02 8.61 -1745.00
v 2160.67 6.58 -1745.00
v 2158.64 5.23 -1745.00
v 2156.25 4.75 -1822.60
v 2153.86 5.23 -1822.60
v 2151.83 6.58 -1822.60
v 2150.48 8.61 -1822.60
v 2150.00 11.00 -1822.60
v 2150.48 13.39 -1822.60
v 2151.83 15.42 -1822.60
v 2153.86 16.77 -1822.60
v 2156.25 17.25 -1822.60
v 2158.64 16.77 -1822.60
v 2160.67 15.42 -1822.60
v 2162.02 13.39 -1822.60
v 2162.50 11.00 -1822.60
v 2162.02 8.61 -1822.60
v 2160.67 6.58 -1822.60
v 2158.64 5.23 -1822.60
v 2176.25 4.75 -1745.00
v 2173.86 5.23 -1745.00
v 2171.83 6.58 -1745.00
v 2170.48 8.61 -1745.00
v 2170.00 11.00 -1745.00
v 2170.48 13.39 -1745.00
v 2171.83 15.42 -1745.00
v 2173.86 16.77 -1745.00
v 2176.25 17.25 -1745.00
v 2178.64 16.77 -1745.00
v 2180.67 15.42 -1745.00
v 2182.02 13.39 -1745.00
v 2182.50 11.00 -1745.00
v 2182.02 8.61 -1745.00
v 2180.67 6.58 -1745.00
v 2178.64 5.23 -1745.00
v 2176.25 4.75 -1822.60
v 2173.86 5.23 -1822.60
v 2171.83 6.58 -1822.60
v 2170.48 8.61 -1822.60
v 2170.00 11.00 -1822.60
v 2170.48 13.39 -1822.60
v 2171.83 15.42 -1822.60
v 2173.86 16.77 -1822.60
v 2176.25 17.25 -1822.60
v 2178.64 16.77 -1822.60
v 2180.67 15.42 -1822.60
v 2182.02 13.39 -1822.60
v 2182.50 11.00 -1822.60
v 2182.02 8.61 -1822.60
v 2180.67 6.58 -1822.60
v 2178.64 5.23 -1822.60
v 2196.25 4.75 -1745.00
v 2193.86 5.23 -1745.00
v 2191.83 6.58 -1745.00
v 2190.48 8.61 -1745.00
v 2190.00 11.00 -1745.00
v 2190.48 13.39 -1745.00
v 2191.83 15.42 -1745.00
v 2193.86 16.77 -1745.00
v 2196.25 17.25 -1745.00
v 2198.64 16.77 -1745.00
v 2200.67 15.42 -1745.00
v 2202.02 13.39 -1745.00
v 2202.50 11.00 -1745.00
v 2202.02 8.61 -1745.00
v 2200.67 6.58 -1745.00
v 2198.64 5.23 -1745.00
v 2196.25 4.75 -1822.60
v 2193.86 5.23 -1822.60
v 2191.83 6.58 -1822.60
v 2190.48 8.61 -1822.60
v 2190.00 11.00 -1822.60
v 2190.48 13.39 -1822.60
v 2191.83 15.42 -1822.60
v 2193.86 16.77 -1822.60
v 2196.25 17.25 -1822.60
v 2198.64 16.77 -1822.60
v 2200.67 15.42 -1822.60
v 2202.02 13.39 -1822.60
v 2202.50 11.00 -1822.60
v 2202.02 8.61 -1822.60
v 2200.67 6.58 -1822.60
v 2198.64 5.23 -1822.60
v 2216.25 4.75 -1745.00
v 2213.86 5.23 -1745.00
v 2211.83 6.58 -1745.00
v 2210.48 8.61 -1745.00
v 2210.00 11.00 -1745.00
v 2210.48 13.39 -1745.00
v 2211.83 15.42 -1745.00
v 2213.86 16.77 -1745.00
v 2216.25 17.25 -1745.00
v 2218.64 16.77 -1745.00
v 2220.67 15.42 -1745.00
v 2222.02 13.39 -1745.00
v 2222.50 11.00 -1745.00
v 2222.02 8.61 -1745.00
v 2220.67 6.58 -1745.00
v 2218.64 5.23 -1745.00
v 2216.25 4.75 -1822.60
v 2213.86 5.23 -1822.60
v 2211.83 6.58 -1822.60
v 2210.48 8.61 -1822.60
v 2210.00 11.00 -1822.60
v 2210.48 13.39 -1822.60
v 2211.83 15.42 -1822.60
v 2213.86 16.77 -1822.60
v 2216.25 17.25 -1822.60
v 2218.64 16.77 -1822.60
v 2220.67 15.42 -1822.60
v 2222.02 13.39 -1822.60
v 2222.50 11.00 -1822.60
v 2222.02 8.61 -1822.60
v 2220.67 6.58 -1822.60
v 2218.64 5.23 -1822.60
v 2236.25 4.75 -1745.00
v 2233.86 5.23 -1745.00
v 2231.83 6.58 -1745.00
v 2230.48 8.61 -1745.00
v 2230.00 11.00 -1745.00
v 2230.48 13.39 -1745.00
v 2231.83 15.42 -1745.00
v 2233.86 16.77 -1745.00
v 2236.25 17.25 -1745.00
v 2238.64 16.77 -1745.00
v 2240.67 15.42 -1745.00
v 2242.02 13.39 -1745.00
v 2242.50 11.00 -1745.00
v 2242.02 8.61 -1745.00
v 2240.67 6.58 -1745.00
v 2238.64 5.23 -1745.00
v 2236.25 4.75 -1822.60
v 2233.86 5.23 -1822.60
v 2231.83 6.58 -1822.60
v 2230.48 8.61 -1822.60
v 2230.00 11.00 -1822.60
v 2230.48 13.39 -1822.60
v 2231.83 15.42 -1822.60
v 2233.86 16.77 -1822.60
v 2236.25 17.25 -1822.60
v 2238.64 16.77 -1822.60
v 2240.67 15.42 -1822.60
v 2242.02 13.39 -1822.60
v 2242.50 11.00 -1822.60
v 2242.02 8.61 -1822.60
v 2240.67 6.58 -1822.60
v 2238.64 5.23 -1822.60
v 2256.25 4.75 -1745.00
v 2253.86 5.23 -1745.00
v 2251.83 6.58 -1745.00
v 2250.48 8.61 -1745.00
v 2250.00 11.00 -1745.00
v 2250.48 13.39 -1745.00
v 2251.83 15.42 -1745.00
v 2253.86 16.77 -1745.00
v 2256.25 17.25 -1745.00
v 2258.64 16.77 -1745.00
v 2260.67 15.42 -1745.00
v 2262.02 13.39 -1745.00
v 2262.50 11.00 -1745.00
v 2262.02 8.61 -1745.00
v 2260.67 6.58 -1745.00
v 2258.64 5.23 -1745.00
v 2256.25 4.75 -1822.60
v 2253.86 5.23 -1822.60
v 2251.83 6.58 -1822.60
v 2250.48 8.61 -1822.60
v 2250.00 11.00 -1822.60
v 2250.48 13.39 -1822.60
v 2251.83 15.42 -1822.60
v 2253.86 16.77 -1822.60
v 2256.25 17.25 -1822.60
v 2258.64 16.77 -1822.60
v 2260.67 15.42 -1822.60
v 2262.02 13.39 -1822.60
v 2262.50 11.00 -1822.60
v 2262.02 8.61 -1822.60
v 2260.67 6.58 -1822.60
v 2258.64 5.23 -1822.60
v 2276.25 4.75 -1745.00
v 2273.86 5.23 -1745.00
v 2271.83 6.58 -1745.00
v 2270.48 8.61 -1745.00
v 2270.00 11.00 -1745.00
v 2270.48 13.39 -1745.00
v 2271.83 15.42 -1745.00
v 2273.86 16.77 -1745.00
v 2276.25 17.25 -1745.00
v 2278.64 16.77 -1745.00
v 2280.67 15.42 -1745.00
v 2282.02 13.39 -1745.00
v 2282.50 11.00 -1745.00
v 2282.02 8.61 -1745.00
v 2280.67 6.58 -1745.00
v 2278.64 5.23 -1745.00
v 2276.25 4.75 -1822.60
v 2273.86 5.23 -1822.60
v 2271.83 6.58 -1822.60
v 2270.48 8.61 -1822.60
v 2270.00 11.00 -1822.60
v 2270.48 13.39 -1822.60
v 2271.83 15.42 -1822.60
v 2273.86 16.77 -1822.60
v 2276.25 17.25 -1822.60
v 2278.64 16.77 -1822.60
v 2280.67 15.42 -1822.60
v 2282.02 13.39 -1822.60
v 2282.50 11.00 -1822.60
v 2282.02 8.61 -1822.60
v 2280.67 6.58 -1822.60
v 2278.64 5.23 -1822.60
v 1840.00 0.00 -1690.00
v 1912.00 0.00 -1690.00
v 1840.00 0.00 -1712.00
v 1912.00 0.00 -1712.00
v 1840.00 0.30 -1690.00
v 1912.00 0.30 -1690.00
v 1840.00 0.30 -1712.00
v 1912.00 0.30 -1712.00
v 1925.00 0.00 -1690.00
v 1997.00 0.00 -1690.00
v 1925.00 0.00 -1712.00
v 1997.00 0.00 -1712.00
v 1925.00 0.30 -1690.00
v 1997.00 0.30 -1690.00
v 1925.00 0.30 -1712.00
v 1997.00 0.30 -1712.00
v 1885.00 0.00 -1716.00
v 1925.00 0.00 -1716.00
v 1885.00 0.00 -1728.00
v 1925.00 0.00 -1728.00
v 1885.00 8.00 -1716.00
v 1925.00 8.00 -1716.00
v 1885.00 8.00 -1728.00
v 1925.00 8.00 -1728.00
v 1880.00 0.00 -1760.00
v 1990.00 0.00 -1760.00
v 1880.00 0.00 -1820.00
v 1990.00 0.00 -1820.00
v 1880.00 18.00 -1760.00
v 1990.00 18.00 -1760.00
v 1880.00 18.00 -1820.00
v 1990.00 18.00 -1820.00
v 2030.00 0.00 -1765.00
v 2070.00 0.00 -1765.00
v 2030.00 0.00 -1795.00
v 2070.00 0.00 -1795.00
v 2030.00 8.00 -1765.00
v 2070.00 8.00 -1765.00
v 2030.00 8.00 -1795.00
v 2070.00 8.00 -1795.00
v 2030.00 0.00 -1815.00
v 2075.00 0.00 -1815.00
v 2030.00 0.00 -1845.00
v 2075.00 0.00 -1845.00
v 2030.00 12.00 -1815.00
v 2075.00 12.00 -1815.00
v 2030.00 12.00 -1845.00
v 2075.00 12.00 -1845.00
v 1880.00 0.00 -1840.00
v 1930.00 0.00 -1840.00
v 1880.00 0.00 -1880.00
v 1930.00 0.00 -1880.00
v 1880.00 10.00 -1840.00
v 1930.00 10.00 -1840.00
v 1880.00 10.00 -1880.00
v 1930.00 10.00 -1880.00
v 1830.00 0.00 -1760.00
v 1860.00 0.00 -1760.00
v 1830.00 0.00 -1780.00
v 1860.00 0.00 -1780.00
v 1830.00 6.00 -1760.00
v 1860.00 6.00 -1760.00
v 1830.00 6.00 -1780.00
v 1860.00 6.00 -1780.00
v 1950.00 0.00 -1850.00
v 1990.00 0.00 -1850.00
v 1950.00 0.00 -1864.00
v 1990.00 0.00 -1864.00
v 1950.00 14.00 -1850.00
v 1990.00 14.00 -1850.00
v 1950.00 14.00 -1864.00
v 1990.00 14.00 -1864.00
v 2095.00 0.00 -1865.00
v 2094.23 0.00 -1864.85
v 2093.59 0.00 -1864.41
v 2093.15 0.00 -1863.77
v 2093.00 0.00 -1863.00
v 2093.15 0.00 -1862.23
v 2093.59 0.00 -1861.59
v 2094.23 0.00 -1861.15
v 2095.00 0.00 -1861.00
v 2095.77 0.00 -1861.15
v 2096.41 0.00 -1861.59
v 2096.85 0.00 -1862.23
v 2097.00 0.00 -1863.00
v 2096.85 0.00 -1863.77
v 2096.41 0.00 -1864.41
v 2095.77 0.00 -1864.85
v 2095.00 60.00 -1865.00
v 2094.23 60.00 -1864.85
v 2093.59 60.00 -1864.41
v 2093.15 60.00 -1863.77
v 2093.00 60.00 -1863.00
v 2093.15 60.00 -1862.23
v 2093.59 60.00 -1861.59
v 2094.23 60.00 -1861.15
v 2095.00 60.00 -1861.00
v 2095.77 60.00 -1861.15
v 2096.41 60.00 -1861.59
v 2096.85 60.00 -1862.23
v 2097.00 60.00 -1863.00
v 2096.85 60.00 -1863.77
v 2096.41 60.00 -1864.41
v 2095.77 60.00 -1864.85
v 2010.00 0.00 -1440.00
v 2170.00 0.00 -1440.00
v 2010.00 0.00 -1520.00
v 2170.00 0.00 -1520.00
v 2010.00 30.00 -1440.00
v 2170.00 30.00 -1440.00
v 2010.00 30.00 -1520.00
v 2170.00 30.00 -1520.00
v 2020.00 0.00 -1450.00
v 2027.50 0.00 -1450.00
v 2020.00 0.00 -1477.70
v 2027.50 0.00 -1477.70
v 2020.00 10.00 -1450.00
v 2027.50 10.00 -1450.00
v 2020.00 10.00 -1477.70
v 2027.50 10.00 -1477.70
v 2020.00 0.00 -1490.00
v 2028.20 0.00 -1490.00
v 2020.00 0.00 -1504.80
v 2028.20 0.00 -1504.80
v 2020.00 8.00 -1490.00
v 2028.20 8.00 -1490.00
v 2020.00 8.00 -1504.80
v 2028.20 8.00 -1504.80
v 2020.00 0.00 -1530.00
v 2032.00 0.00 -1530.00
v 2020.00 0.00 -1542.00
v 2032.00 0.00 -1542.00
v 2020.00 10.00 -1530.00
v 2032.00 10.00 -1530.00
v 2020.00 10.00 -1542.00
v 2032.00 10.00 -1542.00
v 2040.00 0.00 -1450.00
v 2047.50 0.00 -1450.00
v 2040.00 0.00 -1477.70
v 2047.50 0.00 -1477.70
v 2040.00 10.00 -1450.00
v 2047.50 10.00 -1450.00
v 2040.00 10.00 -1477.70
v 2047.50 10.00 -1477.70
v 2040.00 0.00 -1490.00
v 2048.20 0.00 -1490.00
v 2040.00 0.00 -1504.80
v 2048.20 0.00 -1504.80
v 2040.00 8.00 -1490.00
v 2048.20 8.00 -1490.00
v 2040.00 8.00 -1504.80
v 2048.20 8.00 -1504.80
v 2042.00 0.00 -1530.00
v 2054.00 0.00 -1530.00
v 2042.00 0.00 -1542.00
v 2054.00 0.00 -1542.00
v 2042.00 10.00 -1530.00
v 2054.00 10.00 -1530.00
v 2042.00 10.00 -1542.00
v 2054.00 10.00 -1542.00
v 2060.00 0.00 -1450.00
v 2067.50 0.00 -1450.00
v 2060.00 0.00 -1477.70
v 2067.50 0.00 -1477.70
v 2060.00 10.00 -1450.00
v 2067.50 10.00 -1450.00
v 2060.00 10.00 -1477.70
v 2067.50 10.00 -1477.70
v 2060.00 0.00 -1490.00
v 2068.20 0.00 -1490.00
v 2060.00 0.00 -1504.80
v 2068.20 0.00 -1504.80
v 2060.00 8.00 -1490.00
v 2068.20 8.00 -1490.00
v 2060.00 8.00 -1504.80
v 2068.20 8.00 -1504.80
v 2064.00 0.00 -1530.00
v 2076.00 0.00 -1530.00
v 2064.00 0.00 -1542.00
v 2076.00 0.00 -1542.00
v 2064.00 10.00 -1530.00
v 2076.00 10.00 -1530.00
v 2064.00 10.00 -1542.00
v 2076.00 10.00 -1542.00
v 2080.00 0.00 -1450.00
v 2087.50 0.00 -1450.00
v 2080.00 0.00 -1477.70
v 2087.50 0.00 -1477.70
v 2080.00 10.00 -1450.00
v 2087.50 10.00 -1450.00
v 2080.00 10.00 -1477.70
v 2087.50 10.00 -1477.70
v 2080.00 0.00 -1490.00
v 2088.20 0.00 -1490.00
v 2080.00 0.00 -1504.80
v 2088.20 0.00 -1504.80
v 2080.00 8.00 -1490.00
v 2088.20 8.00 -1490.00
v 2080.00 8.00 -1504.80
v 2088.20 8.00 -1504.80
v 2086.00 0.00 -1530.00
v 2098.00 0.00 -1530.00
v 2086.00 0.00 -1542.00
v 2098.00 0.00 -1542.00
v 2086.00 10.00 -1530.00
v 2098.00 10.00 -1530.00
v 2086.00 10.00 -1542.00
v 2098.00 10.00 -1542.00
v 2100.00 0.00 -1450.00
v 2107.50 0.00 -1450.00
v 2100.00 0.00 -1477.70
v 2107.50 0.00 -1477.70
v 2100.00 10.00 -1450.00
v 2107.50 10.00 -1450.00
v 2100.00 10.00 -1477.70
v 2107.50 10.00 -1477.70
v 2100.00 0.00 -1490.00
v 2108.20 0.00 -1490.00
v 2100.00 0.00 -1504.80
v 2108.20 0.00 -1504.80
v 2100.00 8.00 -1490.00
v 2108.20 8.00 -1490.00
v 2100.00 8.00 -1504.80
v 2108.20 8.00 -1504.80
v 2108.00 0.00 -1530.00
v 2120.00 0.00 -1530.00
v 2108.00 0.00 -1542.00
v 2120.00 0.00 -1542.00
v 2108.00 10.00 -1530.00
v 2120.00 10.00 -1530.00
v 2108.00 10.00 -1542.00
v 2120.00 10.00 -1542.00
v 2125.00 0.00 -1455.00
v 2160.00 0.00 -1455.00
v 2125.00 0.00 -1480.00
v 2160.00 0.00 -1480.00
v 2125.00 12.00 -1455.00
v 2160.00 12.00 -1455.00
v 2125.00 12.00 -1480.00
v 2160.00 12.00 -1480.00
v 2240.00 0.00 -1440.00
v 2300.00 0.00 -1440.00
v 2240.00 0.00 -1456.00
v 2300.00 0.00 -1456.00
v 2240.00 14.00 -1440.00
v 2300.00 14.00 -1440.00
v 2240.00 14.00 -1456.00
v 2300.00 14.00 -1456.00
v 2330.00 0.00 -1440.00
v 2370.00 0.00 -1440.00
v 2330.00 0.00 -1480.00
v 2370.00 0.00 -1480.00
v 2330.00 24.00 -1440.00
v 2370.00 24.00 -1440.00
v 2330.00 24.00 -1480.00
v 2370.00 24.00 -1480.00
v 2185.00 4.00 -1440.00
v 2225.00 4.00 -1440.00
v 2185.00 4.00 -1560.00
v 2225.00 4.00 -1560.00
v 2185.00 14.00 -1440.00
v 2225.00 14.00 -1440.00
v 2185.00 14.00 -1560.00
v 2225.00 14.00 -1560.00
v 2240.00 0.00 -1470.00
v 2280.00 0.00 -1470.00
v 2240.00 0.00 -1490.00
v 2280.00 0.00 -1490.00
v 2240.00 12.00 -1470.00
v 2280.00 12.00 -1470.00
v 2240.00 12.00 -1490.00
v 2280.00 12.00 -1490.00
v 2240.00 0.00 -1500.00
v 2270.00 0.00 -1500.00
v 2240.00 0.00 -1520.00
v 2270.00 0.00 -1520.00
v 2240.00 10.00 -1500.00
v 2270.00 10.00 -1500.00
v 2240.00 10.00 -1520.00
v 2270.00 10.00 -1520.00
v 2290.00 0.00 -1500.00
v 2330.00 0.00 -1500.00
v 2290.00 0.00 -1508.00
v 2330.00 0.00 -1508.00
v 2290.00 9.50 -1500.00
v 2330.00 9.50 -1500.00
v 2290.00 9.50 -1508.00
v 2330.00 9.50 -1508.00
v 2290.00 0.00 -1515.00
v 2330.00 0.00 -1515.00
v 2290.00 0.00 -1523.00
v 2330.00 0.00 -1523.00
v 2290.00 9.50 -1515.00
v 2330.00 9.50 -1515.00
v 2290.00 9.50 -1523.00
v 2330.00 9.50 -1523.00
v 2250.00 10.00 -1565.00
v 2250.00 9.62 -1563.09
v 2250.00 8.54 -1561.46
v 2250.00 6.91 -1560.38
v 2250.00 5.00 -1560.00
v 2250.00 3.09 -1560.38
v 2250.00 1.46 -1561.46
v 2250.00 0.38 -1563.09
v 2250.00 0.00 -1565.00
v 2250.00 0.38 -1566.91
v 2250.00 1.46 -1568.54
v 2250.00 3.09 -1569.62
v 2250.00 5.00 -1570.00
v 2250.00 6.91 -1569.62
v 2250.00 8.54 -1568.54
v 2250.00 9.62 -1566.91
v 2290.00 10.00 -1565.00
v 2290.00 9.62 -1563.09
v 2290.00 8.54 -1561.46
v 2290.00 6.91 -1560.38
v 2290.00 5.00 -1560.00
v 2290.00 3.09 -1560.38
v 2290.00 1.46 -1561.46
v 2290.00 0.38 -1563.09
v 2290.00 0.00 -1565.00
v 2290.00 0.38 -1566.91
v 2290.00 1.46 -1568.54
v 2290.00 3.09 -1569.62
v 2290.00 5.00 -1570.00
v 2290.00 6.91 -1569.62
v 2290.00 8.54 -1568.54
v 2290.00 9.62 -1566.91
v 2250.00 10.00 -1585.00
v 2250.00 9.62 -1583.09
v 2250.00 8.54 -1581.46
v 2250.00 6.91 -1580.38
v 2250.00 5.00 -1580.00
v 2250.00 3.09 -1580.38
v 2250.00 1.46 -1581.46
v 2250.00 0.38 -1583.09
v 2250.00 0.00 -1585.00
v 2250.00 0.38 -1586.91
v 2250.00 1.46 -1588.54
v 2250.00 3.09 -1589.62
v 2250.00 5.00 -1590.00
v 2250.00 6.91 -1589.62
v 2250.00 8.54 -1588.54
v 2250.00 9.62 -1586.91
v 2290.00 10.00 -1585.00
v 2290.00 9.62 -1583.09
v 2290.00 8.54 -1581.46
v 2290.00 6.91 -1580.38
v 2290.00 5.00 -1580.00
v 2290.00 3.09 -1580.38
v 2290.00 1.46 -1581.46
v 2290.00 0.38 -1583.09
v 2290.00 0.00 -1585.00
v 2290.00 0.38 -1586.91
v 2290.00 1.46 -1588.54
v 2290.00 3.09 -1589.62
v 2290.00 5.00 -1590.00
v 2290.00 6.91 -1589.62
v 2290.00 8.54 -1588.54
v 2290.00 9.62 -1586.91
v 2300.00 10.00 -1565.00
v 2300.00 9.62 -1563.09
v 2300.00 8.54 -1561.46
v 2300.00 6.91 -1560.38
v 2300.00 5.00 -1560.00
v 2300.00 3.09 -1560.38
v 2300.00 1.46 -1561.46
v 2300.00 0.38 -1563.09
v 2300.00 0.00 -1565.00
v 2300.00 0.38 -1566.91
v 2300.00 1.46 -1568.54
v 2300.00 3.09 -1569.62
v 2300.00 5.00 -1570.00
v 2300.00 6.91 -1569.62
v 2300.00 8.54 -1568.54
v 2300.00 9.62 -1566.91
v 2340.00 10.00 -1565.00
v 2340.00 9.62 -1563.09
v 2340.00 8.54 -1561.46
v 2340.00 6.91 -1560.38
v 2340.00 5.00 -1560.00
v 2340.00 3.09 -1560.38
v 2340.00 1.46 -1561.46
v 2340.00 0.38 -1563.09
v 2340.00 0.00 -1565.00
v 2340.00 0.38 -1566.91
v 2340.00 1.46 -1568.54
v 2340.00 3.09 -1569.62
v 2340.00 5.00 -1570.00
v 2340.00 6.91 -1569.62
v 2340.00 8.54 -1568.54
v 2340.00 9.62 -1566.91
v 2300.00 10.00 -1585.00
v 2300.00 9.62 -1583.09
v 2300.00 8.54 -1581.46
v 2300.00 6.91 -1580.38
v 2300.00 5.00 -1580.00
v 2300.00 3.09 -1580.38
v 2300.00 1.46 -1581.46
v 2300.00 0.38 -1583.09
v 2300.00 0.00 -1585.00
v 2300.00 0.38 -1586.91
v 2300.00 1.46 -1588.54
v 2300.00 3.09 -1589.62
v 2300.00 5.00 -1590.00
v 2300.00 6.91 -1589.62
v 2300.00 8.54 -1588.54
v 2300.00 9.62 -1586.91
v 2340.00 10.00 -1585.00
v 2340.00 9.62 -1583.09
v 2340.00 8.54 -1581.46
v 2340.00 6.91 -1580.38
v 2340.00 5.00 -1580.00
v 2340.00 3.09 -1580.38
v 2340.00 1.46 -1581.46
v 2340.00 0.38 -1583.09
v 2340.00 0.00 -1585.00
v 2340.00 0.38 -1586.91
v 2340.00 1.46 -1588.54
v 2340.00 3.09 -1589.62
v 2340.00 5.00 -1590.00
v 2340.00 6.91 -1589.62
v 2340.00 8.54 -1588.54
v 2340.00 9.62 -1586.91
v 2380.00 0.00 -1599.00
v 2379.23 0.00 -1598.85
v 2378.59 0.00 -1598.41
v 2378.15 0.00 -1597.77
v 2378.00 0.00 -1597.00
v 2378.15 0.00 -1596.23
v 2378.59 0.00 -1595.59
v 2379.23 0.00 -1595.15
v 2380.00 0.00 -1595.00
v 2380.77 0.00 -1595.15
v 2381.41 0.00 -1595.59
v 2381.85 0.00 -1596.23
v 2382.00 0.00 -1597.00
v 2381.85 0.00 -1597.77
v 2381.41 0.00 -1598.41
v 2380.77 0.00 -1598.85
v 2380.00 40.00 -1599.00
v 2379.23 40.00 -1598.85
v 2378.59 40.00 -1598.41
v 2378.15 40.00 -1597.77
v 2378.00 40.00 -1597.00
v 2378.15 40.00 -1596.23
v 2378.59 40.00 -1595.59
v 2379.23 40.00 -1595.15
v 2380.00 40.00 -1595.00
v 2380.77 40.00 -1595.15
v 2381.41 40.00 -1595.59
v 2381.85 40.00 -1596.23
v 2382.00 40.00 -1597.00
v 2381.85 40.00 -1597.77
v 2381.41 40.00 -1598.41
v 2380.77 40.00 -1598.85
v 1800.00 0.00 -1470.00
v 1840.00 0.00 -1470.00
v 1800.00 0.00 -1500.00
v 1840.00 0.00 -1500.00
v 1800.00 10.00 -1470.00
v 1840.00 10.00 -1470.00
v 1800.00 10.00 -1500.00
v 1840.00 10.00 -1500.00
v 2002.00 0.00 -102.00
v 2018.00 0.00 -102.00
v 2002.00 0.00 -118.00
v 2018.00 0.00 -118.00
v 2002.00 1.00 -102.00
v 2018.00 1.00 -102.00
v 2002.00 1.00 -118.00
v 2018.00 1.00 -118.00
v 2002.00 0.00 -142.00
v 2018.00 0.00 -142.00
v 2002.00 0.00 -158.00
v 2018.00 0.00 -158.00
v 2002.00 1.00 -142.00
v 2018.00 1.00 -142.00
v 2002.00 1.00 -158.00
v 2018.00 1.00 -158.00
v 2002.00 0.00 -182.00
v 2018.00 0.00 -182.00
v 2002.00 0.00 -198.00
v 2018.00 0.00 -198.00
v 2002.00 1.00 -182.00
v 2018.00 1.00 -182.00
v 2002.00 1.00 -198.00
v 2018.00 1.00 -198.00
v 669.50 39.50 -17.50
v 670.50 39.50 -17.50
v 669.50 39.50 -130.50
v 670.50 39.50 -130.50
v 669.50 40.50 -17.50
v 670.50 40.50 -17.50
v 669.50 40.50 -130.50
v 670.50 40.50 -130.50
v 869.50 39.50 -17.50
v 870.50 39.50 -17.50
v 869.50 39.50 -130.50
v 870.50 39.50 -130.50
v 869.50 40.50 -17.50
v 870.50 40.50 -17.50
v 869.50 40.50 -130.50
v 870.50 40.50 -130.50
v 629.50 39.50 -261.50
v 630.50 39.50 -261.50
v 629.50 39.50 -325.50
v 630.50 39.50 -325.50
v 629.50 40.50 -261.50
v 630.50 40.50 -261.50
v 629.50 40.50 -325.50
v 630.50 40.50 -325.50
v 629.50 39.50 -261.50
v 730.50 39.50 -261.50
v 629.50 39.50 -262.50
v 730.50 39.50 -262.50
v 629.50 40.50 -261.50
v 730.50 40.50 -261.50
v 629.50 40.50 -262.50
v 730.50 40.50 -262.50
v 729.50 39.50 -169.50
v 730.50 39.50 -169.50
v 729.50 39.50 -262.50
v 730.50 39.50 -262.50
v 729.50 40.50 -169.50
v 730.50 40.50 -169.50
v 729.50 40.50 -262.50
v 730.50 40.50 -262.50
v 789.50 39.50 -261.50
v 790.50 39.50 -261.50
v 789.50 39.50 -325.50
v 790.50 39.50 -325.50
v 789.50 40.50 -261.50
v 790.50 40.50 -261.50
v 789.50 40.50 -325.50
v 790.50 40.50 -325.50
v 789.50 39.50 -261.50
v 930.50 39.50 -261.50
v 789.50 39.50 -262.50
v 930.50 39.50 -262.50
v 789.50 40.50 -261.50
v 930.50 40.50 -261.50
v 789.50 40.50 -262.50
v 930.50 40.50 -262.50
v 929.50 39.50 -169.50
v 930.50 39.50 -169.50
v 929.50 39.50 -262.50
v 930.50 39.50 -262.50
v 929.50 40.50 -169.50
v 930.50 40.50 -169.50
v 929.50 40.50 -262.50
v 930.50 40.50 -262.50
v 949.50 39.50 -261.50
v 950.50 39.50 -261.50
v 949.50 39.50 -325.50
v 950.50 39.50 -325.50
v 949.50 40.50 -261.50
v 950.50 40.50 -261.50
v 949.50 40.50 -325.50
v 950.50 40.50 -325.50
v 949.50 39.50 -261.50
v 1070.50 39.50 -261.50
v 949.50 39.50 -262.50
v 1070.50 39.50 -262.50
v 949.50 40.50 -261.50
v 1070.50 40.50 -261.50
v 949.50 40.50 -262.50
v 1070.50 40.50 -262.50
v 1069.50 39.50 -129.50
v 1070.50 39.50 -129.50
v 1069.50 39.50 -262.50
v 1070.50 39.50 -262.50
v 1069.50 40.50 -129.50
v 1070.50 40.50 -129.50
v 1069.50 40.50 -262.50
v 1070.50 40.50 -262.50
v 1050.50 39.50 -269.50
v 1051.50 39.50 -269.50
v 1050.50 39.50 -320.50
v 1051.50 39.50 -320.50
v 1050.50 40.50 -269.50
v 1051.50 40.50 -269.50
v 1050.50 40.50 -320.50
v 1051.50 40.50 -320.50
v 1050.50 39.50 -269.50
v 1130.50 39.50 -269.50
v 1050.50 39.50 -270.50
v 1130.50 39.50 -270.50
v 1050.50 40.50 -269.50
v 1130.50 40.50 -269.50
v 1050.50 40.50 -270.50
v 1130.50 40.50 -270.50
v 1129.50 39.50 -169.50
v 1130.50 39.50 -169.50
v 1129.50 39.50 -270.50
v 1130.50 39.50 -270.50
v 1129.50 40.50 -169.50
v 1130.50 40.50 -169.50
v 1129.50 40.50 -270.50
v 1130.50 40.50 -270.50
v 648.50 24.50 -758.50
v 651.50 24.50 -758.50
v 648.50 24.50 -835.50
v 651.50 24.50 -835.50
v 648.50 27.50 -758.50
v 651.50 27.50 -758.50
v 648.50 27.50 -835.50
v 651.50 27.50 -835.50
v 648.50 24.50 -832.50
v 1115.50 24.50 -832.50
v 648.50 24.50 -835.50
v 1115.50 24.50 -835.50
v 648.50 27.50 -832.50
v 1115.50 27.50 -832.50
v 648.50 27.50 -835.50
v 1115.50 27.50 -835.50
v 1112.50 24.50 -563.50
v 1115.50 24.50 -563.50
v 1112.50 24.50 -835.50
v 1115.50 24.50 -835.50
v 1112.50 27.50 -563.50
v 1115.50 27.50 -563.50
v 1112.50 27.50 -835.50
v 1115.50 27.50 -835.50
v 1048.50 24.50 -563.50
v 1115.50 24.50 -563.50
v 1048.50 24.50 -566.50
v 1115.50 24.50 -566.50
v 1048.50 27.50 -563.50
v 1115.50 27.50 -563.50
v 1048.50 27.50 -566.50
v 1115.50 27.50 -566.50
v 1048.50 24.50 -550.50
v 1051.50 24.50 -550.50
v 1048.50 24.50 -566.50
v 1051.50 24.50 -566.50
v 1048.50 27.50 -550.50
v 1051.50 27.50 -550.50
v 1048.50 27.50 -566.50
v 1051.50 27.50 -566.50
v 808.50 24.50 -758.50
v 811.50 24.50 -758.50
v 808.50 24.50 -835.50
v 811.50 24.50 -835.50
v 808.50 27.50 -758.50
v 811.50 27.50 -758.50
v 808.50 27.50 -835.50
v 811.50 27.50 -835.50
v 808.50 24.50 -832.50
v 1115.50 24.50 -832.50
v 808.50 24.50 -835.50
v 1115.50 24.50 -835.50
v 808.50 27.50 -832.50
v 1115.50 27.50 -832.50
v 808.50 27.50 -835.50
v 1115.50 27.50 -835.50
v 1112.50 24.50 -563.50
v 1115.50 24.50 -563.50
v 1112.50 24.50 -835.50
v 1115.50 24.50 -835.50
v 1112.50 27.50 -563.50
v 1115.50 27.50 -563.50
v 1112.50 27.50 -835.50
v 1115.50 27.50 -835.50
v 1048.50 24.50 -563.50
v 1115.50 24.50 -563.50
v 1048.50 24.50 -566.50
v 1115.50 24.50 -566.50
v 1048.50 27.50 -563.50
v 1115.50 27.50 -563.50
v 1048.50 27.50 -566.50
v 1115.50 27.50 -566.50
v 1048.50 24.50 -550.50
v 1051.50 24.50 -550.50
v 1048.50 24.50 -566.50
v 1051.50 24.50 -566.50
v 1048.50 27.50 -550.50
v 1051.50 27.50 -550.50
v 1048.50 27.50 -566.50
v 1051.50 27.50 -566.50
v 968.50 24.50 -758.50
v 971.50 24.50 -758.50
v 968.50 24.50 -835.50
v 971.50 24.50 -835.50
v 968.50 27.50 -758.50
v 971.50 27.50 -758.50
v 968.50 27.50 -835.50
v 971.50 27.50 -835.50
v 968.50 24.50 -832.50
v 1115.50 24.50 -832.50
v 968.50 24.50 -835.50
v 1115.50 24.50 -835.50
v 968.50 27.50 -832.50
v 1115.50 27.50 -832.50
v 968.50 27.50 -835.50
v 1115.50 27.50 -835.50
v 1112.50 24.50 -563.50
v 1115.50 24.50 -563.50
v 1112.50 24.50 -835.50
v 1115.50 24.50 -835.50
v 1112.50 27.50 -563.50
v 1115.50 27.50 -563.50
v 1112.50 27.50 -835.50
v 1115.50 27.50 -835.50
v 1048.50 24.50 -563.50
v 1115.50 24.50 -563.50
v 1048.50 24.50 -566.50
v 1115.50 24.50 -566.50
v 1048.50 27.50 -563.50
v 1115.50 27.50 -563.50
v 1048.50 27.50 -566.50
v 1115.50 27.50 -566.50
v 1048.50 24.50 -550.50
v 1051.50 24.50 -550.50
v 1048.50 24.50 -566.50
v 1051.50 24.50 -566.50
v 1048.50 27.50 -550.50
v 1051.50 27.50 -550.50
v 1048.50 27.50 -566.50
v 1051.50 27.50 -566.50
v 1078.50 24.50 -498.50
v 1141.50 24.50 -498.50
v 1078.50 24.50 -501.50
v 1141.50 24.50 -501.50
v 1078.50 27.50 -498.50
v 1141.50 27.50 -498.50
v 1078.50 27.50 -501.50
v 1141.50 27.50 -501.50
v 1138.50 24.50 -498.50
v 1141.50 24.50 -498.50
v 1138.50 24.50 -761.50
v 1141.50 24.50 -761.50
v 1138.50 27.50 -498.50
v 1141.50 27.50 -498.50
v 1138.50 27.50 -761.50
v 1141.50 27.50 -761.50
v 1138.50 24.50 -758.50
v 1441.50 24.50 -758.50
v 1138.50 24.50 -761.50
v 1441.50 24.50 -761.50
v 1138.50 27.50 -758.50
v 1441.50 27.50 -758.50
v 1138.50 27.50 -761.50
v 1441.50 27.50 -761.50
v 1189.00 24.00 -811.00
v 1191.00 24.00 -811.00
v 1189.00 24.00 -841.00
v 1191.00 24.00 -841.00
v 1189.00 26.00 -811.00
v 1191.00 26.00 -811.00
v 1189.00 26.00 -841.00
v 1191.00 26.00 -841.00
v 609.00 24.00 -839.00
v 1191.00 24.00 -839.00
v 609.00 24.00 -841.00
v 1191.00 24.00 -841.00
v 609.00 26.00 -839.00
v 1191.00 26.00 -839.00
v 609.00 26.00 -841.00
v 1191.00 26.00 -841.00
v 609.00 24.00 -759.00
v 611.00 24.00 -759.00
v 609.00 24.00 -841.00
v 611.00 24.00 -841.00
v 609.00 26.00 -759.00
v 611.00 26.00 -759.00
v 609.00 26.00 -841.00
v 611.00 26.00 -841.00
v 1189.00 24.00 -811.00
v 1191.00 24.00 -811.00
v 1189.00 24.00 -841.00
v 1191.00 24.00 -841.00
v 1189.00 26.00 -811.00
v 1191.00 26.00 -811.00
v 1189.00 26.00 -841.00
v 1191.00 26.00 -841.00
v 769.00 24.00 -839.00
v 1191.00 24.00 -839.00
v 769.00 24.00 -841.00
v 1191.00 24.00 -841.00
v 769.00 26.00 -839.00
v 1191.00 26.00 -839.00
v 769.00 26.00 -841.00
v 1191.00 26.00 -841.00
v 769.00 24.00 -759.00
v 771.00 24.00 -759.00
v 769.00 24.00 -841.00
v 771.00 24.00 -841.00
v 769.00 26.00 -759.00
v 771.00 26.00 -759.00
v 769.00 26.00 -841.00
v 771.00 26.00 -841.00
v 1189.00 24.00 -811.00
v 1191.00 24.00 -811.00
v 1189.00 24.00 -841.00
v 1191.00 24.00 -841.00
v 1189.00 26.00 -811.00
v 1191.00 26.00 -811.00
v 1189.00 26.00 -841.00
v 1191.00 26.00 -841.00
v 929.00 24.00 -839.00
v 1191.00 24.00 -839.00
v 929.00 24.00 -841.00
v 1191.00 24.00 -841.00
v 929.00 26.00 -839.00
v 1191.00 26.00 -839.00
v 929.00 26.00 -841.00
v 1191.00 26.00 -841.00
v 929.00 24.00 -759.00
v 931.00 24.00 -759.00
v 929.00 24.00 -841.00
v 931.00 24.00 -841.00
v 929.00 26.00 -759.00
v 931.00 26.00 -759.00
v 929.00 26.00 -841.00
v 931.00 26.00 -841.00
v 679.00 11.00 -659.00
v 701.00 11.00 -659.00
v 679.00 11.00 -661.00
v 701.00 11.00 -661.00
v 679.00 13.00 -659.00
v 701.00 13.00 -659.00
v 679.00 13.00 -661.00
v 701.00 13.00 -661.00
v 839.00 11.00 -659.00
v 861.00 11.00 -659.00
v 839.00 11.00 -661.00
v 861.00 11.00 -661.00
v 839.00 13.00 -659.00
v 861.00 13.00 -659.00
v 839.00 13.00 -661.00
v 861.00 13.00 -661.00
v 999.00 11.00 -659.00
v 1021.00 11.00 -659.00
v 999.00 11.00 -661.00
v 1021.00 11.00 -661.00
v 999.00 13.00 -659.00
v 1021.00 13.00 -659.00
v 999.00 13.00 -661.00
v 1021.00 13.00 -661.00
v 1297.00 23.00 -796.00
v 1299.00 23.00 -796.00
v 1297.00 23.00 -837.00
v 1299.00 23.00 -837.00
v 1297.00 25.00 -796.00
v 1299.00 25.00 -796.00
v 1297.00 25.00 -837.00
v 1299.00 25.00 -837.00
v 559.00 23.00 -835.00
v 1299.00 23.00 -835.00
v 559.00 23.00 -837.00
v 1299.00 23.00 -837.00
v 559.00 25.00 -835.00
v 1299.00 25.00 -835.00
v 559.00 25.00 -837.00
v 1299.00 25.00 -837.00
v 559.00 23.00 -559.00
v 561.00 23.00 -559.00
v 559.00 23.00 -837.00
v 561.00 23.00 -837.00
v 559.00 25.00 -559.00
v 561.00 25.00 -559.00
v 559.00 25.00 -837.00
v 561.00 25.00 -837.00
v 1509.25 3.25 -1479.25
v 1560.75 3.25 -1479.25
v 1509.25 3.25 -1480.75
v 1560.75 3.25 -1480.75
v 1509.25 4.75 -1479.25
v 1560.75 4.75 -1479.25
v 1509.25 4.75 -1480.75
v 1560.75 4.75 -1480.75
v 1509.25 3.25 -884.25
v 1510.75 3.25 -884.25
v 1509.25 3.25 -1480.75
v 1510.75 3.25 -1480.75
v 1509.25 4.75 -884.25
v 1510.75 4.75 -884.25
v 1509.25 4.75 -1480.75
v 1510.75 4.75 -1480.75
v 599.25 3.25 -884.25
v 1510.75 3.25 -884.25
v 599.25 3.25 -885.75
v 1510.75 3.25 -885.75
v 599.25 4.75 -884.25
v 1510.75 4.75 -884.25
v 599.25 4.75 -885.75
v 1510.75 4.75 -885.75
v 1605.25 3.25 -1894.25
v 1606.75 3.25 -1894.25
v 1605.25 3.25 -1920.75
v 1606.75 3.25 -1920.75
v 1605.25 4.75 -1894.25
v 1606.75 4.75 -1894.25
v 1605.25 4.75 -1920.75
v 1606.75 4.75 -1920.75
v 1714.25 3.25 -1639.25
v 1715.75 3.25 -1639.25
v 1714.25 3.25 -1760.75
v 1715.75 3.25 -1760.75
v 1714.25 4.75 -1639.25
v 1715.75 4.75 -1639.25
v 1714.25 4.75 -1760.75
v 1715.75 4.75 -1760.75
v 628.00 18.00 -363.00
v 632.00 18.00 -363.00
v 628.00 18.00 -412.00
v 632.00 18.00 -412.00
v 628.00 22.00 -363.00
v 632.00 22.00 -363.00
v 628.00 22.00 -412.00
v 632.00 22.00 -412.00
v 628.00 18.00 -373.00
v 669.00 18.00 -373.00
v 628.00 18.00 -377.00
v 669.00 18.00 -377.00
v 628.00 22.00 -373.00
v 669.00 22.00 -373.00
v 628.00 22.00 -377.00
v 669.00 22.00 -377.00
v 665.00 18.00 -350.00
v 669.00 18.00 -350.00
v 665.00 18.00 -377.00
v 669.00 18.00 -377.00
v 665.00 22.00 -350.00
v 669.00 22.00 -350.00
v 665.00 22.00 -377.00
v 669.00 22.00 -377.00
v 788.00 18.00 -363.00
v 792.00 18.00 -363.00
v 788.00 18.00 -412.00
v 792.00 18.00 -412.00
v 788.00 22.00 -363.00
v 792.00 22.00 -363.00
v 788.00 22.00 -412.00
v 792.00 22.00 -412.00
v 788.00 18.00 -373.00
v 829.00 18.00 -373.00
v 788.00 18.00 -377.00
v 829.00 18.00 -377.00
v 788.00 22.00 -373.00
v 829.00 22.00 -373.00
v 788.00 22.00 -377.00
v 829.00 22.00 -377.00
v 825.00 18.00 -350.00
v 829.00 18.00 -350.00
v 825.00 18.00 -377.00
v 829.00 18.00 -377.00
v 825.00 22.00 -350.00
v 829.00 22.00 -350.00
v 825.00 22.00 -377.00
v 829.00 22.00 -377.00
v 948.00 18.00 -363.00
v 952.00 18.00 -363.00
v 948.00 18.00 -412.00
v 952.00 18.00 -412.00
v 948.00 22.00 -363.00
v 952.00 22.00 -363.00
v 948.00 22.00 -412.00
v 952.00 22.00 -412.00
v 948.00 18.00 -373.00
v 989.00 18.00 -373.00
v 948.00 18.00 -377.00
v 989.00 18.00 -377.00
v 948.00 22.00 -373.00
v 989.00 22.00 -373.00
v 948.00 22.00 -377.00
v 989.00 22.00 -377.00
v 985.00 18.00 -350.00
v 989.00 18.00 -350.00
v 985.00 18.00 -377.00
v 989.00 18.00 -377.00
v 985.00 22.00 -350.00
v 989.00 22.00 -350.00
v 985.00 22.00 -377.00
v 989.00 22.00 -377.00
v 1049.00 18.00 -368.00
v 1053.00 18.00 -368.00
v 1049.00 18.00 -412.00
v 1053.00 18.00 -412.00
v 1049.00 22.00 -368.00
v 1053.00 22.00 -368.00
v 1049.00 22.00 -412.00
v 1053.00 22.00 -412.00
v 665.00 0.00 -310.00
v 669.00 0.00 -310.00
v 665.00 0.00 -332.00
v 669.00 0.00 -332.00
v 665.00 0.40 -310.00
v 669.00 0.40 -310.00
v 665.00 0.40 -332.00
v 669.00 0.40 -332.00
v 403.00 0.00 -310.00
v 669.00 0.00 -310.00
v 403.00 0.00 -314.00
v 669.00 0.00 -314.00
v 403.00 0.40 -310.00
v 669.00 0.40 -310.00
v 403.00 0.40 -314.00
v 669.00 0.40 -314.00
v 403.00 0.00 -310.00
v 407.00 0.00 -310.00
v 403.00 0.00 -592.00
v 407.00 0.00 -592.00
v 403.00 0.40 -310.00
v 407.00 0.40 -310.00
v 403.00 0.40 -592.00
v 407.00 0.40 -592.00
v 403.00 0.00 -588.00
v 414.00 0.00 -588.00
v 403.00 0.00 -592.00
v 414.00 0.00 -592.00
v 403.00 0.40 -588.00
v 414.00 0.40 -588.00
v 403.00 0.40 -592.00
v 414.00 0.40 -592.00
v 410.00 0.00 -588.00
v 414.00 0.00 -588.00
v 410.00 0.00 -602.00
v 414.00 0.00 -602.00
v 410.00 0.40 -588.00
v 414.00 0.40 -588.00
v 410.00 0.40 -602.00
v 414.00 0.40 -602.00
v 825.00 0.00 -310.00
v 829.00 0.00 -310.00
v 825.00 0.00 -332.00
v 829.00 0.00 -332.00
v 825.00 0.40 -310.00
v 829.00 0.40 -310.00
v 825.00 0.40 -332.00
v 829.00 0.40 -332.00
v 403.00 0.00 -310.00
v 829.00 0.00 -310.00
v 403.00 0.00 -314.00
v 829.00 0.00 -314.00
v 403.00 0.40 -310.00
v 829.00 0.40 -310.00
v 403.00 0.40 -314.00
v 829.00 0.40 -314.00
v 403.00 0.00 -310.00
v 407.00 0.00 -310.00
v 403.00 0.00 -592.00
v 407.00 0.00 -592.00
v 403.00 0.40 -310.00
v 407.00 0.40 -310.00
v 403.00 0.40 -592.00
v 407.00 0.40 -592.00
v 403.00 0.00 -588.00
v 414.00 0.00 -588.00
v 403.00 0.00 -592.00
v 414.00 0.00 -592.00
v 403.00 0.40 -588.00
v 414.00 0.40 -588.00
v 403.00 0.40 -592.00
v 414.00 0.40 -592.00
v 410.00 0.00 -588.00
v 414.00 0.00 -588.00
v 410.00 0.00 -602.00
v 414.00 0.00 -602.00
v 410.00 0.40 -588.00
v 414.00 0.40 -588.00
v 410.00 0.40 -602.00
v 414.00 0.40 -602.00
v 985.00 0.00 -310.00
v 989.00 0.00 -310.00
v 985.00 0.00 -332.00
v 989.00 0.00 -332.00
v 985.00 0.40 -310.00
v 989.00 0.40 -310.00
v 985.00 0.40 -332.00
v 989.00 0.40 -332.00
v 403.00 0.00 -310.00
v 989.00 0.00 -310.00
v 403.00 0.00 -314.00
v 989.00 0.00 -314.00
v 403.00 0.40 -310.00
v 989.00 0.40 -310.00
v 403.00 0.40 -314.00
v 989.00 0.40 -314.00
v 403.00 0.00 -310.00
v 407.00 0.00 -310.00
v 403.00 0.00 -592.00
v 407.00 0.00 -592.00
v 403.00 0.40 -310.00
v 407.00 0.40 -310.00
v 403.00 0.40 -592.00
v 407.00 0.40 -592.00
v 403.00 0.00 -588.00
v 414.00 0.00 -588.00
v 403.00 0.00 -592.00
v 414.00 0.00 -592.00
v 403.00 0.40 -588.00
v 414.00 0.40 -588.00
v 403.00 0.40 -592.00
v 414.00 0.40 -592.00
v 410.00 0.00 -588.00
v 414.00 0.00 -588.00
v 410.00 0.00 -602.00
v 414.00 0.00 -602.00
v 410.00 0.40 -588.00
v 414.00 0.40 -588.00
v 410.00 0.40 -602.00
v 414.00 0.40 -602.00
v 1116.00 0.00 -298.00
v 1120.00 0.00 -298.00
v 1116.00 0.00 -574.00
v 1120.00 0.00 -574.00
v 1116.00 0.40 -298.00
v 1120.00 0.40 -298.00
v 1116.00 0.40 -574.00
v 1120.00 0.40 -574.00
v 1116.00 0.00 -298.00
v 1260.00 0.00 -298.00
v 1116.00 0.00 -302.00
v 1260.00 0.00 -302.00
v 1116.00 0.40 -298.00
v 1260.00 0.40 -298.00
v 1116.00 0.40 -302.00
v 1260.00 0.40 -302.00
v 1256.00 0.00 -298.00
v 1274.00 0.00 -298.00
v 1256.00 0.00 -302.00
v 1274.00 0.00 -302.00
v 1256.00 0.40 -298.00
v 1274.00 0.40 -298.00
v 1256.00 0.40 -302.00
v 1274.00 0.40 -302.00
v 1116.00 0.00 -298.00
v 1120.00 0.00 -298.00
v 1116.00 0.00 -574.00
v 1120.00 0.00 -574.00
v 1116.00 0.40 -298.00
v 1120.00 0.40 -298.00
v 1116.00 0.40 -574.00
v 1120.00 0.40 -574.00
v 1116.00 0.00 -298.00
v 1260.00 0.00 -298.00
v 1116.00 0.00 -302.00
v 1260.00 0.00 -302.00
v 1116.00 0.40 -298.00
v 1260.00 0.40 -298.00
v 1116.00 0.40 -302.00
v 1260.00 0.40 -302.00
v 1256.00 0.00 -298.00
v 1300.00 0.00 -298.00
v 1256.00 0.00 -302.00
v 1300.00 0.00 -302.00
v 1256.00 0.40 -298.00
v 1300.00 0.40 -298.00
v 1256.00 0.40 -302.00
v 1300.00 0.40 -302.00
v 1116.00 0.00 -298.00
v 1120.00 0.00 -298.00
v 1116.00 0.00 -574.00
v 1120.00 0.00 -574.00
v 1116.00 0.40 -298.00
v 1120.00 0.40 -298.00
v 1116.00 0.40 -574.00
v 1120.00 0.40 -574.00
v 1116.00 0.00 -298.00
v 1260.00 0.00 -298.00
v 1116.00 0.00 -302.00
v 1260.00 0.00 -302.00
v 1116.00 0.40 -298.00
v 1260.00 0.40 -298.00
v 1116.00 0.40 -302.00
v 1260.00 0.40 -302.00
v 1256.00 0.00 -298.00
v 1261.00 0.00 -298.00
v 1256.00 0.00 -302.00
v 1261.00 0.00 -302.00
v 1256.00 0.40 -298.00
v 1261.00 0.40 -298.00
v 1256.00 0.40 -302.00
v 1261.00 0.40 -302.00
v 1257.00 0.00 -298.00
v 1261.00 0.00 -298.00
v 1257.00 0.00 -354.00
v 1261.00 0.00 -354.00
v 1257.00 0.40 -298.00
v 1261.00 0.40 -298.00
v 1257.00 0.40 -354.00
v 1261.00 0.40 -354.00
v 1116.00 0.00 -298.00
v 1120.00 0.00 -298.00
v 1116.00 0.00 -574.00
v 1120.00 0.00 -574.00
v 1116.00 0.40 -298.00
v 1120.00 0.40 -298.00
v 1116.00 0.40 -574.00
v 1120.00 0.40 -574.00
v 1116.00 0.00 -298.00
v 1260.00 0.00 -298.00
v 1116.00 0.00 -302.00
v 1260.00 0.00 -302.00
v 1116.00 0.40 -298.00
v 1260.00 0.40 -298.00
v 1116.00 0.40 -302.00
v 1260.00 0.40 -302.00
v 1256.00 0.00 -298.00
v 1287.00 0.00 -298.00
v 1256.00 0.00 -302.00
v 1287.00 0.00 -302.00
v 1256.00 0.40 -298.00
v 1287.00 0.40 -298.00
v 1256.00 0.40 -302.00
v 1287.00 0.40 -302.00
v 1283.00 0.00 -298.00
v 1287.00 0.00 -298.00
v 1283.00 0.00 -354.00
v 1287.00 0.00 -354.00
v 1283.00 0.40 -298.00
v 1287.00 0.40 -298.00
v 1283.00 0.40 -354.00
v 1287.00 0.40 -354.00
v 435.00 0.00 -350.00
v 439.00 0.00 -350.00
v 435.00 0.00 -382.00
v 439.00 0.00 -382.00
v 435.00 0.40 -350.00
v 439.00 0.40 -350.00
v 435.00 0.40 -382.00
v 439.00 0.40 -382.00
v 428.00 0.00 -378.00
v 439.00 0.00 -378.00
v 428.00 0.00 -382.00
v 439.00 0.00 -382.00
v 428.00 0.40 -378.00
v 439.00 0.40 -378.00
v 428.00 0.40 -382.00
v 439.00 0.40 -382.00
v 428.00 0.00 -378.00
v 432.00 0.00 -378.00
v 428.00 0.00 -602.00
v 432.00 0.00 -602.00
v 428.00 0.40 -378.00
v 432.00 0.40 -378.00
v 428.00 0.40 -602.00
v 432.00 0.40 -602.00
v 490.00 0.00 -314.00
v 494.00 0.00 -314.00
v 490.00 0.00 -340.00
v 494.00 0.00 -340.00
v 490.00 0.40 -314.00
v 494.00 0.40 -314.00
v 490.00 0.40 -340.00
v 494.00 0.40 -340.00
v 406.00 0.00 -314.00
v 494.00 0.00 -314.00
v 406.00 0.00 -318.00
v 494.00 0.00 -318.00
v 406.00 0.40 -314.00
v 494.00 0.40 -314.00
v 406.00 0.40 -318.00
v 494.00 0.40 -318.00
v 406.00 0.00 -314.00
v 410.00 0.00 -314.00
v 406.00 0.00 -597.00
v 410.00 0.00 -597.00
v 406.00 0.40 -314.00
v 410.00 0.40 -314.00
v 406.00 0.40 -597.00
v 410.00 0.40 -597.00
v 406.00 0.00 -593.00
v 416.00 0.00 -593.00
v 406.00 0.00 -597.00
v 416.00 0.00 -597.00
v 406.00 0.40 -593.00
v 416.00 0.40 -593.00
v 406.00 0.40 -597.00
v 416.00 0.40 -597.00
v 412.00 0.00 -593.00
v 416.00 0.00 -593.00
v 412.00 0.00 -602.00
v 416.00 0.00 -602.00
v 412.00 0.40 -593.00
v 416.00 0.40 -593.00
v 412.00 0.40 -602.00
v 416.00 0.40 -602.00
v 426.00 0.00 -393.00
v 430.00 0.00 -393.00
v 426.00 0.00 -602.00
v 430.00 0.00 -602.00
v 426.00 0.40 -393.00
v 430.00 0.40 -393.00
v 426.00 0.40 -602.00
v 430.00 0.40 -602.00
v 426.00 0.00 -393.00
v 467.00 0.00 -393.00
v 426.00 0.00 -397.00
v 467.00 0.00 -397.00
v 426.00 0.40 -393.00
v 467.00 0.40 -393.00
v 426.00 0.40 -397.00
v 467.00 0.40 -397.00
v 463.00 0.00 -298.00
v 467.00 0.00 -298.00
v 463.00 0.00 -397.00
v 467.00 0.00 -397.00
v 463.00 0.40 -298.00
v 467.00 0.40 -298.00
v 463.00 0.40 -397.00
v 467.00 0.40 -397.00
v 463.00 0.00 -230.00
v 467.00 0.00 -230.00
v 463.00 0.00 -302.00
v 467.00 0.00 -302.00
v 463.00 0.40 -230.00
v 467.00 0.40 -230.00
v 463.00 0.40 -302.00
v 467.00 0.40 -302.00
v 353.00 0.00 -613.00
v 412.00 0.00 -613.00
v 353.00 0.00 -617.00
v 412.00 0.00 -617.00
v 353.00 0.40 -613.00
v 412.00 0.40 -613.00
v 353.00 0.40 -617.00
v 412.00 0.40 -617.00
v 353.00 0.00 -390.00
v 357.00 0.00 -390.00
v 353.00 0.00 -617.00
v 357.00 0.00 -617.00
v 353.00 0.40 -390.00
v 357.00 0.40 -390.00
v 353.00 0.40 -617.00
v 357.00 0.40 -617.00
v 318.00 0.00 -390.00
v 357.00 0.00 -390.00
v 318.00 0.00 -394.00
v 357.00 0.00 -394.00
v 318.00 0.40 -390.00
v 357.00 0.40 -390.00
v 318.00 0.40 -394.00
v 357.00 0.40 -394.00
v 353.00 0.00 -618.00
v 412.00 0.00 -618.00
v 353.00 0.00 -622.00
v 412.00 0.00 -622.00
v 353.00 0.40 -618.00
v 412.00 0.40 -618.00
v 353.00 0.40 -622.00
v 412.00 0.40 -622.00
v 353.00 0.00 -618.00
v 357.00 0.00 -618.00
v 353.00 0.00 -1422.00
v 357.00 0.00 -1422.00
v 353.00 0.40 -618.00
v 357.00 0.40 -618.00
v 353.00 0.40 -1422.00
v 357.00 0.40 -1422.00
v 353.00 0.00 -1418.00
v 462.00 0.00 -1418.00
v 353.00 0.00 -1422.00
v 462.00 0.00 -1422.00
v 353.00 0.40 -1418.00
v 462.00 0.40 -1418.00
v 353.00 0.40 -1422.00
v 462.00 0.40 -1422.00
v 458.00 0.00 -1418.00
v 462.00 0.00 -1418.00
v 458.00 0.00 -1447.00
v 462.00 0.00 -1447.00
v 458.00 0.40 -1418.00
v 462.00 0.40 -1418.00
v 458.00 0.40 -1447.00
v 462.00 0.40 -1447.00
v 1298.00 0.00 -870.00
v 1502.00 0.00 -870.00
v 1298.00 0.00 -874.00
v 1502.00 0.00 -874.00
v 1298.00 0.40 -870.00
v 1502.00 0.40 -870.00
v 1298.00 0.40 -874.00
v 1502.00 0.40 -874.00
v 1498.00 0.00 -870.00
v 1502.00 0.00 -870.00
v 1498.00 0.00 -1448.00
v 1502.00 0.00 -1448.00
v 1498.00 0.40 -870.00
v 1502.00 0.40 -870.00
v 1498.00 0.40 -1448.00
v 1502.00 0.40 -1448.00
v 588.00 0.00 -1423.00
v 592.00 0.00 -1423.00
v 588.00 0.00 -1447.00
v 592.00 0.00 -1447.00
v 588.00 0.40 -1423.00
v 592.00 0.40 -1423.00
v 588.00 0.40 -1447.00
v 592.00 0.40 -1447.00
v 588.00 0.00 -1423.00
v 917.00 0.00 -1423.00
v 588.00 0.00 -1427.00
v 917.00 0.00 -1427.00
v 588.00 0.40 -1423.00
v 917.00 0.40 -1423.00
v 588.00 0.40 -1427.00
v 917.00 0.40 -1427.00
v 913.00 0.00 -1423.00
v 917.00 0.00 -1423.00
v 913.00 0.00 -1452.00
v 917.00 0.00 -1452.00
v 913.00 0.40 -1423.00
v 917.00 0.40 -1423.00
v 913.00 0.40 -1452.00
v 917.00 0.40 -1452.00
v 1543.00 0.00 -1478.00
v 1562.00 0.00 -1478.00
v 1543.00 0.00 -1482.00
v 1562.00 0.00 -1482.00
v 1543.00 0.40 -1478.00
v 1562.00 0.40 -1478.00
v 1543.00 0.40 -1482.00
v 1562.00 0.40 -1482.00
v 643.00 0.00 -1578.00
v 657.00 0.00 -1578.00
v 643.00 0.00 -1582.00
v 657.00 0.00 -1582.00
v 643.00 0.40 -1578.00
v 657.00 0.40 -1578.00
v 643.00 0.40 -1582.00
v 657.00 0.40 -1582.00
v 1588.00 0.00 -1454.00
v 1592.00 0.00 -1454.00
v 1588.00 0.00 -1712.00
v 1592.00 0.00 -1712.00
v 1588.00 0.40 -1454.00
v 1592.00 0.40 -1454.00
v 1588.00 0.40 -1712.00
v 1592.00 0.40 -1712.00
v 1588.00 0.00 -1708.00
v 1750.00 0.00 -1708.00
v 1588.00 0.00 -1712.00
v 1750.00 0.00 -1712.00
v 1588.00 0.40 -1708.00
v 1750.00 0.40 -1708.00
v 1588.00 0.40 -1712.00
v 1750.00 0.40 -1712.00
v 1746.00 0.00 -1708.00
v 1750.00 0.00 -1708.00
v 1746.00 0.00 -1730.00
v 1750.00 0.00 -1730.00
v 1746.00 0.40 -1708.00
v 1750.00 0.40 -1708.00
v 1746.00 0.40 -1730.00
v 1750.00 0.40 -1730.00
v 472.50 35.50 -744.50
v 479.50 35.50 -744.50
v 472.50 35.50 -747.50
v 479.50 35.50 -747.50
v 472.50 36.50 -744.50
v 479.50 36.50 -744.50
v 472.50 36.50 -747.50
v 479.50 36.50 -747.50
v 476.50 35.50 -744.50
v 479.50 35.50 -744.50
v 476.50 35.50 -839.50
v 479.50 35.50 -839.50
v 476.50 36.50 -744.50
v 479.50 36.50 -744.50
v 476.50 36.50 -839.50
v 479.50 36.50 -839.50
v 476.50 35.50 -836.50
v 673.50 35.50 -836.50
v 476.50 35.50 -839.50
v 673.50 35.50 -839.50
v 476.50 36.50 -836.50
v 673.50 36.50 -836.50
v 476.50 36.50 -839.50
v 673.50 36.50 -839.50
v 670.50 35.50 -638.50
v 673.50 35.50 -638.50
v 670.50 35.50 -839.50
v 673.50 35.50 -839.50
v 670.50 36.50 -638.50
v 673.50 36.50 -638.50
v 670.50 36.50 -839.50
v 673.50 36.50 -839.50
v 670.50 35.50 -638.50
v 676.50 35.50 -638.50
v 670.50 35.50 -641.50
v 676.50 35.50 -641.50
v 670.50 36.50 -638.50
v 676.50 36.50 -638.50
v 670.50 36.50 -641.50
v 676.50 36.50 -641.50
v 472.50 35.50 -744.50
v 479.50 35.50 -744.50
v 472.50 35.50 -747.50
v 479.50 35.50 -747.50
v 472.50 36.50 -744.50
v 479.50 36.50 -744.50
v 472.50 36.50 -747.50
v 479.50 36.50 -747.50
v 476.50 35.50 -744.50
v 479.50 35.50 -744.50
v 476.50 35.50 -839.50
v 479.50 35.50 -839.50
v 476.50 36.50 -744.50
v 479.50 36.50 -744.50
v 476.50 36.50 -839.50
v 479.50 36.50 -839.50
v 476.50 35.50 -836.50
v 562.50 35.50 -836.50
v 476.50 35.50 -839.50
v 562.50 35.50 -839.50
v 476.50 36.50 -836.50
v 562.50 36.50 -836.50
v 476.50 36.50 -839.50
v 562.50 36.50 -839.50
v 559.50 35.50 -674.50
v 562.50 35.50 -674.50
v 559.50 35.50 -839.50
v 562.50 35.50 -839.50
v 559.50 36.50 -674.50
v 562.50 36.50 -674.50
v 559.50 36.50 -839.50
v 562.50 36.50 -839.50
v 472.50 35.50 -638.50
v 561.50 35.50 -638.50
v 472.50 35.50 -641.50
v 561.50 35.50 -641.50
v 472.50 36.50 -638.50
v 561.50 36.50 -638.50
v 472.50 36.50 -641.50
v 561.50 36.50 -641.50
v 558.50 35.50 -542.50
v 561.50 35.50 -542.50
v 558.50 35.50 -641.50
v 561.50 35.50 -641.50
v 558.50 36.50 -542.50
v 561.50 36.50 -542.50
v 558.50 36.50 -641.50
v 561.50 36.50 -641.50
v 558.50 35.50 -542.50
v 601.50 35.50 -542.50
v 558.50 35.50 -545.50
v 601.50 35.50 -545.50
v 558.50 36.50 -542.50
v 601.50 36.50 -542.50
v 558.50 36.50 -545.50
v 601.50 36.50 -545.50
v 598.50 35.50 -438.50
v 601.50 35.50 -438.50
v 598.50 35.50 -545.50
v 601.50 35.50 -545.50
v 598.50 36.50 -438.50
v 601.50 36.50 -438.50
v 598.50 36.50 -545.50
v 601.50 36.50 -545.50
v 598.50 35.50 -438.50
v 623.50 35.50 -438.50
v 598.50 35.50 -441.50
v 623.50 35.50 -441.50
v 598.50 36.50 -438.50
v 623.50 36.50 -438.50
v 598.50 36.50 -441.50
v 623.50 36.50 -441.50
v 472.50 35.50 -744.50
v 479.50 35.50 -744.50
v 472.50 35.50 -747.50
v 479.50 35.50 -747.50
v 472.50 36.50 -744.50
v 479.50 36.50 -744.50
v 472.50 36.50 -747.50
v 479.50 36.50 -747.50
v 476.50 35.50 -744.50
v 479.50 35.50 -744.50
v 476.50 35.50 -839.50
v 479.50 35.50 -839.50
v 476.50 36.50 -744.50
v 479.50 36.50 -744.50
v 476.50 36.50 -839.50
v 479.50 36.50 -839.50
v 476.50 35.50 -836.50
v 833.50 35.50 -836.50
v 476.50 35.50 -839.50
v 833.50 35.50 -839.50
v 476.50 36.50 -836.50
v 833.50 36.50 -836.50
v 476.50 36.50 -839.50
v 833.50 36.50 -839.50
v 830.50 35.50 -638.50
v 833.50 35.50 -638.50
v 830.50 35.50 -839.50
v 833.50 35.50 -839.50
v 830.50 36.50 -638.50
v 833.50 36.50 -638.50
v 830.50 36.50 -839.50
v 833.50 36.50 -839.50
v 830.50 35.50 -638.50
v 836.50 35.50 -638.50
v 830.50 35.50 -641.50
v 836.50 35.50 -641.50
v 830.50 36.50 -638.50
v 836.50 36.50 -638.50
v 830.50 36.50 -641.50
v 836.50 36.50 -641.50
v 472.50 35.50 -744.50
v 479.50 35.50 -744.50
v 472.50 35.50 -747.50
v 479.50 35.50 -747.50
v 472.50 36.50 -744.50
v 479.50 36.50 -744.50
v 472.50 36.50 -747.50
v 479.50 36.50 -747.50
v 476.50 35.50 -744.50
v 479.50 35.50 -744.50
v 476.50 35.50 -839.50
v 479.50 35.50 -839.50
v 476.50 36.50 -744.50
v 479.50 36.50 -744.50
v 476.50 36.50 -839.50
v 479.50 36.50 -839.50
v 476.50 35.50 -836.50
v 722.50 35.50 -836.50
v 476.50 35.50 -839.50
v 722.50 35.50 -839.50
v 476.50 36.50 -836.50
v 722.50 36.50 -836.50
v 476.50 36.50 -839.50
v 722.50 36.50 -839.50
v 719.50 35.50 -674.50
v 722.50 35.50 -674.50
v 719.50 35.50 -839.50
v 722.50 35.50 -839.50
v 719.50 36.50 -674.50
v 722.50 36.50 -674.50
v 719.50 36.50 -839.50
v 722.50 36.50 -839.50
v 472.50 35.50 -638.50
v 561.50 35.50 -638.50
v 472.50 35.50 -641.50
v 561.50 35.50 -641.50
v 472.50 36.50 -638.50
v 561.50 36.50 -638.50
v 472.50 36.50 -641.50
v 561.50 36.50 -641.50
v 558.50 35.50 -542.50
v 561.50 35.50 -542.50
v 558.50 35.50 -641.50
v 561.50 35.50 -641.50
v 558.50 36.50 -542.50
v 561.50 36.50 -542.50
v 558.50 36.50 -641.50
v 561.50 36.50 -641.50
v 558.50 35.50 -542.50
v 761.50 35.50 -542.50
v 558.50 35.50 -545.50
v 761.50 35.50 -545.50
v 558.50 36.50 -542.50
v 761.50 36.50 -542.50
v 558.50 36.50 -545.50
v 761.50 36.50 -545.50
v 758.50 35.50 -438.50
v 761.50 35.50 -438.50
v 758.50 35.50 -545.50
v 761.50 35.50 -545.50
v 758.50 36.50 -438.50
v 761.50 36.50 -438.50
v 758.50 36.50 -545.50
v 761.50 36.50 -545.50
v 758.50 35.50 -438.50
v 783.50 35.50 -438.50
v 758.50 35.50 -441.50
v 783.50 35.50 -441.50
v 758.50 36.50 -438.50
v 783.50 36.50 -438.50
v 758.50 36.50 -441.50
v 783.50 36.50 -441.50
v 472.50 35.50 -744.50
v 479.50 35.50 -744.50
v 472.50 35.50 -747.50
v 479.50 35.50 -747.50
v 472.50 36.50 -744.50
v 479.50 36.50 -744.50
v 472.50 36.50 -747.50
v 479.50 36.50 -747.50
v 476.50 35.50 -744.50
v 479.50 35.50 -744.50
v 476.50 35.50 -839.50
v 479.50 35.50 -839.50
v 476.50 36.50 -744.50
v 479.50 36.50 -744.50
v 476.50 36.50 -839.50
v 479.50 36.50 -839.50
v 476.50 35.50 -836.50
v 993.50 35.50 -836.50
v 476.50 35.50 -839.50
v 993.50 35.50 -839.50
v 476.50 36.50 -836.50
v 993.50 36.50 -836.50
v 476.50 36.50 -839.50
v 993.50 36.50 -839.50
v 990.50 35.50 -638.50
v 993.50 35.50 -638.50
v 990.50 35.50 -839.50
v 993.50 35.50 -839.50
v 990.50 36.50 -638.50
v 993.50 36.50 -638.50
v 990.50 36.50 -839.50
v 993.50 36.50 -839.50
v 990.50 35.50 -638.50
v 996.50 35.50 -638.50
v 990.50 35.50 -641.50
v 996.50 35.50 -641.50
v 990.50 36.50 -638.50
v 996.50 36.50 -638.50
v 990.50 36.50 -641.50
v 996.50 36.50 -641.50
v 472.50 35.50 -744.50
v 479.50 35.50 -744.50
v 472.50 35.50 -747.50
v 479.50 35.50 -747.50
v 472.50 36.50 -744.50
v 479.50 36.50 -744.50
v 472.50 36.50 -747.50
v 479.50 36.50 -747.50
v 476.50 35.50 -744.50
v 479.50 35.50 -744.50
v 476.50 35.50 -839.50
v 479.50 35.50 -839.50
v 476.50 36.50 -744.50
v 479.50 36.50 -744.50
v 476.50 36.50 -839.50
v 479.50 36.50 -839.50
v 476.50 35.50 -836.50
v 882.50 35.50 -836.50
v 476.50 35.50 -839.50
v 882.50 35.50 -839.50
v 476.50 36.50 -836.50
v 882.50 36.50 -836.50
v 476.50 36.50 -839.50
v 882.50 36.50 -839.50
v 879.50 35.50 -674.50
v 882.50 35.50 -674.50
v 879.50 35.50 -839.50
v 882.50 35.50 -839.50
v 879.50 36.50 -674.50
v 882.50 36.50 -674.50
v 879.50 36.50 -839.50
v 882.50 36.50 -839.50
v 472.50 35.50 -638.50
v 561.50 35.50 -638.50
v 472.50 35.50 -641.50
v 561.50 35.50 -641.50
v 472.50 36.50 -638.50
v 561.50 36.50 -638.50
v 472.50 36.50 -641.50
v 561.50 36.50 -641.50
v 558.50 35.50 -542.50
v 561.50 35.50 -542.50
v 558.50 35.50 -641.50
v 561.50 35.50 -641.50
v 558.50 36.50 -542.50
v 561.50 36.50 -542.50
v 558.50 36.50 -641.50
v 561.50 36.50 -641.50
v 558.50 35.50 -542.50
v 921.50 35.50 -542.50
v 558.50 35.50 -545.50
v 921.50 35.50 -545.50
v 558.50 36.50 -542.50
v 921.50 36.50 -542.50
v 558.50 36.50 -545.50
v 921.50 36.50 -545.50
v 918.50 35.50 -438.50
v 921.50 35.50 -438.50
v 918.50 35.50 -545.50
v 921.50 35.50 -545.50
v 918.50 36.50 -438.50
v 921.50 36.50 -438.50
v 918.50 36.50 -545.50
v 921.50 36.50 -545.50
v 918.50 35.50 -438.50
v 943.50 35.50 -438.50
v 918.50 35.50 -441.50
v 943.50 35.50 -441.50
v 918.50 36.50 -438.50
v 943.50 36.50 -438.50
v 918.50 36.50 -441.50
v 943.50 36.50 -441.50
v 472.50 35.50 -744.50
v 479.50 35.50 -744.50
v 472.50 35.50 -747.50
v 479.50 35.50 -747.50
v 472.50 36.50 -744.50
v 479.50 36.50 -744.50
v 472.50 36.50 -747.50
v 479.50 36.50 -747.50
v 476.50 35.50 -744.50
v 479.50 35.50 -744.50
v 476.50 35.50 -839.50
v 479.50 35.50 -839.50
v 476.50 36.50 -744.50
v 479.50 36.50 -744.50
v 476.50 36.50 -839.50
v 479.50 36.50 -839.50
v 476.50 35.50 -836.50
v 1119.50 35.50 -836.50
v 476.50 35.50 -839.50
v 1119.50 35.50 -839.50
v 476.50 36.50 -836.50
v 1119.50 36.50 -836.50
v 476.50 36.50 -839.50
v 1119.50 36.50 -839.50
v 1116.50 35.50 -630.50
v 1119.50 35.50 -630.50
v 1116.50 35.50 -839.50
v 1119.50 35.50 -839.50
v 1116.50 36.50 -630.50
v 1119.50 36.50 -630.50
v 1116.50 36.50 -839.50
v 1119.50 36.50 -839.50
v 1063.50 35.50 -630.50
v 1119.50 35.50 -630.50
v 1063.50 35.50 -633.50
v 1119.50 35.50 -633.50
v 1063.50 36.50 -630.50
v 1119.50 36.50 -630.50
v 1063.50 36.50 -633.50
v 1119.50 36.50 -633.50
v 472.50 35.50 -744.50
v 479.50 35.50 -744.50
v 472.50 35.50 -747.50
v 479.50 35.50 -747.50
v 472.50 36.50 -744.50
v 479.50 36.50 -744.50
v 472.50 36.50 -747.50
v 479.50 36.50 -747.50
v 476.50 35.50 -744.50
v 479.50 35.50 -744.50
v 476.50 35.50 -839.50
v 479.50 35.50 -839.50
v 476.50 36.50 -744.50
v 479.50 36.50 -744.50
v 476.50 36.50 -839.50
v 479.50 36.50 -839.50
v 476.50 35.50 -836.50
v 1119.50 35.50 -836.50
v 476.50 35.50 -839.50
v 1119.50 35.50 -839.50
v 476.50 36.50 -836.50
v 1119.50 36.50 -836.50
v 476.50 36.50 -839.50
v 1119.50 36.50 -839.50
v 1116.50 35.50 -570.50
v 1119.50 35.50 -570.50
v 1116.50 35.50 -839.50
v 1119.50 35.50 -839.50
v 1116.50 36.50 -570.50
v 1119.50 36.50 -570.50
v 1116.50 36.50 -839.50
v 1119.50 36.50 -839.50
v 1270.50 35.50 -298.50
v 1273.50 35.50 -298.50
v 1270.50 35.50 -311.50
v 1273.50 35.50 -311.50
v 1270.50 36.50 -298.50
v 1273.50 36.50 -298.50
v 1270.50 36.50 -311.50
v 1273.50 36.50 -311.50
v 472.50 35.50 -744.50
v 479.50 35.50 -744.50
v 472.50 35.50 -747.50
v 479.50 35.50 -747.50
v 472.50 36.50 -744.50
v 479.50 36.50 -744.50
v 472.50 36.50 -747.50
v 479.50 36.50 -747.50
v 476.50 35.50 -744.50
v 479.50 35.50 -744.50
v 476.50 35.50 -839.50
v 479.50 35.50 -839.50
v 476.50 36.50 -744.50
v 479.50 36.50 -744.50
v 476.50 36.50 -839.50
v 479.50 36.50 -839.50
v 476.50 35.50 -836.50
v 1119.50 35.50 -836.50
v 476.50 35.50 -839.50
v 1119.50 35.50 -839.50
v 476.50 36.50 -836.50
v 1119.50 36.50 -836.50
v 476.50 36.50 -839.50
v 1119.50 36.50 -839.50
v 1116.50 35.50 -570.50
v 1119.50 35.50 -570.50
v 1116.50 35.50 -839.50
v 1119.50 35.50 -839.50
v 1116.50 36.50 -570.50
v 1119.50 36.50 -570.50
v 1116.50 36.50 -839.50
v 1119.50 36.50 -839.50
v 1296.50 35.50 -298.50
v 1299.50 35.50 -298.50
v 1296.50 35.50 -311.50
v 1299.50 35.50 -311.50
v 1296.50 36.50 -298.50
v 1299.50 36.50 -298.50
v 1296.50 36.50 -311.50
v 1299.50 36.50 -311.50
v 472.50 35.50 -744.50
v 479.50 35.50 -744.50
v 472.50 35.50 -747.50
v 479.50 35.50 -747.50
v 472.50 36.50 -744.50
v 479.50 36.50 -744.50
v 472.50 36.50 -747.50
v 479.50 36.50 -747.50
v 476.50 35.50 -744.50
v 479.50 35.50 -744.50
v 476.50 35.50 -839.50
v 479.50 35.50 -839.50
v 476.50 36.50 -744.50
v 479.50 36.50 -744.50
v 476.50 36.50 -839.50
v 479.50 36.50 -839.50
v 476.50 35.50 -836.50
v 1119.50 35.50 -836.50
v 476.50 35.50 -839.50
v 1119.50 35.50 -839.50
v 476.50 36.50 -836.50
v 1119.50 36.50 -836.50
v 476.50 36.50 -839.50
v 1119.50 36.50 -839.50
v 1116.50 35.50 -570.50
v 1119.50 35.50 -570.50
v 1116.50 35.50 -839.50
v 1119.50 35.50 -839.50
v 1116.50 36.50 -570.50
v 1119.50 36.50 -570.50
v 1116.50 36.50 -839.50
v 1119.50 36.50 -839.50
v 1257.50 35.50 -350.50
v 1263.50 35.50 -350.50
v 1257.50 35.50 -353.50
v 1263.50 35.50 -353.50
v 1257.50 36.50 -350.50
v 1263.50 36.50 -350.50
v 1257.50 36.50 -353.50
v 1263.50 36.50 -353.50
v 472.50 35.50 -744.50
v 479.50 35.50 -744.50
v 472.50 35.50 -747.50
v 479.50 35.50 -747.50
v 472.50 36.50 -744.50
v 479.50 36.50 -744.50
v 472.50 36.50 -747.50
v 479.50 36.50 -747.50
v 476.50 35.50 -744.50
v 479.50 35.50 -744.50
v 476.50 35.50 -839.50
v 479.50 35.50 -839.50
v 476.50 36.50 -744.50
v 479.50 36.50 -744.50
v 476.50 36.50 -839.50
v 479.50 36.50 -839.50
v 476.50 35.50 -836.50
v 1119.50 35.50 -836.50
v 476.50 35.50 -839.50
v 1119.50 35.50 -839.50
v 476.50 36.50 -836.50
v 1119.50 36.50 -836.50
v 476.50 36.50 -839.50
v 1119.50 36.50 -839.50
v 1116.50 35.50 -570.50
v 1119.50 35.50 -570.50
v 1116.50 35.50 -839.50
v 1119.50 35.50 -839.50
v 1116.50 36.50 -570.50
v 1119.50 36.50 -570.50
v 1116.50 36.50 -839.50
v 1119.50 36.50 -839.50
v 1283.50 35.50 -350.50
v 1289.50 35.50 -350.50
v 1283.50 35.50 -353.50
v 1289.50 35.50 -353.50
v 1283.50 36.50 -350.50
v 1289.50 36.50 -350.50
v 1283.50 36.50 -353.50
v 1289.50 36.50 -353.50
v 472.50 35.50 -744.50
v 479.50 35.50 -744.50
v 472.50 35.50 -747.50
v 479.50 35.50 -747.50
v 472.50 36.50 -744.50
v 479.50 36.50 -744.50
v 472.50 36.50 -747.50
v 479.50 36.50 -747.50
v 476.50 35.50 -744.50
v 479.50 35.50 -744.50
v 476.50 35.50 -839.50
v 479.50 35.50 -839.50
v 476.50 36.50 -744.50
v 479.50 36.50 -744.50
v 476.50 36.50 -839.50
v 479.50 36.50 -839.50
v 476.50 35.50 -836.50
v 1201.50 35.50 -836.50
v 476.50 35.50 -839.50
v 1201.50 35.50 -839.50
v 476.50 36.50 -836.50
v 1201.50 36.50 -836.50
v 476.50 36.50 -839.50
v 1201.50 36.50 -839.50
v 1198.50 35.50 -825.50
v 1201.50 35.50 -825.50
v 1198.50 35.50 -839.50
v 1201.50 35.50 -839.50
v 1198.50 36.50 -825.50
v 1201.50 36.50 -825.50
v 1198.50 36.50 -839.50
v 1201.50 36.50 -839.50
v 472.50 35.50 -744.50
v 479.50 35.50 -744.50
v 472.50 35.50 -747.50
v 479.50 35.50 -747.50
v 472.50 36.50 -744.50
v 479.50 36.50 -744.50
v 472.50 36.50 -747.50
v 479.50 36.50 -747.50
v 476.50 35.50 -744.50
v 479.50 35.50 -744.50
v 476.50 35.50 -839.50
v 479.50 35.50 -839.50
v 476.50 36.50 -744.50
v 479.50 36.50 -744.50
v 476.50 36.50 -839.50
v 479.50 36.50 -839.50
v 476.50 35.50 -836.50
v 1299.50 35.50 -836.50
v 476.50 35.50 -839.50
v 1299.50 35.50 -839.50
v 476.50 36.50 -836.50
v 1299.50 36.50 -836.50
v 476.50 36.50 -839.50
v 1299.50 36.50 -839.50
v 1296.50 35.50 -825.50
v 1299.50 35.50 -825.50
v 1296.50 35.50 -839.50
v 1299.50 35.50 -839.50
v 1296.50 36.50 -825.50
v 1299.50 36.50 -825.50
v 1296.50 36.50 -839.50
v 1299.50 36.50 -839.50
v 473.00 29.60 -649.00
v 561.00 29.60 -649.00
v 473.00 29.60 -651.00
v 561.00 29.60 -651.00
v 473.00 30.40 -649.00
v 561.00 30.40 -649.00
v 473.00 30.40 -651.00
v 561.00 30.40 -651.00
v 559.00 29.60 -547.00
v 561.00 29.60 -547.00
v 559.00 29.60 -651.00
v 561.00 29.60 -651.00
v 559.00 30.40 -547.00
v 561.00 30.40 -547.00
v 559.00 30.40 -651.00
v 561.00 30.40 -651.00
v 559.00 29.60 -547.00
v 683.00 29.60 -547.00
v 559.00 29.60 -549.00
v 683.00 29.60 -549.00
v 559.00 30.40 -547.00
v 683.00 30.40 -547.00
v 559.00 30.40 -549.00
v 683.00 30.40 -549.00
v 681.00 29.60 -486.00
v 683.00 29.60 -486.00
v 681.00 29.60 -549.00
v 683.00 29.60 -549.00
v 681.00 30.40 -486.00
v 683.00 30.40 -486.00
v 681.00 30.40 -549.00
v 683.00 30.40 -549.00
v 677.00 29.60 -486.00
v 683.00 29.60 -486.00
v 677.00 29.60 -488.00
v 683.00 29.60 -488.00
v 677.00 30.40 -486.00
v 683.00 30.40 -486.00
v 677.00 30.40 -488.00
v 683.00 30.40 -488.00
v 579.00 29.60 -651.00
v 581.00 29.60 -651.00
v 579.00 29.60 -839.00
v 581.00 29.60 -839.00
v 579.00 30.40 -651.00
v 581.00 30.40 -651.00
v 579.00 30.40 -839.00
v 581.00 30.40 -839.00
v 579.00 29.60 -837.00
v 673.00 29.60 -837.00
v 579.00 29.60 -839.00
v 673.00 29.60 -839.00
v 579.00 30.40 -837.00
v 673.00 30.40 -837.00
v 579.00 30.40 -839.00
v 673.00 30.40 -839.00
v 671.00 29.60 -714.00
v 673.00 29.60 -714.00
v 671.00 29.60 -839.00
v 673.00 29.60 -839.00
v 671.00 30.40 -714.00
v 673.00 30.40 -714.00
v 671.00 30.40 -839.00
v 673.00 30.40 -839.00
v 671.00 29.60 -714.00
v 676.00 29.60 -714.00
v 671.00 29.60 -716.00
v 676.00 29.60 -716.00
v 671.00 30.40 -714.00
v 676.00 30.40 -714.00
v 671.00 30.40 -716.00
v 676.00 30.40 -716.00
v 473.00 29.60 -649.00
v 561.00 29.60 -649.00
v 473.00 29.60 -651.00
v 561.00 29.60 -651.00
v 473.00 30.40 -649.00
v 561.00 30.40 -649.00
v 473.00 30.40 -651.00
v 561.00 30.40 -651.00
v 559.00 29.60 -547.00
v 561.00 29.60 -547.00
v 559.00 29.60 -651.00
v 561.00 29.60 -651.00
v 559.00 30.40 -547.00
v 561.00 30.40 -547.00
v 559.00 30.40 -651.00
v 561.00 30.40 -651.00
v 559.00 29.60 -547.00
v 843.00 29.60 -547.00
v 559.00 29.60 -549.00
v 843.00 29.60 -549.00
v 559.00 30.40 -547.00
v 843.00 30.40 -547.00
v 559.00 30.40 -549.00
v 843.00 30.40 -549.00
v 841.00 29.60 -486.00
v 843.00 29.60 -486.00
v 841.00 29.60 -549.00
v 843.00 29.60 -549.00
v 841.00 30.40 -486.00
v 843.00 30.40 -486.00
v 841.00 30.40 -549.00
v 843.00 30.40 -549.00
v 837.00 29.60 -486.00
v 843.00 29.60 -486.00
v 837.00 29.60 -488.00
v 843.00 29.60 -488.00
v 837.00 30.40 -486.00
v 843.00 30.40 -486.00
v 837.00 30.40 -488.00
v 843.00 30.40 -488.00
v 739.00 29.60 -651.00
v 741.00 29.60 -651.00
v 739.00 29.60 -839.00
v 741.00 29.60 -839.00
v 739.00 30.40 -651.00
v 741.00 30.40 -651.00
v 739.00 30.40 -839.00
v 741.00 30.40 -839.00
v 739.00 29.60 -837.00
v 833.00 29.60 -837.00
v 739.00 29.60 -839.00
v 833.00 29.60 -839.00
v 739.00 30.40 -837.00
v 833.00 30.40 -837.00
v 739.00 30.40 -839.00
v 833.00 30.40 -839.00
v 831.00 29.60 -714.00
v 833.00 29.60 -714.00
v 831.00 29.60 -839.00
v 833.00 29.60 -839.00
v 831.00 30.40 -714.00
v 833.00 30.40 -714.00
v 831.00 30.40 -839.00
v 833.00 30.40 -839.00
v 831.00 29.60 -714.00
v 836.00 29.60 -714.00
v 831.00 29.60 -716.00
v 836.00 29.60 -716.00
v 831.00 30.40 -714.00
v 836.00 30.40 -714.00
v 831.00 30.40 -716.00
v 836.00 30.40 -716.00
v 473.00 29.60 -649.00
v 561.00 29.60 -649.00
v 473.00 29.60 -651.00
v 561.00 29.60 -651.00
v 473.00 30.40 -649.00
v 561.00 30.40 -649.00
v 473.00 30.40 -651.00
v 561.00 30.40 -651.00
v 559.00 29.60 -547.00
v 561.00 29.60 -547.00
v 559.00 29.60 -651.00
v 561.00 29.60 -651.00
v 559.00 30.40 -547.00
v 561.00 30.40 -547.00
v 559.00 30.40 -651.00
v 561.00 30.40 -651.00
v 559.00 29.60 -547.00
v 1003.00 29.60 -547.00
v 559.00 29.60 -549.00
v 1003.00 29.60 -549.00
v 559.00 30.40 -547.00
v 1003.00 30.40 -547.00
v 559.00 30.40 -549.00
v 1003.00 30.40 -549.00
v 1001.00 29.60 -486.00
v 1003.00 29.60 -486.00
v 1001.00 29.60 -549.00
v 1003.00 29.60 -549.00
v 1001.00 30.40 -486.00
v 1003.00 30.40 -486.00
v 1001.00 30.40 -549.00
v 1003.00 30.40 -549.00
v 997.00 29.60 -486.00
v 1003.00 29.60 -486.00
v 997.00 29.60 -488.00
v 1003.00 29.60 -488.00
v 997.00 30.40 -486.00
v 1003.00 30.40 -486.00
v 997.00 30.40 -488.00
v 1003.00 30.40 -488.00
v 899.00 29.60 -651.00
v 901.00 29.60 -651.00
v 899.00 29.60 -839.00
v 901.00 29.60 -839.00
v 899.00 30.40 -651.00
v 901.00 30.40 -651.00
v 899.00 30.40 -839.00
v 901.00 30.40 -839.00
v 899.00 29.60 -837.00
v 993.00 29.60 -837.00
v 899.00 29.60 -839.00
v 993.00 29.60 -839.00
v 899.00 30.40 -837.00
v 993.00 30.40 -837.00
v 899.00 30.40 -839.00
v 993.00 30.40 -839.00
v 991.00 29.60 -714.00
v 993.00 29.60 -714.00
v 991.00 29.60 -839.00
v 993.00 29.60 -839.00
v 991.00 30.40 -714.00
v 993.00 30.40 -714.00
v 991.00 30.40 -839.00
v 993.00 30.40 -839.00
v 991.00 29.60 -714.00
v 996.00 29.60 -714.00
v 991.00 29.60 -716.00
v 996.00 29.60 -716.00
v 991.00 30.40 -714.00
v 996.00 30.40 -714.00
v 991.00 30.40 -716.00
v 996.00 30.40 -716.00
v 1194.00 29.60 -367.00
v 1196.00 29.60 -367.00
v 1194.00 29.60 -376.00
v 1196.00 29.60 -376.00
v 1194.00 30.40 -367.00
v 1196.00 30.40 -367.00
v 1194.00 30.40 -376.00
v 1196.00 30.40 -376.00
v 1149.00 29.60 -374.00
v 1196.00 29.60 -374.00
v 1149.00 29.60 -376.00
v 1196.00 29.60 -376.00
v 1149.00 30.40 -374.00
v 1196.00 30.40 -374.00
v 1149.00 30.40 -376.00
v 1196.00 30.40 -376.00
v 1149.00 29.60 -374.00
v 1151.00 29.60 -374.00
v 1149.00 29.60 -581.00
v 1151.00 29.60 -581.00
v 1149.00 30.40 -374.00
v 1151.00 30.40 -374.00
v 1149.00 30.40 -581.00
v 1151.00 30.40 -581.00
v 1149.00 29.60 -579.00
v 1441.00 29.60 -579.00
v 1149.00 29.60 -581.00
v 1441.00 29.60 -581.00
v 1149.00 30.40 -579.00
v 1441.00 30.40 -579.00
v 1149.00 30.40 -581.00
v 1441.00 30.40 -581.00
v 1199.00 29.60 -367.00
v 1201.00 29.60 -367.00
v 1199.00 29.60 -376.00
v 1201.00 29.60 -376.00
v 1199.00 30.40 -367.00
v 1201.00 30.40 -367.00
v 1199.00 30.40 -376.00
v 1201.00 30.40 -376.00
v 1139.00 29.60 -374.00
v 1201.00 29.60 -374.00
v 1139.00 29.60 -376.00
v 1201.00 29.60 -376.00
v 1139.00 30.40 -374.00
v 1201.00 30.40 -374.00
v 1139.00 30.40 -376.00
v 1201.00 30.40 -376.00
v 1139.00 29.60 -374.00
v 1141.00 29.60 -374.00
v 1139.00 29.60 -786.00
v 1141.00 29.60 -786.00
v 1139.00 30.40 -374.00
v 1141.00 30.40 -374.00
v 1139.00 30.40 -786.00
v 1141.00 30.40 -786.00
v 1139.00 29.60 -784.00
v 1251.00 29.60 -784.00
v 1139.00 29.60 -786.00
v 1251.00 29.60 -786.00
v 1139.00 30.40 -784.00
v 1251.00 30.40 -784.00
v 1139.00 30.40 -786.00
v 1251.00 30.40 -786.00
v 1249.00 29.60 -784.00
v 1251.00 29.60 -784.00
v 1249.00 29.60 -798.00
v 1251.00 29.60 -798.00
v 1249.00 30.40 -784.00
v 1251.00 30.40 -784.00
v 1249.00 30.40 -798.00
v 1251.00 30.40 -798.00
v 1067.00 29.60 -559.00
v 1069.00 29.60 -559.00
v 1067.00 29.60 -573.00
v 1069.00 29.60 -573.00
v 1067.00 30.40 -559.00
v 1069.00 30.40 -559.00
v 1067.00 30.40 -573.00
v 1069.00 30.40 -573.00
v 1067.00 29.60 -559.00
v 1091.00 29.60 -559.00
v 1067.00 29.60 -561.00
v 1091.00 29.60 -561.00
v 1067.00 30.40 -559.00
v 1091.00 30.40 -559.00
v 1067.00 30.40 -561.00
v 1091.00 30.40 -561.00
v 1089.00 29.60 -504.00
v 1091.00 29.60 -504.00
v 1089.00 29.60 -561.00
v 1091.00 29.60 -561.00
v 1089.00 30.40 -504.00
v 1091.00 30.40 -504.00
v 1089.00 30.40 -561.00
v 1091.00 30.40 -561.00
v 1089.00 29.60 -611.00
v 1091.00 29.60 -611.00
v 1089.00 29.60 -701.00
v 1091.00 29.60 -701.00
v 1089.00 30.40 -611.00
v 1091.00 30.40 -611.00
v 1089.00 30.40 -701.00
v 1091.00 30.40 -701.00
v 473.00 29.60 -745.00
v 479.00 29.60 -745.00
v 473.00 29.60 -747.00
v 479.00 29.60 -747.00
v 473.00 30.40 -745.00
v 479.00 30.40 -745.00
v 473.00 30.40 -747.00
v 479.00 30.40 -747.00
v 477.00 29.60 -745.00
v 479.00 29.60 -745.00
v 477.00 29.60 -839.00
v 479.00 29.60 -839.00
v 477.00 30.40 -745.00
v 479.00 30.40 -745.00
v 477.00 30.40 -839.00
v 479.00 30.40 -839.00
v 477.00 29.60 -837.00
v 1301.00 29.60 -837.00
v 477.00 29.60 -839.00
v 1301.00 29.60 -839.00
v 477.00 30.40 -837.00
v 1301.00 30.40 -837.00
v 477.00 30.40 -839.00
v 1301.00 30.40 -839.00
v 1299.00 29.60 -837.00
v 1301.00 29.60 -837.00
v 1299.00 29.60 -847.00
v 1301.00 29.60 -847.00
v 1299.00 30.40 -837.00
v 1301.00 30.40 -837.00
v 1299.00 30.40 -847.00
v 1301.00 30.40 -847.00
v 1299.00 29.60 -845.00
v 1301.00 29.60 -845.00
v 1299.00 29.60 -873.00
v 1301.00 29.60 -873.00
v 1299.00 30.40 -845.00
v 1301.00 30.40 -845.00
v 1299.00 30.40 -873.00
v 1301.00 30.40 -873.00
v 1499.00 29.60 -1445.00
v 1566.00 29.60 -1445.00
v 1499.00 29.60 -1447.00
v 1566.00 29.60 -1447.00
v 1499.00 30.40 -1445.00
v 1566.00 30.40 -1445.00
v 1499.00 30.40 -1447.00
v 1566.00 30.40 -1447.00
v 473.00 29.60 -659.00
v 561.00 29.60 -659.00
v 473.00 29.60 -661.00
v 561.00 29.60 -661.00
v 473.00 30.40 -659.00
v 561.00 30.40 -659.00
v 473.00 30.40 -661.00
v 561.00 30.40 -661.00
v 559.00 29.60 -543.00
v 561.00 29.60 -543.00
v 559.00 29.60 -661.00
v 561.00 29.60 -661.00
v 559.00 30.40 -543.00
v 561.00 30.40 -543.00
v 559.00 30.40 -661.00
v 561.00 30.40 -661.00
v 559.00 29.60 -543.00
v 1011.00 29.60 -543.00
v 559.00 29.60 -545.00
v 1011.00 29.60 -545.00
v 559.00 30.40 -543.00
v 1011.00 30.40 -543.00
v 559.00 30.40 -545.00
v 1011.00 30.40 -545.00
v 1009.00 29.60 -543.00
v 1011.00 29.60 -543.00
v 1009.00 29.60 -557.00
v 1011.00 29.60 -557.00
v 1009.00 30.40 -543.00
v 1011.00 30.40 -543.00
v 1009.00 30.40 -557.00
v 1011.00 30.40 -557.00
v 1009.00 29.60 -555.00
v 1086.00 29.60 -555.00
v 1009.00 29.60 -557.00
v 1086.00 29.60 -557.00
v 1009.00 30.40 -555.00
v 1086.00 30.40 -555.00
v 1009.00 30.40 -557.00
v 1086.00 30.40 -557.00
v 1084.00 29.60 -504.00
v 1086.00 29.60 -504.00
v 1084.00 29.60 -557.00
v 1086.00 29.60 -557.00
v 1084.00 30.40 -504.00
v 1086.00 30.40 -504.00
v 1084.00 30.40 -557.00
v 1086.00 30.40 -557.00
v 473.00 29.60 -745.00
v 479.00 29.60 -745.00
v 473.00 29.60 -747.00
v 479.00 29.60 -747.00
v 473.00 30.40 -745.00
v 479.00 30.40 -745.00
v 473.00 30.40 -747.00
v 479.00 30.40 -747.00
v 477.00 29.60 -745.00
v 479.00 29.60 -745.00
v 477.00 29.60 -839.00
v 479.00 29.60 -839.00
v 477.00 30.40 -745.00
v 479.00 30.40 -745.00
v 477.00 30.40 -839.00
v 479.00 30.40 -839.00
v 477.00 29.60 -837.00
v 573.00 29.60 -837.00
v 477.00 29.60 -839.00
v 573.00 29.60 -839.00
v 477.00 30.40 -837.00
v 573.00 30.40 -837.00
v 477.00 30.40 -839.00
v 573.00 30.40 -839.00
v 571.00 29.60 -837.00
v 573.00 29.60 -837.00
v 571.00 29.60 -853.00
v 573.00 29.60 -853.00
v 571.00 30.40 -837.00
v 573.00 30.40 -837.00
v 571.00 30.40 -853.00
v 573.00 30.40 -853.00
v 1584.00 29.60 -1445.00
v 1601.00 29.60 -1445.00
v 1584.00 29.60 -1447.00
v 1601.00 29.60 -1447.00
v 1584.00 30.40 -1445.00
v 1601.00 30.40 -1445.00
v 1584.00 30.40 -1447.00
v 1601.00 30.40 -1447.00
v 261.00 29.60 -395.00
v 263.00 29.60 -395.00
v 261.00 29.60 -446.00
v 263.00 29.60 -446.00
v 261.00 30.40 -395.00
v 263.00 30.40 -395.00
v 261.00 30.40 -446.00
v 263.00 30.40 -446.00
v 1755.00 29.60 -1731.00
v 1766.00 29.60 -1731.00
v 1755.00 29.60 -1733.00
v 1766.00 29.60 -1733.00
v 1755.00 30.40 -1731.00
v 1766.00 30.40 -1731.00
v 1755.00 30.40 -1733.00
v 1766.00 30.40 -1733.00
v 1747.00 29.60 -1739.00
v 1749.00 29.60 -1739.00
v 1747.00 29.60 -1801.00
v 1749.00 29.60 -1801.00
v 1747.00 30.40 -1739.00
v 1749.00 30.40 -1739.00
v 1747.00 30.40 -1801.00
v 1749.00 30.40 -1801.00
v 1704.00 29.60 -1799.00
v 1749.00 29.60 -1799.00
v 1704.00 29.60 -1801.00
v 1749.00 29.60 -1801.00
v 1704.00 30.40 -1799.00
v 1749.00 30.40 -1799.00
v 1704.00 30.40 -1801.00
v 1749.00 30.40 -1801.00
v 1704.00 29.60 -1799.00
v 1706.00 29.60 -1799.00
v 1704.00 29.60 -1821.00
v 1706.00 29.60 -1821.00
v 1704.00 30.40 -1799.00
v 1706.00 30.40 -1799.00
v 1704.00 30.40 -1821.00
v 1706.00 30.40 -1821.00
v 1644.00 29.60 -1744.00
v 1646.00 29.60 -1744.00
v 1644.00 29.60 -1771.00
v 1646.00 29.60 -1771.00
v 1644.00 30.40 -1744.00
v 1646.00 30.40 -1744.00
v 1644.00 30.40 -1771.00
v 1646.00 30.40 -1771.00
v 1627.00 29.60 -1744.00
v 1646.00 29.60 -1744.00
v 1627.00 29.60 -1746.00
v 1646.00 29.60 -1746.00
v 1627.00 30.40 -1744.00
v 1646.00 30.40 -1744.00
v 1627.00 30.40 -1746.00
v 1646.00 30.40 -1746.00
v 1627.00 29.60 -1737.00
v 1629.00 29.60 -1737.00
v 1627.00 29.60 -1746.00
v 1629.00 29.60 -1746.00
v 1627.00 30.40 -1737.00
v 1629.00 30.40 -1737.00
v 1627.00 30.40 -1746.00
v 1629.00 30.40 -1746.00
v 473.25 41.70 -735.25
v 478.75 41.70 -735.25
v 473.25 41.70 -736.75
v 478.75 41.70 -736.75
v 473.25 42.30 -735.25
v 478.75 42.30 -735.25
v 473.25 42.30 -736.75
v 478.75 42.30 -736.75
v 477.25 41.70 -735.25
v 478.75 41.70 -735.25
v 477.25 41.70 -842.75
v 478.75 41.70 -842.75
v 477.25 42.30 -735.25
v 478.75 42.30 -735.25
v 477.25 42.30 -842.75
v 478.75 42.30 -842.75
v 477.25 41.70 -841.25
v 1122.75 41.70 -841.25
v 477.25 41.70 -842.75
v 1122.75 41.70 -842.75
v 477.25 42.30 -841.25
v 1122.75 42.30 -841.25
v 477.25 42.30 -842.75
v 1122.75 42.30 -842.75
v 1121.25 41.70 -599.25
v 1122.75 41.70 -599.25
v 1121.25 41.70 -842.75
v 1122.75 41.70 -842.75
v 1121.25 42.30 -599.25
v 1122.75 42.30 -599.25
v 1121.25 42.30 -842.75
v 1122.75 42.30 -842.75
v 1099.25 41.70 -599.25
v 1122.75 41.70 -599.25
v 1099.25 41.70 -600.75
v 1122.75 41.70 -600.75
v 1099.25 42.30 -599.25
v 1122.75 42.30 -599.25
v 1099.25 42.30 -600.75
v 1122.75 42.30 -600.75
v 1078.50 24.50 -498.50
v 1141.50 24.50 -498.50
v 1078.50 24.50 -501.50
v 1141.50 24.50 -501.50
v 1078.50 27.50 -498.50
v 1141.50 27.50 -498.50
v 1078.50 27.50 -501.50
v 1141.50 27.50 -501.50
v 1138.50 24.50 -498.50
v 1141.50 24.50 -498.50
v 1138.50 24.50 -761.50
v 1141.50 24.50 -761.50
v 1138.50 27.50 -498.50
v 1141.50 27.50 -498.50
v 1138.50 27.50 -761.50
v 1141.50 27.50 -761.50
v 1138.50 24.50 -758.50
v 1441.50 24.50 -758.50
v 1138.50 24.50 -761.50
v 1441.50 24.50 -761.50
v 1138.50 27.50 -758.50
v 1441.50 27.50 -758.50
v 1138.50 27.50 -761.50
v 1441.50 27.50 -761.50
v 1049.00 0.00 -999.00
v 1061.00 0.00 -999.00
v 1049.00 0.00 -1001.00
v 1061.00 0.00 -1001.00
v 1049.00 0.40 -999.00
v 1061.00 0.40 -999.00
v 1049.00 0.40 -1001.00
v 1061.00 0.40 -1001.00
v 1049.00 0.00 -974.00
v 1051.00 0.00 -974.00
v 1049.00 0.00 -1001.00
v 1051.00 0.00 -1001.00
v 1049.00 0.40 -974.00
v 1051.00 0.40 -974.00
v 1049.00 0.40 -1001.00
v 1051.00 0.40 -1001.00
v 634.00 0.00 -974.00
v 1051.00 0.00 -974.00
v 634.00 0.00 -976.00
v 1051.00 0.00 -976.00
v 634.00 0.40 -974.00
v 1051.00 0.40 -974.00
v 634.00 0.40 -976.00
v 1051.00 0.40 -976.00
v 634.00 0.00 -974.00
v 636.00 0.00 -974.00
v 634.00 0.00 -986.00
v 636.00 0.00 -986.00
v 634.00 0.40 -974.00
v 636.00 0.40 -974.00
v 634.00 0.40 -986.00
v 636.00 0.40 -986.00
v 1049.00 0.00 -999.00
v 1061.00 0.00 -999.00
v 1049.00 0.00 -1001.00
v 1061.00 0.00 -1001.00
v 1049.00 0.40 -999.00
v 1061.00 0.40 -999.00
v 1049.00 0.40 -1001.00
v 1061.00 0.40 -1001.00
v 1049.00 0.00 -974.00
v 1051.00 0.00 -974.00
v 1049.00 0.00 -1001.00
v 1051.00 0.00 -1001.00
v 1049.00 0.40 -974.00
v 1051.00 0.40 -974.00
v 1049.00 0.40 -1001.00
v 1051.00 0.40 -1001.00
v 794.00 0.00 -974.00
v 1051.00 0.00 -974.00
v 794.00 0.00 -976.00
v 1051.00 0.00 -976.00
v 794.00 0.40 -974.00
v 1051.00 0.40 -974.00
v 794.00 0.40 -976.00
v 1051.00 0.40 -976.00
v 794.00 0.00 -974.00
v 796.00 0.00 -974.00
v 794.00 0.00 -986.00
v 796.00 0.00 -986.00
v 794.00 0.40 -974.00
v 796.00 0.40 -974.00
v 794.00 0.40 -986.00
v 796.00 0.40 -986.00
v 1049.00 0.00 -999.00
v 1061.00 0.00 -999.00
v 1049.00 0.00 -1001.00
v 1061.00 0.00 -1001.00
v 1049.00 0.40 -999.00
v 1061.00 0.40 -999.00
v 1049.00 0.40 -1001.00
v 1061.00 0.40 -1001.00
v 1049.00 0.00 -974.00
v 1051.00 0.00 -974.00
v 1049.00 0.00 -1001.00
v 1051.00 0.00 -1001.00
v 1049.00 0.40 -974.00
v 1051.00 0.40 -974.00
v 1049.00 0.40 -1001.00
v 1051.00 0.40 -1001.00
v 954.00 0.00 -974.00
v 1051.00 0.00 -974.00
v 954.00 0.00 -976.00
v 1051.00 0.00 -976.00
v 954.00 0.40 -974.00
v 1051.00 0.40 -974.00
v 954.00 0.40 -976.00
v 1051.00 0.40 -976.00
v 954.00 0.00 -974.00
v 956.00 0.00 -974.00
v 954.00 0.00 -986.00
v 956.00 0.00 -986.00
v 954.00 0.40 -974.00
v 956.00 0.40 -974.00
v 954.00 0.40 -986.00
v 956.00 0.40 -986.00
v 1689.00 0.00 -959.00
v 1691.00 0.00 -959.00
v 1689.00 0.00 -1041.00
v 1691.00 0.00 -1041.00
v 1689.00 0.40 -959.00
v 1691.00 0.40 -959.00
v 1689.00 0.40 -1041.00
v 1691.00 0.40 -1041.00
v 1689.00 0.00 -959.00
v 1966.00 0.00 -959.00
v 1689.00 0.00 -961.00
v 1966.00 0.00 -961.00
v 1689.00 0.40 -959.00
v 1966.00 0.40 -959.00
v 1689.00 0.40 -961.00
v 1966.00 0.40 -961.00
v 1964.00 0.00 -899.00
v 1966.00 0.00 -899.00
v 1964.00 0.00 -961.00
v 1966.00 0.00 -961.00
v 1964.00 0.40 -899.00
v 1966.00 0.40 -899.00
v 1964.00 0.40 -961.00
v 1966.00 0.40 -961.00
v 1899.00 0.00 -1251.00
v 1911.00 0.00 -1251.00
v 1899.00 0.00 -1253.00
v 1911.00 0.00 -1253.00
v 1899.00 0.40 -1251.00
v 1911.00 0.40 -1251.00
v 1899.00 0.40 -1253.00
v 1911.00 0.40 -1253.00
v 1899.00 0.00 -959.00
v 1901.00 0.00 -959.00
v 1899.00 0.00 -1253.00
v 1901.00 0.00 -1253.00
v 1899.00 0.40 -959.00
v 1901.00 0.40 -959.00
v 1899.00 0.40 -1253.00
v 1901.00 0.40 -1253.00
v 1899.00 0.00 -959.00
v 1936.00 0.00 -959.00
v 1899.00 0.00 -961.00
v 1936.00 0.00 -961.00
v 1899.00 0.40 -959.00
v 1936.00 0.40 -959.00
v 1899.00 0.40 -961.00
v 1936.00 0.40 -961.00
v 1934.00 0.00 -899.00
v 1936.00 0.00 -899.00
v 1934.00 0.00 -961.00
v 1936.00 0.00 -961.00
v 1934.00 0.40 -899.00
v 1936.00 0.40 -899.00
v 1934.00 0.40 -961.00
v 1936.00 0.40 -961.00
v 1999.00 0.00 -1062.00
v 2001.00 0.00 -1062.00
v 1999.00 0.00 -1071.00
v 2001.00 0.00 -1071.00
v 1999.00 0.40 -1062.00
v 2001.00 0.40 -1062.00
v 1999.00 0.40 -1071.00
v 2001.00 0.40 -1071.00
v 1999.00 0.00 -1062.00
v 2067.00 0.00 -1062.00
v 1999.00 0.00 -1064.00
v 2067.00 0.00 -1064.00
v 1999.00 0.40 -1062.00
v 2067.00 0.40 -1062.00
v 1999.00 0.40 -1064.00
v 2067.00 0.40 -1064.00
v 2065.00 0.00 -1062.00
v 2067.00 0.00 -1062.00
v 2065.00 0.00 -1073.00
v 2067.00 0.00 -1073.00
v 2065.00 0.40 -1062.00
v 2067.00 0.40 -1062.00
v 2065.00 0.40 -1073.00
v 2067.00 0.40 -1073.00
v 2081.00 0.00 -999.00
v 2083.00 0.00 -999.00
v 2081.00 0.00 -1077.00
v 2083.00 0.00 -1077.00
v 2081.00 0.40 -999.00
v 2083.00 0.40 -999.00
v 2081.00 0.40 -1077.00
v 2083.00 0.40 -1077.00
v 2081.00 0.00 -999.00
v 2226.00 0.00 -999.00
v 2081.00 0.00 -1001.00
v 2226.00 0.00 -1001.00
v 2081.00 0.40 -999.00
v 2226.00 0.40 -999.00
v 2081.00 0.40 -1001.00
v 2226.00 0.40 -1001.00
v 2224.00 0.00 -981.00
v 2226.00 0.00 -981.00
v 2224.00 0.00 -1001.00
v 2226.00 0.00 -1001.00
v 2224.00 0.40 -981.00
v 2226.00 0.40 -981.00
v 2224.00 0.40 -1001.00
v 2226.00 0.40 -1001.00
v 2308.00 0.00 -1004.00
v 2310.00 0.00 -1004.00
v 2308.00 0.00 -1077.00
v 2310.00 0.00 -1077.00
v 2308.00 0.40 -1004.00
v 2310.00 0.40 -1004.00
v 2308.00 0.40 -1077.00
v 2310.00 0.40 -1077.00
v 2239.00 0.00 -1004.00
v 2310.00 0.00 -1004.00
v 2239.00 0.00 -1006.00
v 2310.00 0.00 -1006.00
v 2239.00 0.40 -1004.00
v 2310.00 0.40 -1004.00
v 2239.00 0.40 -1006.00
v 2310.00 0.40 -1006.00
v 2239.00 0.00 -981.00
v 2241.00 0.00 -981.00
v 2239.00 0.00 -1006.00
v 2241.00 0.00 -1006.00
v 2239.00 0.40 -981.00
v 2241.00 0.40 -981.00
v 2239.00 0.40 -1006.00
v 2241.00 0.40 -1006.00
v 2260.00 0.00 -939.00
v 2262.00 0.00 -939.00
v 2260.00 0.00 -971.00
v 2262.00 0.00 -971.00
v 2260.00 0.40 -939.00
v 2262.00 0.40 -939.00
v 2260.00 0.40 -971.00
v 2262.00 0.40 -971.00
v 1984.00 0.00 -939.00
v 2262.00 0.00 -939.00
v 1984.00 0.00 -941.00
v 2262.00 0.00 -941.00
v 1984.00 0.40 -939.00
v 2262.00 0.40 -939.00
v 1984.00 0.40 -941.00
v 2262.00 0.40 -941.00
v 1984.00 0.00 -899.00
v 1986.00 0.00 -899.00
v 1984.00 0.00 -941.00
v 1986.00 0.00 -941.00
v 1984.00 0.40 -899.00
v 1986.00 0.40 -899.00
v 1984.00 0.40 -941.00
v 1986.00 0.40 -941.00
v 2258.00 0.00 -464.00
v 2260.00 0.00 -464.00
v 2258.00 0.00 -573.00
v 2260.00 0.00 -573.00
v 2258.00 0.40 -464.00
v 2260.00 0.40 -464.00
v 2258.00 0.40 -573.00
v 2260.00 0.40 -573.00
v 2184.00 0.00 -464.00
v 2260.00 0.00 -464.00
v 2184.00 0.00 -466.00
v 2260.00 0.00 -466.00
v 2184.00 0.40 -464.00
v 2260.00 0.40 -464.00
v 2184.00 0.40 -466.00
v 2260.00 0.40 -466.00
v 2184.00 0.00 -439.00
v 2186.00 0.00 -439.00
v 2184.00 0.00 -466.00
v 2186.00 0.00 -466.00
v 2184.00 0.40 -439.00
v 2186.00 0.40 -439.00
v 2184.00 0.40 -466.00
v 2186.00 0.40 -466.00
v 2045.00 0.00 -464.00
v 2141.00 0.00 -464.00
v 2045.00 0.00 -466.00
v 2141.00 0.00 -466.00
v 2045.00 0.40 -464.00
v 2141.00 0.40 -464.00
v 2045.00 0.40 -466.00
v 2141.00 0.40 -466.00
v 2139.00 0.00 -435.00
v 2141.00 0.00 -435.00
v 2139.00 0.00 -466.00
v 2141.00 0.00 -466.00
v 2139.00 0.40 -435.00
v 2141.00 0.40 -435.00
v 2139.00 0.40 -466.00
v 2141.00 0.40 -466.00
v 2139.00 0.00 -435.00
v 2161.00 0.00 -435.00
v 2139.00 0.00 -437.00
v 2161.00 0.00 -437.00
v 2139.00 0.40 -435.00
v 2161.00 0.40 -435.00
v 2139.00 0.40 -437.00
v 2161.00 0.40 -437.00
v 2035.00 0.00 -423.00
v 2141.00 0.00 -423.00
v 2035.00 0.00 -425.00
v 2141.00 0.00 -425.00
v 2035.00 0.40 -423.00
v 2141.00 0.40 -423.00
v 2035.00 0.40 -425.00
v 2141.00 0.40 -425.00
v 2139.00 0.00 -423.00
v 2141.00 0.00 -423.00
v 2139.00 0.00 -433.00
v 2141.00 0.00 -433.00
v 2139.00 0.40 -423.00
v 2141.00 0.40 -423.00
v 2139.00 0.40 -433.00
v 2141.00 0.40 -433.00
v 2139.00 0.00 -431.00
v 2161.00 0.00 -431.00
v 2139.00 0.00 -433.00
v 2161.00 0.00 -433.00
v 2139.00 0.40 -431.00
v 2161.00 0.40 -431.00
v 2139.00 0.40 -433.00
v 2161.00 0.40 -433.00
v 2220.00 0.00 -440.00
v 2222.00 0.00 -440.00
v 2220.00 0.00 -461.00
v 2222.00 0.00 -461.00
v 2220.00 0.40 -440.00
v 2222.00 0.40 -440.00
v 2220.00 0.40 -461.00
v 2222.00 0.40 -461.00
v 2194.00 0.00 -459.00
v 2222.00 0.00 -459.00
v 2194.00 0.00 -461.00
v 2222.00 0.00 -461.00
v 2194.00 0.40 -459.00
v 2222.00 0.40 -459.00
v 2194.00 0.40 -461.00
v 2222.00 0.40 -461.00
v 2194.00 0.00 -459.00
v 2196.00 0.00 -459.00
v 2194.00 0.00 -471.00
v 2196.00 0.00 -471.00
v 2194.00 0.40 -459.00
v 2196.00 0.40 -459.00
v 2194.00 0.40 -471.00
v 2196.00 0.40 -471.00
v 2299.00 0.00 -1449.00
v 2331.00 0.00 -1449.00
v 2299.00 0.00 -1451.00
v 2331.00 0.00 -1451.00
v 2299.00 0.40 -1449.00
v 2331.00 0.40 -1449.00
v 2299.00 0.40 -1451.00
v 2331.00 0.40 -1451.00
v 2231.00 0.00 -1447.00
v 2241.00 0.00 -1447.00
v 2231.00 0.00 -1449.00
v 2241.00 0.00 -1449.00
v 2231.00 0.40 -1447.00
v 2241.00 0.40 -1447.00
v 2231.00 0.40 -1449.00
v 2241.00 0.40 -1449.00
v 2231.00 0.00 -1424.00
v 2233.00 0.00 -1424.00
v 2231.00 0.00 -1449.00
v 2233.00 0.00 -1449.00
v 2231.00 0.40 -1424.00
v 2233.00 0.40 -1424.00
v 2231.00 0.40 -1449.00
v 2233.00 0.40 -1449.00
v 2177.00 0.00 -1424.00
v 2233.00 0.00 -1424.00
v 2177.00 0.00 -1426.00
v 2233.00 0.00 -1426.00
v 2177.00 0.40 -1424.00
v 2233.00 0.40 -1424.00
v 2177.00 0.40 -1426.00
v 2233.00 0.40 -1426.00
v 2177.00 0.00 -1424.00
v 2179.00 0.00 -1424.00
v 2177.00 0.00 -1537.00
v 2179.00 0.00 -1537.00
v 2177.00 0.40 -1424.00
v 2179.00 0.40 -1424.00
v 2177.00 0.40 -1537.00
v 2179.00 0.40 -1537.00
v 2119.00 0.00 -1535.00
v 2179.00 0.00 -1535.00
v 2119.00 0.00 -1537.00
v 2179.00 0.00 -1537.00
v 2119.00 0.40 -1535.00
v 2179.00 0.40 -1535.00
v 2119.00 0.40 -1537.00
v 2179.00 0.40 -1537.00
v 2025.00 0.00 -1504.00
v 2027.00 0.00 -1504.00
v 2025.00 0.00 -1531.00
v 2027.00 0.00 -1531.00
v 2025.00 0.40 -1504.00
v 2027.00 0.40 -1504.00
v 2025.00 0.40 -1531.00
v 2027.00 0.40 -1531.00
v 2294.00 0.00 -1455.00
v 2296.00 0.00 -1455.00
v 2294.00 0.00 -1501.00
v 2296.00 0.00 -1501.00
v 2294.00 0.40 -1455.00
v 2296.00 0.40 -1455.00
v 2294.00 0.40 -1501.00
v 2296.00 0.40 -1501.00
v 1989.00 0.00 -1851.00
v 2016.00 0.00 -1851.00
v 1989.00 0.00 -1853.00
v 2016.00 0.00 -1853.00
v 1989.00 0.40 -1851.00
v 2016.00 0.40 -1851.00
v 1989.00 0.40 -1853.00
v 2016.00 0.40 -1853.00
v 2014.00 0.00 -1779.00
v 2016.00 0.00 -1779.00
v 2014.00 0.00 -1853.00
v 2016.00 0.00 -1853.00
v 2014.00 0.40 -1779.00
v 2016.00 0.40 -1779.00
v 2014.00 0.40 -1853.00
v 2016.00 0.40 -1853.00
v 2014.00 0.00 -1779.00
v 2031.00 0.00 -1779.00
v 2014.00 0.00 -1781.00
v 2031.00 0.00 -1781.00
v 2014.00 0.40 -1779.00
v 2031.00 0.40 -1779.00
v 2014.00 0.40 -1781.00
v 2031.00 0.40 -1781.00
v 1889.00 0.00 -169.00
v 1891.00 0.00 -169.00
v 1889.00 0.00 -263.00
v 1891.00 0.00 -263.00
v 1889.00 0.40 -169.00
v 1891.00 0.40 -169.00
v 1889.00 0.40 -263.00
v 1891.00 0.40 -263.00
v 1519.00 0.00 -261.00
v 1891.00 0.00 -261.00
v 1519.00 0.00 -263.00
v 1891.00 0.00 -263.00
v 1519.00 0.40 -261.00
v 1891.00 0.40 -261.00
v 1519.00 0.40 -263.00
v 1891.00 0.40 -263.00
v 1519.00 0.00 -261.00
v 1521.00 0.00 -261.00
v 1519.00 0.00 -1039.00
v 1521.00 0.00 -1039.00
v 1519.00 0.40 -261.00
v 1521.00 0.40 -261.00
v 1519.00 0.40 -1039.00
v 1521.00 0.40 -1039.00
v 1279.00 0.00 -1037.00
v 1521.00 0.00 -1037.00
v 1279.00 0.00 -1039.00
v 1521.00 0.00 -1039.00
v 1279.00 0.40 -1037.00
v 1521.00 0.40 -1037.00
v 1279.00 0.40 -1039.00
v 1521.00 0.40 -1039.00
v 1279.00 0.00 -1029.00
v 1281.00 0.00 -1029.00
v 1279.00 0.00 -1039.00
v 1281.00 0.00 -1039.00
v 1279.00 0.40 -1029.00
v 1281.00 0.40 -1029.00
v 1279.00 0.40 -1039.00
v 1281.00 0.40 -1039.00
v 2244.00 0.00 -975.00
v 2256.00 0.00 -975.00
v 2244.00 0.00 -977.00
v 2256.00 0.00 -977.00
v 2244.00 0.40 -975.00
v 2256.00 0.40 -975.00
v 2244.00 0.40 -977.00
v 2256.00 0.40 -977.00
v 2189.00 0.00 -434.00
v 2216.00 0.00 -434.00
v 2189.00 0.00 -436.00
v 2216.00 0.00 -436.00
v 2189.00 0.40 -434.00
v 2216.00 0.40 -434.00
v 2189.00 0.40 -436.00
v 2216.00 0.40 -436.00
v 2009.00 0.00 -169.00
v 2011.00 0.00 -169.00
v 2009.00 0.00 -263.00
v 2011.00 0.00 -263.00
v 2009.00 0.40 -169.00
v 2011.00 0.40 -169.00
v 2009.00 0.40 -263.00
v 2011.00 0.40 -263.00
v 2009.00 0.00 -261.00
v 2406.00 0.00 -261.00
v 2009.00 0.00 -263.00
v 2406.00 0.00 -263.00
v 2009.00 0.40 -261.00
v 2406.00 0.40 -261.00
v 2009.00 0.40 -263.00
v 2406.00 0.40 -263.00
v 2404.00 0.00 -261.00
v 2406.00 0.00 -261.00
v 2404.00 0.00 -1421.00
v 2406.00 0.00 -1421.00
v 2404.00 0.40 -261.00
v 2406.00 0.40 -261.00
v 2404.00 0.40 -1421.00
v 2406.00 0.40 -1421.00
v 2349.00 0.00 -1419.00
v 2406.00 0.00 -1419.00
v 2349.00 0.00 -1421.00
v 2406.00 0.00 -1421.00
v 2349.00 0.40 -1419.00
v 2406.00 0.40 -1419.00
v 2349.00 0.40 -1421.00
v 2406.00 0.40 -1421.00
v 2349.00 0.00 -1419.00
v 2351.00 0.00 -1419.00
v 2349.00 0.00 -1441.00
v 2351.00 0.00 -1441.00
v 2349.00 0.40 -1419.00
v 2351.00 0.40 -1419.00
v 2349.00 0.40 -1441.00
v 2351.00 0.40 -1441.00
v 2023.00 0.00 -1477.00
v 2025.00 0.00 -1477.00
v 2023.00 0.00 -1491.00
v 2025.00 0.00 -1491.00
v 2023.00 0.40 -1477.00
v 2025.00 0.40 -1477.00
v 2023.00 0.40 -1491.00
v 2025.00 0.40 -1491.00
v 1238.00 1.00 -1718.00
v 1242.00 1.00 -1718.00
v 1238.00 1.00 -1762.00
v 1242.00 1.00 -1762.00
v 1238.00 5.00 -1718.00
v 1242.00 5.00 -1718.00
v 1238.00 5.00 -1762.00
v 1242.00 5.00 -1762.00
v 768.00 1.00 -1718.00
v 1242.00 1.00 -1718.00
v 768.00 1.00 -1722.00
v 1242.00 1.00 -1722.00
v 768.00 5.00 -1718.00
v 1242.00 5.00 -1718.00
v 768.00 5.00 -1722.00
v 1242.00 5.00 -1722.00
v 768.00 1.00 -1358.00
v 772.00 1.00 -1358.00
v 768.00 1.00 -1722.00
v 772.00 1.00 -1722.00
v 768.00 5.00 -1358.00
v 772.00 5.00 -1358.00
v 768.00 5.00 -1722.00
v 772.00 5.00 -1722.00
v 148.00 1.00 -1168.00
v 152.00 1.00 -1168.00
v 148.00 1.00 -1242.00
v 152.00 1.00 -1242.00
v 148.00 5.00 -1168.00
v 152.00 5.00 -1168.00
v 148.00 5.00 -1242.00
v 152.00 5.00 -1242.00
v 1749.25 3.25 -1349.25
v 1750.75 3.25 -1349.25
v 1749.25 3.25 -1430.75
v 1750.75 3.25 -1430.75
v 1749.25 4.75 -1349.25
v 1750.75 4.75 -1349.25
v 1749.25 4.75 -1430.75
v 1750.75 4.75 -1430.75
v 1749.25 3.25 -1349.25
v 2378.75 3.25 -1349.25
v 1749.25 3.25 -1350.75
v 2378.75 3.25 -1350.75
v 1749.25 4.75 -1349.25
v 2378.75 4.75 -1349.25
v 1749.25 4.75 -1350.75
v 2378.75 4.75 -1350.75
v 2377.25 3.25 -1209.25
v 2378.75 3.25 -1209.25
v 2377.25 3.25 -1350.75
v 2378.75 3.25 -1350.75
v 2377.25 4.75 -1209.25
v 2378.75 4.75 -1209.25
v 2377.25 4.75 -1350.75
v 2378.75 4.75 -1350.75
v 2369.25 3.25 -1209.25
v 2378.75 3.25 -1209.25
v 2369.25 3.25 -1210.75
v 2378.75 3.25 -1210.75
v 2369.25 4.75 -1209.25
v 2378.75 4.75 -1209.25
v 2369.25 4.75 -1210.75
v 2378.75 4.75 -1210.75
v 2284.25 3.25 -1109.25
v 2285.75 3.25 -1109.25
v 2284.25 3.25 -1350.75
v 2285.75 3.25 -1350.75
v 2284.25 4.75 -1109.25
v 2285.75 4.75 -1109.25
v 2284.25 4.75 -1350.75
v 2285.75 4.75 -1350.75
v 2096.25 3.25 -1109.25
v 2285.75 3.25 -1109.25
v 2096.25 3.25 -1110.75
v 2285.75 3.25 -1110.75
v 2096.25 4.75 -1109.25
v 2285.75 4.75 -1109.25
v 2096.25 4.75 -1110.75
v 2285.75 4.75 -1110.75
v 2096.25 3.25 -1095.25
v 2097.75 3.25 -1095.25
v 2096.25 3.25 -1110.75
v 2097.75 3.25 -1110.75
v 2096.25 4.75 -1095.25
v 2097.75 4.75 -1095.25
v 2096.25 4.75 -1110.75
v 2097.75 4.75 -1110.75
v 2277.25 3.25 -1109.25
v 2285.75 3.25 -1109.25
v 2277.25 3.25 -1110.75
v 2285.75 3.25 -1110.75
v 2277.25 4.75 -1109.25
v 2285.75 4.75 -1109.25
v 2277.25 4.75 -1110.75
v 2285.75 4.75 -1110.75
v 2277.25 3.25 -1095.25
v 2278.75 3.25 -1095.25
v 2277.25 3.25 -1110.75
v 2278.75 3.25 -1110.75
v 2277.25 4.75 -1095.25
v 2278.75 4.75 -1095.25
v 2277.25 4.75 -1110.75
v 2278.75 4.75 -1110.75
v 1939.25 3.25 -1439.25
v 1945.75 3.25 -1439.25
v 1939.25 3.25 -1440.75
v 1945.75 3.25 -1440.75
v 1939.25 4.75 -1439.25
v 1945.75 4.75 -1439.25
v 1939.25 4.75 -1440.75
v 1945.75 4.75 -1440.75
v 1944.25 3.25 -1404.25
v 1945.75 3.25 -1404.25
v 1944.25 3.25 -1440.75
v 1945.75 3.25 -1440.75
v 1944.25 4.75 -1404.25
v 1945.75 4.75 -1404.25
v 1944.25 4.75 -1440.75
v 1945.75 4.75 -1440.75
v 1944.25 3.25 -1404.25
v 2390.75 3.25 -1404.25
v 1944.25 3.25 -1405.75
v 2390.75 3.25 -1405.75
v 1944.25 4.75 -1404.25
v 2390.75 4.75 -1404.25
v 1944.25 4.75 -1405.75
v 2390.75 4.75 -1405.75
v 2389.25 3.25 -434.25
v 2390.75 3.25 -434.25
v 2389.25 3.25 -1405.75
v 2390.75 3.25 -1405.75
v 2389.25 4.75 -434.25
v 2390.75 4.75 -434.25
v 2389.25 4.75 -1405.75
v 2390.75 4.75 -1405.75
v 2339.25 3.25 -434.25
v 2390.75 3.25 -434.25
v 2339.25 3.25 -435.75
v 2390.75 3.25 -435.75
v 2339.25 4.75 -434.25
v 2390.75 4.75 -434.25
v 2339.25 4.75 -435.75
v 2390.75 4.75 -435.75
v 2011.25 3.25 -1829.25
v 2030.75 3.25 -1829.25
v 2011.25 3.25 -1830.75
v 2030.75 3.25 -1830.75
v 2011.25 4.75 -1829.25
v 2030.75 4.75 -1829.25
v 2011.25 4.75 -1830.75
v 2030.75 4.75 -1830.75
v 2011.25 3.25 -1749.25
v 2012.75 3.25 -1749.25
v 2011.25 3.25 -1830.75
v 2012.75 3.25 -1830.75
v 2011.25 4.75 -1749.25
v 2012.75 4.75 -1749.25
v 2011.25 4.75 -1830.75
v 2012.75 4.75 -1830.75
v 1844.25 3.25 -1749.25
v 2012.75 3.25 -1749.25
v 1844.25 3.25 -1750.75
v 2012.75 3.25 -1750.75
v 1844.25 4.75 -1749.25
v 2012.75 4.75 -1749.25
v 1844.25 4.75 -1750.75
v 2012.75 4.75 -1750.75
v 1844.25 3.25 -1749.25
v 1845.75 3.25 -1749.25
v 1844.25 3.25 -1760.75
v 1845.75 3.25 -1760.75
v 1844.25 4.75 -1749.25
v 1845.75 4.75 -1749.25
v 1844.25 4.75 -1760.75
v 1845.75 4.75 -1760.75
v 1811.25 3.25 -1769.25
v 1830.75 3.25 -1769.25
v 1811.25 3.25 -1770.75
v 1830.75 3.25 -1770.75
v 1811.25 4.75 -1769.25
v 1830.75 4.75 -1769.25
v 1811.25 4.75 -1770.75
v 1830.75 4.75 -1770.75
v 1811.25 3.25 -1639.25
v 1812.75 3.25 -1639.25
v 1811.25 3.25 -1770.75
v 1812.75 3.25 -1770.75
v 1811.25 4.75 -1639.25
v 1812.75 4.75 -1639.25
v 1811.25 4.75 -1770.75
v 1812.75 4.75 -1770.75
v 304.00 2.00 -1134.00
v 341.00 2.00 -1134.00
v 304.00 2.00 -1136.00
v 341.00 2.00 -1136.00
v 304.00 4.00 -1134.00
v 341.00 4.00 -1134.00
v 304.00 4.00 -1136.00
v 341.00 4.00 -1136.00
v 339.00 2.00 -569.00
v 341.00 2.00 -569.00
v 339.00 2.00 -1136.00
v 341.00 2.00 -1136.00
v 339.00 4.00 -569.00
v 341.00 4.00 -569.00
v 339.00 4.00 -1136.00
v 341.00 4.00 -1136.00
v 339.00 2.00 -569.00
v 483.00 2.00 -569.00
v 339.00 2.00 -571.00
v 483.00 2.00 -571.00
v 339.00 4.00 -569.00
v 483.00 4.00 -569.00
v 339.00 4.00 -571.00
v 483.00 4.00 -571.00
v 481.00 2.00 -469.00
v 483.00 2.00 -469.00
v 481.00 2.00 -571.00
v 483.00 2.00 -571.00
v 481.00 4.00 -469.00
v 483.00 4.00 -469.00
v 481.00 4.00 -571.00
v 483.00 4.00 -571.00
v 481.00 2.00 -469.00
v 911.00 2.00 -469.00
v 481.00 2.00 -471.00
v 911.00 2.00 -471.00
v 481.00 4.00 -469.00
v 911.00 4.00 -469.00
v 481.00 4.00 -471.00
v 911.00 4.00 -471.00
v 310.00 2.00 -1128.00
v 347.00 2.00 -1128.00
v 310.00 2.00 -1130.00
v 347.00 2.00 -1130.00
v 310.00 4.00 -1128.00
v 347.00 4.00 -1128.00
v 310.00 4.00 -1130.00
v 347.00 4.00 -1130.00
v 345.00 2.00 -563.00
v 347.00 2.00 -563.00
v 345.00 2.00 -1130.00
v 347.00 2.00 -1130.00
v 345.00 4.00 -563.00
v 347.00 4.00 -563.00
v 345.00 4.00 -1130.00
v 347.00 4.00 -1130.00
v 345.00 2.00 -563.00
v 489.00 2.00 -563.00
v 345.00 2.00 -565.00
v 489.00 2.00 -565.00
v 345.00 4.00 -563.00
v 489.00 4.00 -563.00
v 345.00 4.00 -565.00
v 489.00 4.00 -565.00
v 487.00 2.00 -463.00
v 489.00 2.00 -463.00
v 487.00 2.00 -565.00
v 489.00 2.00 -565.00
v 487.00 4.00 -463.00
v 489.00 4.00 -463.00
v 487.00 4.00 -565.00
v 489.00 4.00 -565.00
v 487.00 2.00 -463.00
v 917.00 2.00 -463.00
v 487.00 2.00 -465.00
v 917.00 2.00 -465.00
v 487.00 4.00 -463.00
v 917.00 4.00 -463.00
v 487.00 4.00 -465.00
v 917.00 4.00 -465.00
v 1979.50 3.50 -1574.50
v 2250.50 3.50 -1574.50
v 1979.50 3.50 -1575.50
v 2250.50 3.50 -1575.50
v 1979.50 4.50 -1574.50
v 2250.50 4.50 -1574.50
v 1979.50 4.50 -1575.50
v 2250.50 4.50 -1575.50
v 1979.50 3.50 -1484.50
v 1980.50 3.50 -1484.50
v 1979.50 3.50 -1575.50
v 1980.50 3.50 -1575.50
v 1979.50 4.50 -1484.50
v 1980.50 4.50 -1484.50
v 1979.50 4.50 -1575.50
v 1980.50 4.50 -1575.50
v 1839.50 3.50 -1484.50
v 1980.50 3.50 -1484.50
v 1839.50 3.50 -1485.50
v 1980.50 3.50 -1485.50
v 1839.50 4.50 -1484.50
v 1980.50 4.50 -1484.50
v 1839.50 4.50 -1485.50
v 1980.50 4.50 -1485.50
v 1924.25 3.25 -1721.25
v 2135.75 3.25 -1721.25
v 1924.25 3.25 -1722.75
v 2135.75 3.25 -1722.75
v 1924.25 4.75 -1721.25
v 2135.75 4.75 -1721.25
v 1924.25 4.75 -1722.75
v 2135.75 4.75 -1722.75
v 2134.25 3.25 -1721.25
v 2135.75 3.25 -1721.25
v 2134.25 3.25 -1745.75
v 2135.75 3.25 -1745.75
v 2134.25 4.75 -1721.25
v 2135.75 4.75 -1721.25
v 2134.25 4.75 -1745.75
v 2135.75 4.75 -1745.75
v 2069.25 3.25 -1779.25
v 2130.75 3.25 -1779.25
v 2069.25 3.25 -1780.75
v 2130.75 3.25 -1780.75
v 2069.25 4.75 -1779.25
v 2130.75 4.75 -1779.25
v 2069.25 4.75 -1780.75
v 2130.75 4.75 -1780.75
v 1989.25 3.25 -1789.25
v 2030.75 3.25 -1789.25
v 1989.25 3.25 -1790.75
v 2030.75 3.25 -1790.75
v 1989.25 4.75 -1789.25
v 2030.75 4.75 -1789.25
v 1989.25 4.75 -1790.75
v 2030.75 4.75 -1790.75
g SITE-001_Compound__2_420_x_1_920_ft__107_acres_
usemtl ground
f 1 3 4 2
f 5 6 8 7
f 1 2 6 5
f 3 7 8 4
f 1 5 7 3
f 2 4 8 6
g SITE-002_30_ft_access_road
usemtl road
f 9 11 12 10
f 13 14 16 15
f 9 10 14 13
f 11 15 16 12
f 9 13 15 11
f 10 12 16 14
g SITE-003_West_spine_road
usemtl road
f 17 19 20 18
f 21 22 24 23
f 17 18 22 21
f 19 23 24 20
f 17 21 23 19
f 18 20 24 22
g SITE-004_East_spine_road
usemtl road
f 25 27 28 26
f 29 30 32 31
f 25 26 30 29
f 27 31 32 28
f 25 29 31 27
f 26 28 32 30
g SITE-005_30_ft_ring_road
usemtl road
f 33 35 36 34
f 37 38 40 39
f 33 34 38 37
f 35 39 40 36
f 33 37 39 35
f 34 36 40 38
g SITE-006_30_ft_utilities_road
usemtl road
f 41 43 44 42
f 45 46 48 47
f 41 42 46 45
f 43 47 48 44
f 41 45 47 43
f 42 44 48 46
g SITE-007_30_ft_road__reserved_for_CCS_utilities_
usemtl road
f 49 51 52 50
f 53 54 56 55
f 49 50 54 53
f 51 55 56 52
f 49 53 55 51
f 50 52 56 54
g SITE-008_30_ft_fuel_road__LNG_trucks_
usemtl road
f 57 59 60 58
f 61 62 64 63
f 57 58 62 61
f 59 63 64 60
f 57 61 63 59
f 58 60 64 62
g SITE-009_Fuel_yard_link_road
usemtl road
f 65 67 68 66
f 69 70 72 71
f 65 66 70 69
f 67 71 72 68
f 65 69 71 67
f 66 68 72 70
g SITE-010_24_ft_lane__turbine_hall_west_
usemtl road
f 73 75 76 74
f 77 78 80 79
f 73 74 78 77
f 75 79 80 76
f 73 77 79 75
f 74 76 80 78
g SITE-011_Removal_apron__GT___generator___ST_removal_
usemtl road
f 81 83 84 82
f 85 86 88 87
f 81 82 86 85
f 83 87 88 84
f 81 85 87 83
f 82 84 88 86
g SITE-012_Perimeter_fence__8_ft_
usemtl fence
f 89 91 92 90
f 93 94 96 95
f 89 90 94 93
f 91 95 96 92
f 89 93 95 91
f 90 92 96 94
g SITE-013_Perimeter_fence__8_ft_
usemtl fence
f 97 99 100 98
f 101 102 104 103
f 97 98 102 101
f 99 103 104 100
f 97 101 103 99
f 98 100 104 102
g SITE-014_Perimeter_fence__8_ft_
usemtl fence
f 105 107 108 106
f 109 110 112 111
f 105 106 110 109
f 107 111 112 108
f 105 109 111 107
f 106 108 112 110
g SITE-015_Perimeter_fence__8_ft_
usemtl fence
f 113 115 116 114
f 117 118 120 119
f 113 114 118 117
f 115 119 120 116
f 113 117 119 115
f 114 116 120 118
g SITE-016_Main_gate
usemtl fence
f 121 123 124 122
f 125 126 128 127
f 121 122 126 125
f 123 127 128 124
f 121 125 127 123
f 122 124 128 126
g BASE_POWER_BLOCK-001_Common_turbine_hall__main_bay_
usemtl hall
f 129 131 132 130
f 133 134 136 135
f 129 130 134 133
f 131 135 136 132
f 129 133 135 131
f 130 132 136 134
g BASE_POWER_BLOCK-002_South_inlet_gallery__outside_crane_runway_
usemtl hall
f 137 139 140 138
f 141 142 144 143
f 137 138 142 141
f 139 143 144 140
f 137 141 143 139
f 138 140 144 142
g BASE_POWER_BLOCK-003_Laydown_bay_floor
usemtl pad
f 145 147 148 146
f 149 150 152 151
f 145 146 150 149
f 147 151 152 148
f 145 149 151 147
f 146 148 152 150
g BASE_POWER_BLOCK-004_Turbine_deck_EL_20
usemtl concrete
f 153 155 156 154
f 157 158 160 159
f 153 154 158 157
f 155 159 160 156
f 153 157 159 155
f 154 156 160 158
g BASE_POWER_BLOCK-005_GT1__H_class_gas_turbine__60_Hz_
usemtl machine
f 161 163 164 162
f 165 166 168 167
f 161 162 166 165
f 163 167 168 164
f 161 165 167 163
f 162 164 168 166
g BASE_POWER_BLOCK-006_GTG_1__GT_generator
usemtl machine
f 169 171 172 170
f 173 174 176 175
f 169 170 174 173
f 171 175 176 172
f 169 173 175 171
f 170 172 176 174
g BASE_POWER_BLOCK-007_GT1_lube_oil___hydraulics___enclosure_fans_skid
usemtl equip
f 177 179 180 178
f 181 182 184 183
f 177 178 182 181
f 179 183 184 180
f 177 181 183 179
f 178 180 184 182
g BASE_POWER_BLOCK-008_FS_GT1__CO2_fire_suppression_skid
usemtl equip
f 185 187 188 186
f 189 190 192 191
f 185 186 190 189
f 187 191 192 188
f 185 189 191 187
f 186 188 192 190
g BASE_POWER_BLOCK-009_WASH_GT1__compressor_water_wash_skid
usemtl equip
f 193 195 196 194
f 197 198 200 199
f 193 194 198 197
f 195 199 200 196
f 193 197 199 195
f 194 196 200 198
g BASE_POWER_BLOCK-010_GT1_inlet_removable_plenum_spool
usemtl amber
f 201 203 204 202
f 205 206 208 207
f 201 202 206 205
f 203 207 208 204
f 201 205 207 203
f 202 204 208 206
g BASE_POWER_BLOCK-011_HRSG_1___SCR__3P_reheat__horizontal_
usemtl hrsg
f 209 211 212 210
f 213 214 216 215
f 209 210 214 213
f 211 215 216 212
f 209 213 215 211
f 210 212 216 214
g BASE_POWER_BLOCK-012_HRSG_1_inlet_transition_duct
usemtl hrsg
f 217 219 220 218
f 221 222 224 223
f 217 218 222 221
f 219 223 224 220
f 217 221 223 219
f 218 220 224 222
g BASE_POWER_BLOCK-013_HRSG_1_stack
usemtl stack
f 225 226 258 257
f 226 227 259 258
f 227 228 260 259
f 228 229 261 260
f 229 230 262 261
f 230 231 263 262
f 231 232 264 263
f 232 233 265 264
f 233 234 266 265
f 234 235 267 266
f 235 236 268 267
f 236 237 269 268
f 237 238 270 269
f 238 239 271 270
f 239 240 272 271
f 240 241 273 272
f 241 242 274 273
f 242 243 275 274
f 243 244 276 275
f 244 245 277 276
f 245 246 278 277
f 246 247 279 278
f 247 248 280 279
f 248 249 281 280
f 249 250 282 281
f 250 251 283 282
f 251 252 284 283
f 252 253 285 284
f 253 254 286 285
f 254 255 287 286
f 255 256 288 287
f 256 225 257 288
f 256 255 254 253 252 251 250 249 248 247 246 245 244 243 242 241 240 239 238 237 236 235 234 233 232 231 230 229 228 227 226 225
f 257 258 259 260 261 262 263 264 265 266 267 268 269 270 271 272 273 274 275 276 277 278 279 280 281 282 283 284 285 286 287 288
g BASE_POWER_BLOCK-014_CEMS_shelter_HRSG_1
usemtl equip
f 289 291 292 290
f 293 294 296 295
f 289 290 294 293
f 291 295 296 292
f 289 293 295 291
f 290 292 296 294
g BASE_POWER_BLOCK-015_BFP_1A_B__boiler_feed_pumps__13_8_kV_DOL_
usemtl motor
f 297 299 300 298
f 301 302 304 303
f 297 298 302 301
f 299 303 304 300
f 297 301 303 299
f 298 300 304 302
g BASE_POWER_BLOCK-016_SCRB_1A_B__SCR_dilution_air_blowers
usemtl motor
f 305 307 308 306
f 309 310 312 311
f 305 306 310 309
f 307 311 312 308
f 305 309 311 307
f 306 308 312 310
g BASE_POWER_BLOCK-017_GT2__H_class_gas_turbine__60_Hz_
usemtl machine
f 313 315 316 314
f 317 318 320 319
f 313 314 318 317
f 315 319 320 316
f 313 317 319 315
f 314 316 320 318
g BASE_POWER_BLOCK-018_GTG_2__GT_generator
usemtl machine
f 321 323 324 322
f 325 326 328 327
f 321 322 326 325
f 323 327 328 324
f 321 325 327 323
f 322 324 328 326
g BASE_POWER_BLOCK-019_GT2_lube_oil___hydraulics___enclosure_fans_skid
usemtl equip
f 329 331 332 330
f 333 334 336 335
f 329 330 334 333
f 331 335 336 332
f 329 333 335 331
f 330 332 336 334
g BASE_POWER_BLOCK-020_FS_GT2__CO2_fire_suppression_skid
usemtl equip
f 337 339 340 338
f 341 342 344 343
f 337 338 342 341
f 339 343 344 340
f 337 341 343 339
f 338 340 344 342
g BASE_POWER_BLOCK-021_WASH_GT2__compressor_water_wash_skid
usemtl equip
f 345 347 348 346
f 349 350 352 351
f 345 346 350 349
f 347 351 352 348
f 345 349 351 347
f 346 348 352 350
g BASE_POWER_BLOCK-022_GT2_inlet_removable_plenum_spool
usemtl amber
f 353 355 356 354
f 357 358 360 359
f 353 354 358 357
f 355 359 360 356
f 353 357 359 355
f 354 356 360 358
g BASE_POWER_BLOCK-023_HRSG_2___SCR__3P_reheat__horizontal_
usemtl hrsg
f 361 363 364 362
f 365 366 368 367
f 361 362 366 365
f 363 367 368 364
f 361 365 367 363
f 362 364 368 366
g BASE_POWER_BLOCK-024_HRSG_2_inlet_transition_duct
usemtl hrsg
f 369 371 372 370
f 373 374 376 375
f 369 370 374 373
f 371 375 376 372
f 369 373 375 371
f 370 372 376 374
g BASE_POWER_BLOCK-025_HRSG_2_stack
usemtl stack
f 377 378 410 409
f 378 379 411 410
f 379 380 412 411
f 380 381 413 412
f 381 382 414 413
f 382 383 415 414
f 383 384 416 415
f 384 385 417 416
f 385 386 418 417
f 386 387 419 418
f 387 388 420 419
f 388 389 421 420
f 389 390 422 421
f 390 391 423 422
f 391 392 424 423
f 392 393 425 424
f 393 394 426 425
f 394 395 427 426
f 395 396 428 427
f 396 397 429 428
f 397 398 430 429
f 398 399 431 430
f 399 400 432 431
f 400 401 433 432
f 401 402 434 433
f 402 403 435 434
f 403 404 436 435
f 404 405 437 436
f 405 406 438 437
f 406 407 439 438
f 407 408 440 439
f 408 377 409 440
f 408 407 406 405 404 403 402 401 400 399 398 397 396 395 394 393 392 391 390 389 388 387 386 385 384 383 382 381 380 379 378 377
f 409 410 411 412 413 414 415 416 417 418 419 420 421 422 423 424 425 426 427 428 429 430 431 432 433 434 435 436 437 438 439 440
g BASE_POWER_BLOCK-026_CEMS_shelter_HRSG_2
usemtl equip
f 441 443 444 442
f 445 446 448 447
f 441 442 446 445
f 443 447 448 444
f 441 445 447 443
f 442 444 448 446
g BASE_POWER_BLOCK-027_BFP_2A_B__boiler_feed_pumps__13_8_kV_DOL_
usemtl motor
f 449 451 452 450
f 453 454 456 455
f 449 450 454 453
f 451 455 456 452
f 449 453 455 451
f 450 452 456 454
g BASE_POWER_BLOCK-028_SCRB_2A_B__SCR_dilution_air_blowers
usemtl motor
f 457 459 460 458
f 461 462 464 463
f 457 458 462 461
f 459 463 464 460
f 457 461 463 459
f 458 460 464 462
g BASE_POWER_BLOCK-029_GT3__H_class_gas_turbine__60_Hz_
usemtl machine
f 465 467 468 466
f 469 470 472 471
f 465 466 470 469
f 467 471 472 468
f 465 469 471 467
f 466 468 472 470
g BASE_POWER_BLOCK-030_GTG_3__GT_generator
usemtl machine
f 473 475 476 474
f 477 478 480 479
f 473 474 478 477
f 475 479 480 476
f 473 477 479 475
f 474 476 480 478
g BASE_POWER_BLOCK-031_GT3_lube_oil___hydraulics___enclosure_fans_skid
usemtl equip
f 481 483 484 482
f 485 486 488 487
f 481 482 486 485
f 483 487 488 484
f 481 485 487 483
f 482 484 488 486
g BASE_POWER_BLOCK-032_FS_GT3__CO2_fire_suppression_skid
usemtl equip
f 489 491 492 490
f 493 494 496 495
f 489 490 494 493
f 491 495 496 492
f 489 493 495 491
f 490 492 496 494
g BASE_POWER_BLOCK-033_WASH_GT3__compressor_water_wash_skid
usemtl equip
f 497 499 500 498
f 501 502 504 503
f 497 498 502 501
f 499 503 504 500
f 497 501 503 499
f 498 500 504 502
g BASE_POWER_BLOCK-034_GT3_inlet_removable_plenum_spool
usemtl amber
f 505 507 508 506
f 509 510 512 511
f 505 506 510 509
f 507 511 512 508
f 505 509 511 507
f 506 508 512 510
g BASE_POWER_BLOCK-035_HRSG_3___SCR__3P_reheat__horizontal_
usemtl hrsg
f 513 515 516 514
f 517 518 520 519
f 513 514 518 517
f 515 519 520 516
f 513 517 519 515
f 514 516 520 518
g BASE_POWER_BLOCK-036_HRSG_3_inlet_transition_duct
usemtl hrsg
f 521 523 524 522
f 525 526 528 527
f 521 522 526 525
f 523 527 528 524
f 521 525 527 523
f 522 524 528 526
g BASE_POWER_BLOCK-037_HRSG_3_stack
usemtl stack
f 529 530 562 561
f 530 531 563 562
f 531 532 564 563
f 532 533 565 564
f 533 534 566 565
f 534 535 567 566
f 535 536 568 567
f 536 537 569 568
f 537 538 570 569
f 538 539 571 570
f 539 540 572 571
f 540 541 573 572
f 541 542 574 573
f 542 543 575 574
f 543 544 576 575
f 544 545 577 576
f 545 546 578 577
f 546 547 579 578
f 547 548 580 579
f 548 549 581 580
f 549 550 582 581
f 550 551 583 582
f 551 552 584 583
f 552 553 585 584
f 553 554 586 585
f 554 555 587 586
f 555 556 588 587
f 556 557 589 588
f 557 558 590 589
f 558 559 591 590
f 559 560 592 591
f 560 529 561 592
f 560 559 558 557 556 555 554 553 552 551 550 549 548 547 546 545 544 543 542 541 540 539 538 537 536 535 534 533 532 531 530 529
f 561 562 563 564 565 566 567 568 569 570 571 572 573 574 575 576 577 578 579 580 581 582 583 584 585 586 587 588 589 590 591 592
g BASE_POWER_BLOCK-038_CEMS_shelter_HRSG_3
usemtl equip
f 593 595 596 594
f 597 598 600 599
f 593 594 598 597
f 595 599 600 596
f 593 597 599 595
f 594 596 600 598
g BASE_POWER_BLOCK-039_BFP_3A_B__boiler_feed_pumps__13_8_kV_DOL_
usemtl motor
f 601 603 604 602
f 605 606 608 607
f 601 602 606 605
f 603 607 608 604
f 601 605 607 603
f 602 604 608 606
g BASE_POWER_BLOCK-040_SCRB_3A_B__SCR_dilution_air_blowers
usemtl motor
f 609 611 612 610
f 613 614 616 615
f 609 610 614 613
f 611 615 616 612
f 609 613 615 611
f 610 612 616 614
g BASE_POWER_BLOCK-041_ST__steam_turbine__HP_IP___LP___ACC_plant
usemtl machine
f 617 619 620 618
f 621 622 624 623
f 617 618 622 621
f 619 623 624 620
f 617 621 623 619
f 618 620 624 622
g BASE_POWER_BLOCK-042_STG__steam_turbine_generator
usemtl machine
f 625 627 628 626
f 629 630 632 631
f 625 626 630 629
f 627 631 632 628
f 625 629 631 627
f 626 628 632 630
g BASE_POWER_BLOCK-043_ST_aux__lube_oil__turning_gear__EHC
usemtl equip
f 633 635 636 634
f 637 638 640 639
f 633 634 638 637
f 635 639 640 636
f 633 637 639 635
f 634 636 640 638
g BASE_POWER_BLOCK-044_ST_exhaust_duct__26_ft__to_ACC
usemtl duct
f 641 643 644 642
f 645 646 648 647
f 641 642 646 645
f 643 647 648 644
f 641 645 647 643
f 642 644 648 646
g BASE_POWER_BLOCK-045_ACC_steam_riser
usemtl duct
f 649 651 652 650
f 653 654 656 655
f 649 650 654 653
f 651 655 656 652
f 649 653 655 651
f 650 652 656 654
g BASE_POWER_BLOCK-046_ACC_steam_distribution_header
usemtl duct
f 657 659 660 658
f 661 662 664 663
f 657 658 662 661
f 659 663 664 660
f 657 661 663 659
f 658 660 664 662
g BASE_INLET_AIR-001_FH_1__GT_inlet_filter_house__on_frame_
usemtl filter
f 665 667 668 666
f 669 670 672 671
f 665 666 670 669
f 667 671 672 668
f 665 669 671 667
f 666 668 672 670
g BASE_INLET_AIR-002_FH_1_filter_platform_EL_108
usemtl steel
f 673 675 676 674
f 677 678 680 679
f 673 674 678 677
f 675 679 680 676
f 673 677 679 675
f 674 676 680 678
g BASE_INLET_AIR-003_FH_1_stair_tower
usemtl steel
f 681 683 684 682
f 685 686 688 687
f 681 682 686 685
f 683 687 688 684
f 681 685 687 683
f 682 684 688 686
g BASE_INLET_AIR-004_GT1_inlet_duct_drop
usemtl filter
f 689 691 692 690
f 693 694 696 695
f 689 690 694 693
f 691 695 696 692
f 689 693 695 691
f 690 692 696 694
g BASE_INLET_AIR-005_GT1_inlet_duct_EL_23_37
usemtl filter
f 697 699 700 698
f 701 702 704 703
f 697 698 702 701
f 699 703 704 700
f 697 701 703 699
f 698 700 704 702
g BASE_INLET_AIR-006_FH_1_frame_column
usemtl steel
f 705 707 708 706
f 709 710 712 711
f 705 706 710 709
f 707 711 712 708
f 705 709 711 707
f 706 708 712 710
g BASE_INLET_AIR-007_FH_1_frame_column
usemtl steel
f 713 715 716 714
f 717 718 720 719
f 713 714 718 717
f 715 719 720 716
f 713 717 719 715
f 714 716 720 718
g BASE_INLET_AIR-008_FH_1_frame_column
usemtl steel
f 721 723 724 722
f 725 726 728 727
f 721 722 726 725
f 723 727 728 724
f 721 725 727 723
f 722 724 728 726
g BASE_INLET_AIR-009_FH_1_frame_column
usemtl steel
f 729 731 732 730
f 733 734 736 735
f 729 730 734 733
f 731 735 736 732
f 729 733 735 731
f 730 732 736 734
g BASE_INLET_AIR-010_FH_1_frame_column
usemtl steel
f 737 739 740 738
f 741 742 744 743
f 737 738 742 741
f 739 743 744 740
f 737 741 743 739
f 738 740 744 742
g BASE_INLET_AIR-011_FH_1_frame_column
usemtl steel
f 745 747 748 746
f 749 750 752 751
f 745 746 750 749
f 747 751 752 748
f 745 749 751 747
f 746 748 752 750
g BASE_INLET_AIR-012_FH_2__GT_inlet_filter_house__on_frame_
usemtl filter
f 753 755 756 754
f 757 758 760 759
f 753 754 758 757
f 755 759 760 756
f 753 757 759 755
f 754 756 760 758
g BASE_INLET_AIR-013_FH_2_filter_platform_EL_108
usemtl steel
f 761 763 764 762
f 765 766 768 767
f 761 762 766 765
f 763 767 768 764
f 761 765 767 763
f 762 764 768 766
g BASE_INLET_AIR-014_FH_2_stair_tower
usemtl steel
f 769 771 772 770
f 773 774 776 775
f 769 770 774 773
f 771 775 776 772
f 769 773 775 771
f 770 772 776 774
g BASE_INLET_AIR-015_GT2_inlet_duct_drop
usemtl filter
f 777 779 780 778
f 781 782 784 783
f 777 778 782 781
f 779 783 784 780
f 777 781 783 779
f 778 780 784 782
g BASE_INLET_AIR-016_GT2_inlet_duct_EL_23_37
usemtl filter
f 785 787 788 786
f 789 790 792 791
f 785 786 790 789
f 787 791 792 788
f 785 789 791 787
f 786 788 792 790
g BASE_INLET_AIR-017_FH_2_frame_column
usemtl steel
f 793 795 796 794
f 797 798 800 799
f 793 794 798 797
f 795 799 800 796
f 793 797 799 795
f 794 796 800 798
g BASE_INLET_AIR-018_FH_2_frame_column
usemtl steel
f 801 803 804 802
f 805 806 808 807
f 801 802 806 805
f 803 807 808 804
f 801 805 807 803
f 802 804 808 806
g BASE_INLET_AIR-019_FH_2_frame_column
usemtl steel
f 809 811 812 810
f 813 814 816 815
f 809 810 814 813
f 811 815 816 812
f 809 813 815 811
f 810 812 816 814
g BASE_INLET_AIR-020_FH_2_frame_column
usemtl steel
f 817 819 820 818
f 821 822 824 823
f 817 818 822 821
f 819 823 824 820
f 817 821 823 819
f 818 820 824 822
g BASE_INLET_AIR-021_FH_2_frame_column
usemtl steel
f 825 827 828 826
f 829 830 832 831
f 825 826 830 829
f 827 831 832 828
f 825 829 831 827
f 826 828 832 830
g BASE_INLET_AIR-022_FH_2_frame_column
usemtl steel
f 833 835 836 834
f 837 838 840 839
f 833 834 838 837
f 835 839 840 836
f 833 837 839 835
f 834 836 840 838
g BASE_INLET_AIR-023_FH_3__GT_inlet_filter_house__on_frame_
usemtl filter
f 841 843 844 842
f 845 846 848 847
f 841 842 846 845
f 843 847 848 844
f 841 845 847 843
f 842 844 848 846
g BASE_INLET_AIR-024_FH_3_filter_platform_EL_108
usemtl steel
f 849 851 852 850
f 853 854 856 855
f 849 850 854 853
f 851 855 856 852
f 849 853 855 851
f 850 852 856 854
g BASE_INLET_AIR-025_FH_3_stair_tower
usemtl steel
f 857 859 860 858
f 861 862 864 863
f 857 858 862 861
f 859 863 864 860
f 857 861 863 859
f 858 860 864 862
g BASE_INLET_AIR-026_GT3_inlet_duct_drop
usemtl filter
f 865 867 868 866
f 869 870 872 871
f 865 866 870 869
f 867 871 872 868
f 865 869 871 867
f 866 868 872 870
g BASE_INLET_AIR-027_GT3_inlet_duct_EL_23_37
usemtl filter
f 873 875 876 874
f 877 878 880 879
f 873 874 878 877
f 875 879 880 876
f 873 877 879 875
f 874 876 880 878
g BASE_INLET_AIR-028_FH_3_frame_column
usemtl steel
f 881 883 884 882
f 885 886 888 887
f 881 882 886 885
f 883 887 888 884
f 881 885 887 883
f 882 884 888 886
g BASE_INLET_AIR-029_FH_3_frame_column
usemtl steel
f 889 891 892 890
f 893 894 896 895
f 889 890 894 893
f 891 895 896 892
f 889 893 895 891
f 890 892 896 894
g BASE_INLET_AIR-030_FH_3_frame_column
usemtl steel
f 897 899 900 898
f 901 902 904 903
f 897 898 902 901
f 899 903 904 900
f 897 901 903 899
f 898 900 904 902
g BASE_INLET_AIR-031_FH_3_frame_column
usemtl steel
f 905 907 908 906
f 909 910 912 911
f 905 906 910 909
f 907 911 912 908
f 905 909 911 907
f 906 908 912 910
g BASE_INLET_AIR-032_FH_3_frame_column
usemtl steel
f 913 915 916 914
f 917 918 920 919
f 913 914 918 917
f 915 919 920 916
f 913 917 919 915
f 914 916 920 918
g BASE_INLET_AIR-033_FH_3_frame_column
usemtl steel
f 921 923 924 922
f 925 926 928 927
f 921 922 926 925
f 923 927 928 924
f 921 925 927 923
f 922 924 928 926
g BASE_ACC-001_ACC_fan_deck_EL_90__80_cells_
usemtl acc
f 929 931 932 930
f 933 934 936 935
f 929 930 934 933
f 931 935 936 932
f 929 933 935 931
f 930 932 936 934
g BASE_ACC-002_ACC_street_1__A_frame_tube_bundles
usemtl acc
f 937 938 939
f 940 942 941
f 937 939 942 940
f 938 941 942 939
f 937 940 941 938
g BASE_ACC-003_ACC_street_1_steam_header
usemtl duct
f 943 944 960 959
f 944 945 961 960
f 945 946 962 961
f 946 947 963 962
f 947 948 964 963
f 948 949 965 964
f 949 950 966 965
f 950 951 967 966
f 951 952 968 967
f 952 953 969 968
f 953 954 970 969
f 954 955 971 970
f 955 956 972 971
f 956 957 973 972
f 957 958 974 973
f 958 943 959 974
f 958 957 956 955 954 953 952 951 950 949 948 947 946 945 944 943
f 959 960 961 962 963 964 965 966 967 968 969 970 971 972 973 974
g BASE_ACC-004_ACC_street_2__A_frame_tube_bundles
usemtl acc
f 975 976 977
f 978 980 979
f 975 977 980 978
f 976 979 980 977
f 975 978 979 976
g BASE_ACC-005_ACC_street_2_steam_header
usemtl duct
f 981 982 998 997
f 982 983 999 998
f 983 984 1000 999
f 984 985 1001 1000
f 985 986 1002 1001
f 986 987 1003 1002
f 987 988 1004 1003
f 988 989 1005 1004
f 989 990 1006 1005
f 990 991 1007 1006
f 991 992 1008 1007
f 992 993 1009 1008
f 993 994 1010 1009
f 994 995 1011 1010
f 995 996 1012 1011
f 996 981 997 1012
f 996 995 994 993 992 991 990 989 988 987 986 985 984 983 982 981
f 997 998 999 1000 1001 1002 1003 1004 1005 1006 1007 1008 1009 1010 1011 1012
g BASE_ACC-006_ACC_street_3__A_frame_tube_bundles
usemtl acc
f 1013 1014 1015
f 1016 1018 1017
f 1013 1015 1018 1016
f 1014 1017 1018 1015
f 1013 1016 1017 1014
g BASE_ACC-007_ACC_street_3_steam_header
usemtl duct
f 1019 1020 1036 1035
f 1020 1021 1037 1036
f 1021 1022 1038 1037
f 1022 1023 1039 1038
f 1023 1024 1040 1039
f 1024 1025 1041 1040
f 1025 1026 1042 1041
f 1026 1027 1043 1042
f 1027 1028 1044 1043
f 1028 1029 1045 1044
f 1029 1030 1046 1045
f 1030 1031 1047 1046
f 1031 1032 1048 1047
f 1032 1033 1049 1048
f 1033 1034 1050 1049
f 1034 1019 1035 1050
f 1034 1033 1032 1031 1030 1029 1028 1027 1026 1025 1024 1023 1022 1021 1020 1019
f 1035 1036 1037 1038 1039 1040 1041 1042 1043 1044 1045 1046 1047 1048 1049 1050
g BASE_ACC-008_ACC_street_4__A_frame_tube_bundles
usemtl acc
f 1051 1052 1053
f 1054 1056 1055
f 1051 1053 1056 1054
f 1052 1055 1056 1053
f 1051 1054 1055 1052
g BASE_ACC-009_ACC_street_4_steam_header
usemtl duct
f 1057 1058 1074 1073
f 1058 1059 1075 1074
f 1059 1060 1076 1075
f 1060 1061 1077 1076
f 1061 1062 1078 1077
f 1062 1063 1079 1078
f 1063 1064 1080 1079
f 1064 1065 1081 1080
f 1065 1066 1082 1081
f 1066 1067 1083 1082
f 1067 1068 1084 1083
f 1068 1069 1085 1084
f 1069 1070 1086 1085
f 1070 1071 1087 1086
f 1071 1072 1088 1087
f 1072 1057 1073 1088
f 1072 1071 1070 1069 1068 1067 1066 1065 1064 1063 1062 1061 1060 1059 1058 1057
f 1073 1074 1075 1076 1077 1078 1079 1080 1081 1082 1083 1084 1085 1086 1087 1088
g BASE_ACC-010_ACC_street_5__A_frame_tube_bundles
usemtl acc
f 1089 1090 1091
f 1092 1094 1093
f 1089 1091 1094 1092
f 1090 1093 1094 1091
f 1089 1092 1093 1090
g BASE_ACC-011_ACC_street_5_steam_header
usemtl duct
f 1095 1096 1112 1111
f 1096 1097 1113 1112
f 1097 1098 1114 1113
f 1098 1099 1115 1114
f 1099 1100 1116 1115
f 1100 1101 1117 1116
f 1101 1102 1118 1117
f 1102 1103 1119 1118
f 1103 1104 1120 1119
f 1104 1105 1121 1120
f 1105 1106 1122 1121
f 1106 1107 1123 1122
f 1107 1108 1124 1123
f 1108 1109 1125 1124
f 1109 1110 1126 1125
f 1110 1095 1111 1126
f 1110 1109 1108 1107 1106 1105 1104 1103 1102 1101 1100 1099 1098 1097 1096 1095
f 1111 1112 1113 1114 1115 1116 1117 1118 1119 1120 1121 1122 1123 1124 1125 1126
g BASE_ACC-012_ACC_street_6__A_frame_tube_bundles
usemtl acc
f 1127 1128 1129
f 1130 1132 1131
f 1127 1129 1132 1130
f 1128 1131 1132 1129
f 1127 1130 1131 1128
g BASE_ACC-013_ACC_street_6_steam_header
usemtl duct
f 1133 1134 1150 1149
f 1134 1135 1151 1150
f 1135 1136 1152 1151
f 1136 1137 1153 1152
f 1137 1138 1154 1153
f 1138 1139 1155 1154
f 1139 1140 1156 1155
f 1140 1141 1157 1156
f 1141 1142 1158 1157
f 1142 1143 1159 1158
f 1143 1144 1160 1159
f 1144 1145 1161 1160
f 1145 1146 1162 1161
f 1146 1147 1163 1162
f 1147 1148 1164 1163
f 1148 1133 1149 1164
f 1148 1147 1146 1145 1144 1143 1142 1141 1140 1139 1138 1137 1136 1135 1134 1133
f 1149 1150 1151 1152 1153 1154 1155 1156 1157 1158 1159 1160 1161 1162 1163 1164
g BASE_ACC-014_ACC_street_7__A_frame_tube_bundles
usemtl acc
f 1165 1166 1167
f 1168 1170 1169
f 1165 1167 1170 1168
f 1166 1169 1170 1167
f 1165 1168 1169 1166
g BASE_ACC-015_ACC_street_7_steam_header
usemtl duct
f 1171 1172 1188 1187
f 1172 1173 1189 1188
f 1173 1174 1190 1189
f 1174 1175 1191 1190
f 1175 1176 1192 1191
f 1176 1177 1193 1192
f 1177 1178 1194 1193
f 1178 1179 1195 1194
f 1179 1180 1196 1195
f 1180 1181 1197 1196
f 1181 1182 1198 1197
f 1182 1183 1199 1198
f 1183 1184 1200 1199
f 1184 1185 1201 1200
f 1185 1186 1202 1201
f 1186 1171 1187 1202
f 1186 1185 1184 1183 1182 1181 1180 1179 1178 1177 1176 1175 1174 1173 1172 1171
f 1187 1188 1189 1190 1191 1192 1193 1194 1195 1196 1197 1198 1199 1200 1201 1202
g BASE_ACC-016_ACC_street_8__A_frame_tube_bundles
usemtl acc
f 1203 1204 1205
f 1206 1208 1207
f 1203 1205 1208 1206
f 1204 1207 1208 1205
f 1203 1206 1207 1204
g BASE_ACC-017_ACC_street_8_steam_header
usemtl duct
f 1209 1210 1226 1225
f 1210 1211 1227 1226
f 1211 1212 1228 1227
f 1212 1213 1229 1228
f 1213 1214 1230 1229
f 1214 1215 1231 1230
f 1215 1216 1232 1231
f 1216 1217 1233 1232
f 1217 1218 1234 1233
f 1218 1219 1235 1234
f 1219 1220 1236 1235
f 1220 1221 1237 1236
f 1221 1222 1238 1237
f 1222 1223 1239 1238
f 1223 1224 1240 1239
f 1224 1209 1225 1240
f 1224 1223 1222 1221 1220 1219 1218 1217 1216 1215 1214 1213 1212 1211 1210 1209
f 1225 1226 1227 1228 1229 1230 1231 1232 1233 1234 1235 1236 1237 1238 1239 1240
g BASE_ACC-018_ACC_windwall
usemtl acc
f 1241 1243 1244 1242
f 1245 1246 1248 1247
f 1241 1242 1246 1245
f 1243 1247 1248 1244
f 1241 1245 1247 1243
f 1242 1244 1248 1246
g BASE_ACC-019_ACC_windwall
usemtl acc
f 1249 1251 1252 1250
f 1253 1254 1256 1255
f 1249 1250 1254 1253
f 1251 1255 1256 1252
f 1249 1253 1255 1251
f 1250 1252 1256 1254
g BASE_ACC-020_ACC_windwall
usemtl acc
f 1257 1259 1260 1258
f 1261 1262 1264 1263
f 1257 1258 1262 1261
f 1259 1263 1264 1260
f 1257 1261 1263 1259
f 1258 1260 1264 1262
g BASE_ACC-021_ACC_windwall
usemtl acc
f 1265 1267 1268 1266
f 1269 1270 1272 1271
f 1265 1266 1270 1269
f 1267 1271 1272 1268
f 1265 1269 1271 1267
f 1266 1268 1272 1270
g BASE_ACC-022_ACC_support_column
usemtl steel
f 1273 1275 1276 1274
f 1277 1278 1280 1279
f 1273 1274 1278 1277
f 1275 1279 1280 1276
f 1273 1277 1279 1275
f 1274 1276 1280 1278
g BASE_ACC-023_ACC_support_column
usemtl steel
f 1281 1283 1284 1282
f 1285 1286 1288 1287
f 1281 1282 1286 1285
f 1283 1287 1288 1284
f 1281 1285 1287 1283
f 1282 1284 1288 1286
g BASE_ACC-024_ACC_support_column
usemtl steel
f 1289 1291 1292 1290
f 1293 1294 1296 1295
f 1289 1290 1294 1293
f 1291 1295 1296 1292
f 1289 1293 1295 1291
f 1290 1292 1296 1294
g BASE_ACC-025_ACC_support_column
usemtl steel
f 1297 1299 1300 1298
f 1301 1302 1304 1303
f 1297 1298 1302 1301
f 1299 1303 1304 1300
f 1297 1301 1303 1299
f 1298 1300 1304 1302
g BASE_ACC-026_ACC_support_column
usemtl steel
f 1305 1307 1308 1306
f 1309 1310 1312 1311
f 1305 1306 1310 1309
f 1307 1311 1312 1308
f 1305 1309 1311 1307
f 1306 1308 1312 1310
g BASE_ACC-027_ACC_support_column
usemtl steel
f 1313 1315 1316 1314
f 1317 1318 1320 1319
f 1313 1314 1318 1317
f 1315 1319 1320 1316
f 1313 1317 1319 1315
f 1314 1316 1320 1318
g BASE_ACC-028_ACC_support_column
usemtl steel
f 1321 1323 1324 1322
f 1325 1326 1328 1327
f 1321 1322 1326 1325
f 1323 1327 1328 1324
f 1321 1325 1327 1323
f 1322 1324 1328 1326
g BASE_ACC-029_ACC_support_column
usemtl steel
f 1329 1331 1332 1330
f 1333 1334 1336 1335
f 1329 1330 1334 1333
f 1331 1335 1336 1332
f 1329 1333 1335 1331
f 1330 1332 1336 1334
g BASE_ACC-030_ACC_support_column
usemtl steel
f 1337 1339 1340 1338
f 1341 1342 1344 1343
f 1337 1338 1342 1341
f 1339 1343 1344 1340
f 1337 1341 1343 1339
f 1338 1340 1344 1342
g BASE_ACC-031_ACC_support_column
usemtl steel
f 1345 1347 1348 1346
f 1349 1350 1352 1351
f 1345 1346 1350 1349
f 1347 1351 1352 1348
f 1345 1349 1351 1347
f 1346 1348 1352 1350
g BASE_ACC-032_ACC_support_column
usemtl steel
f 1353 1355 1356 1354
f 1357 1358 1360 1359
f 1353 1354 1358 1357
f 1355 1359 1360 1356
f 1353 1357 1359 1355
f 1354 1356 1360 1358
g BASE_ACC-033_ACC_support_column
usemtl steel
f 1361 1363 1364 1362
f 1365 1366 1368 1367
f 1361 1362 1366 1365
f 1363 1367 1368 1364
f 1361 1365 1367 1363
f 1362 1364 1368 1366
g BASE_ACC-034_ACC_support_column
usemtl steel
f 1369 1371 1372 1370
f 1373 1374 1376 1375
f 1369 1370 1374 1373
f 1371 1375 1376 1372
f 1369 1373 1375 1371
f 1370 1372 1376 1374
g BASE_ACC-035_ACC_support_column
usemtl steel
f 1377 1379 1380 1378
f 1381 1382 1384 1383
f 1377 1378 1382 1381
f 1379 1383 1384 1380
f 1377 1381 1383 1379
f 1378 1380 1384 1382
g BASE_ACC-036_ACC_support_column
usemtl steel
f 1385 1387 1388 1386
f 1389 1390 1392 1391
f 1385 1386 1390 1389
f 1387 1391 1392 1388
f 1385 1389 1391 1387
f 1386 1388 1392 1390
g BASE_ACC-037_ACC_support_column
usemtl steel
f 1393 1395 1396 1394
f 1397 1398 1400 1399
f 1393 1394 1398 1397
f 1395 1399 1400 1396
f 1393 1397 1399 1395
f 1394 1396 1400 1398
g BASE_ACC-038_ACC_support_column
usemtl steel
f 1401 1403 1404 1402
f 1405 1406 1408 1407
f 1401 1402 1406 1405
f 1403 1407 1408 1404
f 1401 1405 1407 1403
f 1402 1404 1408 1406
g BASE_ACC-039_ACC_support_column
usemtl steel
f 1409 1411 1412 1410
f 1413 1414 1416 1415
f 1409 1410 1414 1413
f 1411 1415 1416 1412
f 1409 1413 1415 1411
f 1410 1412 1416 1414
g BASE_ACC-040_ACC_support_column
usemtl steel
f 1417 1419 1420 1418
f 1421 1422 1424 1423
f 1417 1418 1422 1421
f 1419 1423 1424 1420
f 1417 1421 1423 1419
f 1418 1420 1424 1422
g BASE_ACC-041_ACC_support_column
usemtl steel
f 1425 1427 1428 1426
f 1429 1430 1432 1431
f 1425 1426 1430 1429
f 1427 1431 1432 1428
f 1425 1429 1431 1427
f 1426 1428 1432 1430
g BASE_ACC-042_ACC_support_column
usemtl steel
f 1433 1435 1436 1434
f 1437 1438 1440 1439
f 1433 1434 1438 1437
f 1435 1439 1440 1436
f 1433 1437 1439 1435
f 1434 1436 1440 1438
g BASE_ACC-043_ACC_support_column
usemtl steel
f 1441 1443 1444 1442
f 1445 1446 1448 1447
f 1441 1442 1446 1445
f 1443 1447 1448 1444
f 1441 1445 1447 1443
f 1442 1444 1448 1446
g BASE_ACC-044_ACC_support_column
usemtl steel
f 1449 1451 1452 1450
f 1453 1454 1456 1455
f 1449 1450 1454 1453
f 1451 1455 1456 1452
f 1449 1453 1455 1451
f 1450 1452 1456 1454
g BASE_ACC-045_ACC_support_column
usemtl steel
f 1457 1459 1460 1458
f 1461 1462 1464 1463
f 1457 1458 1462 1461
f 1459 1463 1464 1460
f 1457 1461 1463 1459
f 1458 1460 1464 1462
g BASE_ACC-046_ACC_support_column
usemtl steel
f 1465 1467 1468 1466
f 1469 1470 1472 1471
f 1465 1466 1470 1469
f 1467 1471 1472 1468
f 1465 1469 1471 1467
f 1466 1468 1472 1470
g BASE_ACC-047_ACC_support_column
usemtl steel
f 1473 1475 1476 1474
f 1477 1478 1480 1479
f 1473 1474 1478 1477
f 1475 1479 1480 1476
f 1473 1477 1479 1475
f 1474 1476 1480 1478
g BASE_ACC-048_ACC_support_column
usemtl steel
f 1481 1483 1484 1482
f 1485 1486 1488 1487
f 1481 1482 1486 1485
f 1483 1487 1488 1484
f 1481 1485 1487 1483
f 1482 1484 1488 1486
g BASE_ACC-049_ACC_support_column
usemtl steel
f 1489 1491 1492 1490
f 1493 1494 1496 1495
f 1489 1490 1494 1493
f 1491 1495 1496 1492
f 1489 1493 1495 1491
f 1490 1492 1496 1494
g BASE_ACC-050_ACC_support_column
usemtl steel
f 1497 1499 1500 1498
f 1501 1502 1504 1503
f 1497 1498 1502 1501
f 1499 1503 1504 1500
f 1497 1501 1503 1499
f 1498 1500 1504 1502
g BASE_ACC-051_ACC_support_column
usemtl steel
f 1505 1507 1508 1506
f 1509 1510 1512 1511
f 1505 1506 1510 1509
f 1507 1511 1512 1508
f 1505 1509 1511 1507
f 1506 1508 1512 1510
g BASE_ACC-052_ACC_support_column
usemtl steel
f 1513 1515 1516 1514
f 1517 1518 1520 1519
f 1513 1514 1518 1517
f 1515 1519 1520 1516
f 1513 1517 1519 1515
f 1514 1516 1520 1518
g BASE_ACC-053_ACC_support_column
usemtl steel
f 1521 1523 1524 1522
f 1525 1526 1528 1527
f 1521 1522 1526 1525
f 1523 1527 1528 1524
f 1521 1525 1527 1523
f 1522 1524 1528 1526
g BASE_ACC-054_ACC_support_column
usemtl steel
f 1529 1531 1532 1530
f 1533 1534 1536 1535
f 1529 1530 1534 1533
f 1531 1535 1536 1532
f 1529 1533 1535 1531
f 1530 1532 1536 1534
g BASE_ACC-055_ACC_support_column
usemtl steel
f 1537 1539 1540 1538
f 1541 1542 1544 1543
f 1537 1538 1542 1541
f 1539 1543 1544 1540
f 1537 1541 1543 1539
f 1538 1540 1544 1542
g BASE_ACC-056_ACC_support_column
usemtl steel
f 1545 1547 1548 1546
f 1549 1550 1552 1551
f 1545 1546 1550 1549
f 1547 1551 1552 1548
f 1545 1549 1551 1547
f 1546 1548 1552 1550
g BASE_ACC-057_ACC_support_column
usemtl steel
f 1553 1555 1556 1554
f 1557 1558 1560 1559
f 1553 1554 1558 1557
f 1555 1559 1560 1556
f 1553 1557 1559 1555
f 1554 1556 1560 1558
g BASE_ACC-058_ACC_support_column
usemtl steel
f 1561 1563 1564 1562
f 1565 1566 1568 1567
f 1561 1562 1566 1565
f 1563 1567 1568 1564
f 1561 1565 1567 1563
f 1562 1564 1568 1566
g BASE_ACC-059_ACC_support_column
usemtl steel
f 1569 1571 1572 1570
f 1573 1574 1576 1575
f 1569 1570 1574 1573
f 1571 1575 1576 1572
f 1569 1573 1575 1571
f 1570 1572 1576 1574
g BASE_ACC-060_ACC_support_column
usemtl steel
f 1577 1579 1580 1578
f 1581 1582 1584 1583
f 1577 1578 1582 1581
f 1579 1583 1584 1580
f 1577 1581 1583 1579
f 1578 1580 1584 1582
g BASE_ACC-061_ACC_support_column
usemtl steel
f 1585 1587 1588 1586
f 1589 1590 1592 1591
f 1585 1586 1590 1589
f 1587 1591 1592 1588
f 1585 1589 1591 1587
f 1586 1588 1592 1590
g BASE_ACC-062_ACC_support_column
usemtl steel
f 1593 1595 1596 1594
f 1597 1598 1600 1599
f 1593 1594 1598 1597
f 1595 1599 1600 1596
f 1593 1597 1599 1595
f 1594 1596 1600 1598
g BASE_ACC-063_ACC_support_column
usemtl steel
f 1601 1603 1604 1602
f 1605 1606 1608 1607
f 1601 1602 1606 1605
f 1603 1607 1608 1604
f 1601 1605 1607 1603
f 1602 1604 1608 1606
g BASE_ACC-064_ACC_support_column
usemtl steel
f 1609 1611 1612 1610
f 1613 1614 1616 1615
f 1609 1610 1614 1613
f 1611 1615 1616 1612
f 1609 1613 1615 1611
f 1610 1612 1616 1614
g BASE_ACC-065_ACC_support_column
usemtl steel
f 1617 1619 1620 1618
f 1621 1622 1624 1623
f 1617 1618 1622 1621
f 1619 1623 1624 1620
f 1617 1621 1623 1619
f 1618 1620 1624 1622
g BASE_ACC-066_ACC_support_column
usemtl steel
f 1625 1627 1628 1626
f 1629 1630 1632 1631
f 1625 1626 1630 1629
f 1627 1631 1632 1628
f 1625 1629 1631 1627
f 1626 1628 1632 1630
g BASE_ACC-067_ACC_support_column
usemtl steel
f 1633 1635 1636 1634
f 1637 1638 1640 1639
f 1633 1634 1638 1637
f 1635 1639 1640 1636
f 1633 1637 1639 1635
f 1634 1636 1640 1638
g BASE_ACC-068_ACC_support_column
usemtl steel
f 1641 1643 1644 1642
f 1645 1646 1648 1647
f 1641 1642 1646 1645
f 1643 1647 1648 1644
f 1641 1645 1647 1643
f 1642 1644 1648 1646
g BASE_ACC-069_ACC_support_column
usemtl steel
f 1649 1651 1652 1650
f 1653 1654 1656 1655
f 1649 1650 1654 1653
f 1651 1655 1656 1652
f 1649 1653 1655 1651
f 1650 1652 1656 1654
g BASE_ACC-070_ACC_support_column
usemtl steel
f 1657 1659 1660 1658
f 1661 1662 1664 1663
f 1657 1658 1662 1661
f 1659 1663 1664 1660
f 1657 1661 1663 1659
f 1658 1660 1664 1662
g BASE_ACC-071_ACC_support_column
usemtl steel
f 1665 1667 1668 1666
f 1669 1670 1672 1671
f 1665 1666 1670 1669
f 1667 1671 1672 1668
f 1665 1669 1671 1667
f 1666 1668 1672 1670
g BASE_ACC-072_ACC_support_column
usemtl steel
f 1673 1675 1676 1674
f 1677 1678 1680 1679
f 1673 1674 1678 1677
f 1675 1679 1680 1676
f 1673 1677 1679 1675
f 1674 1676 1680 1678
g BASE_ACC-073_ACC_support_column
usemtl steel
f 1681 1683 1684 1682
f 1685 1686 1688 1687
f 1681 1682 1686 1685
f 1683 1687 1688 1684
f 1681 1685 1687 1683
f 1682 1684 1688 1686
g BASE_ACC-074_ACC_support_column
usemtl steel
f 1689 1691 1692 1690
f 1693 1694 1696 1695
f 1689 1690 1694 1693
f 1691 1695 1696 1692
f 1689 1693 1695 1691
f 1690 1692 1696 1694
g BASE_ACC-075_ACC_support_column
usemtl steel
f 1697 1699 1700 1698
f 1701 1702 1704 1703
f 1697 1698 1702 1701
f 1699 1703 1704 1700
f 1697 1701 1703 1699
f 1698 1700 1704 1702
g BASE_ACC-076_ACC_support_column
usemtl steel
f 1705 1707 1708 1706
f 1709 1710 1712 1711
f 1705 1706 1710 1709
f 1707 1711 1712 1708
f 1705 1709 1711 1707
f 1706 1708 1712 1710
g BASE_ACC-077_ACC_support_column
usemtl steel
f 1713 1715 1716 1714
f 1717 1718 1720 1719
f 1713 1714 1718 1717
f 1715 1719 1720 1716
f 1713 1717 1719 1715
f 1714 1716 1720 1718
g BASE_ACC-078_ACC_support_column
usemtl steel
f 1721 1723 1724 1722
f 1725 1726 1728 1727
f 1721 1722 1726 1725
f 1723 1727 1728 1724
f 1721 1725 1727 1723
f 1722 1724 1728 1726
g BASE_ACC-079_ACC_support_column
usemtl steel
f 1729 1731 1732 1730
f 1733 1734 1736 1735
f 1729 1730 1734 1733
f 1731 1735 1736 1732
f 1729 1733 1735 1731
f 1730 1732 1736 1734
g BASE_ACC-080_ACC_support_column
usemtl steel
f 1737 1739 1740 1738
f 1741 1742 1744 1743
f 1737 1738 1742 1741
f 1739 1743 1744 1740
f 1737 1741 1743 1739
f 1738 1740 1744 1742
g BASE_ACC-081_ACC_support_column
usemtl steel
f 1745 1747 1748 1746
f 1749 1750 1752 1751
f 1745 1746 1750 1749
f 1747 1751 1752 1748
f 1745 1749 1751 1747
f 1746 1748 1752 1750
g BASE_ACC-082_ACC_support_column
usemtl steel
f 1753 1755 1756 1754
f 1757 1758 1760 1759
f 1753 1754 1758 1757
f 1755 1759 1760 1756
f 1753 1757 1759 1755
f 1754 1756 1760 1758
g BASE_ACC-083_ACC_support_column
usemtl steel
f 1761 1763 1764 1762
f 1765 1766 1768 1767
f 1761 1762 1766 1765
f 1763 1767 1768 1764
f 1761 1765 1767 1763
f 1762 1764 1768 1766
g BASE_ACC-084_ACC_support_column
usemtl steel
f 1769 1771 1772 1770
f 1773 1774 1776 1775
f 1769 1770 1774 1773
f 1771 1775 1776 1772
f 1769 1773 1775 1771
f 1770 1772 1776 1774
g BASE_ACC-085_ACC_support_column
usemtl steel
f 1777 1779 1780 1778
f 1781 1782 1784 1783
f 1777 1778 1782 1781
f 1779 1783 1784 1780
f 1777 1781 1783 1779
f 1778 1780 1784 1782
g BASE_ACC-086_ACC_support_column
usemtl steel
f 1785 1787 1788 1786
f 1789 1790 1792 1791
f 1785 1786 1790 1789
f 1787 1791 1792 1788
f 1785 1789 1791 1787
f 1786 1788 1792 1790
g BASE_ACC-087_ACC_support_column
usemtl steel
f 1793 1795 1796 1794
f 1797 1798 1800 1799
f 1793 1794 1798 1797
f 1795 1799 1800 1796
f 1793 1797 1799 1795
f 1794 1796 1800 1798
g BASE_ACC-088_ACC_support_column
usemtl steel
f 1801 1803 1804 1802
f 1805 1806 1808 1807
f 1801 1802 1806 1805
f 1803 1807 1808 1804
f 1801 1805 1807 1803
f 1802 1804 1808 1806
g BASE_ACC-089_ACC_support_column
usemtl steel
f 1809 1811 1812 1810
f 1813 1814 1816 1815
f 1809 1810 1814 1813
f 1811 1815 1816 1812
f 1809 1813 1815 1811
f 1810 1812 1816 1814
g BASE_ACC-090_ACC_support_column
usemtl steel
f 1817 1819 1820 1818
f 1821 1822 1824 1823
f 1817 1818 1822 1821
f 1819 1823 1824 1820
f 1817 1821 1823 1819
f 1818 1820 1824 1822
g BASE_ACC-091_ACC_support_column
usemtl steel
f 1825 1827 1828 1826
f 1829 1830 1832 1831
f 1825 1826 1830 1829
f 1827 1831 1832 1828
f 1825 1829 1831 1827
f 1826 1828 1832 1830
g BASE_ACC-092_ACC_support_column
usemtl steel
f 1833 1835 1836 1834
f 1837 1838 1840 1839
f 1833 1834 1838 1837
f 1835 1839 1840 1836
f 1833 1837 1839 1835
f 1834 1836 1840 1838
g BASE_ACC-093_ACC_support_column
usemtl steel
f 1841 1843 1844 1842
f 1845 1846 1848 1847
f 1841 1842 1846 1845
f 1843 1847 1848 1844
f 1841 1845 1847 1843
f 1842 1844 1848 1846
g BASE_ACC-094_ACC_support_column
usemtl steel
f 1849 1851 1852 1850
f 1853 1854 1856 1855
f 1849 1850 1854 1853
f 1851 1855 1856 1852
f 1849 1853 1855 1851
f 1850 1852 1856 1854
g BASE_ACC-095_ACC_support_column
usemtl steel
f 1857 1859 1860 1858
f 1861 1862 1864 1863
f 1857 1858 1862 1861
f 1859 1863 1864 1860
f 1857 1861 1863 1859
f 1858 1860 1864 1862
g BASE_ACC-096_ACC_support_column
usemtl steel
f 1865 1867 1868 1866
f 1869 1870 1872 1871
f 1865 1866 1870 1869
f 1867 1871 1872 1868
f 1865 1869 1871 1867
f 1866 1868 1872 1870
g BASE_ACC-097_ACC_support_column
usemtl steel
f 1873 1875 1876 1874
f 1877 1878 1880 1879
f 1873 1874 1878 1877
f 1875 1879 1880 1876
f 1873 1877 1879 1875
f 1874 1876 1880 1878
g BASE_ACC-098_ACC_support_column
usemtl steel
f 1881 1883 1884 1882
f 1885 1886 1888 1887
f 1881 1882 1886 1885
f 1883 1887 1888 1884
f 1881 1885 1887 1883
f 1882 1884 1888 1886
g BASE_ACC-099_ACC_support_column
usemtl steel
f 1889 1891 1892 1890
f 1893 1894 1896 1895
f 1889 1890 1894 1893
f 1891 1895 1896 1892
f 1889 1893 1895 1891
f 1890 1892 1896 1894
g BASE_ACC-100_ACC_support_column
usemtl steel
f 1897 1899 1900 1898
f 1901 1902 1904 1903
f 1897 1898 1902 1901
f 1899 1903 1904 1900
f 1897 1901 1903 1899
f 1898 1900 1904 1902
g BASE_ACC-101_ACC_support_column
usemtl steel
f 1905 1907 1908 1906
f 1909 1910 1912 1911
f 1905 1906 1910 1909
f 1907 1911 1912 1908
f 1905 1909 1911 1907
f 1906 1908 1912 1910
g BASE_ACC-102_ACC_support_column
usemtl steel
f 1913 1915 1916 1914
f 1917 1918 1920 1919
f 1913 1914 1918 1917
f 1915 1919 1920 1916
f 1913 1917 1919 1915
f 1914 1916 1920 1918
g BASE_ACC-103_ACC_support_column
usemtl steel
f 1921 1923 1924 1922
f 1925 1926 1928 1927
f 1921 1922 1926 1925
f 1923 1927 1928 1924
f 1921 1925 1927 1923
f 1922 1924 1928 1926
g BASE_ACC-104_ACC_support_column
usemtl steel
f 1929 1931 1932 1930
f 1933 1934 1936 1935
f 1929 1930 1934 1933
f 1931 1935 1936 1932
f 1929 1933 1935 1931
f 1930 1932 1936 1934
g BASE_ACC-105_ACC_support_column
usemtl steel
f 1937 1939 1940 1938
f 1941 1942 1944 1943
f 1937 1938 1942 1941
f 1939 1943 1944 1940
f 1937 1941 1943 1939
f 1938 1940 1944 1942
g BASE_ACC-106_ACC_support_column
usemtl steel
f 1945 1947 1948 1946
f 1949 1950 1952 1951
f 1945 1946 1950 1949
f 1947 1951 1952 1948
f 1945 1949 1951 1947
f 1946 1948 1952 1950
g BASE_ACC-107_ACC_support_column
usemtl steel
f 1953 1955 1956 1954
f 1957 1958 1960 1959
f 1953 1954 1958 1957
f 1955 1959 1960 1956
f 1953 1957 1959 1955
f 1954 1956 1960 1958
g BASE_ACC-108_ACC_support_column
usemtl steel
f 1961 1963 1964 1962
f 1965 1966 1968 1967
f 1961 1962 1966 1965
f 1963 1967 1968 1964
f 1961 1965 1967 1963
f 1962 1964 1968 1966
g BASE_ACC-109_ACC_support_column
usemtl steel
f 1969 1971 1972 1970
f 1973 1974 1976 1975
f 1969 1970 1974 1973
f 1971 1975 1976 1972
f 1969 1973 1975 1971
f 1970 1972 1976 1974
g BASE_ACC-110_ACC_support_column
usemtl steel
f 1977 1979 1980 1978
f 1981 1982 1984 1983
f 1977 1978 1982 1981
f 1979 1983 1984 1980
f 1977 1981 1983 1979
f 1978 1980 1984 1982
g BASE_ACC-111_ACC_support_column
usemtl steel
f 1985 1987 1988 1986
f 1989 1990 1992 1991
f 1985 1986 1990 1989
f 1987 1991 1992 1988
f 1985 1989 1991 1987
f 1986 1988 1992 1990
g BASE_ACC-112_ACC_support_column
usemtl steel
f 1993 1995 1996 1994
f 1997 1998 2000 1999
f 1993 1994 1998 1997
f 1995 1999 2000 1996
f 1993 1997 1999 1995
f 1994 1996 2000 1998
g BASE_ACC-113_ACC_support_column
usemtl steel
f 2001 2003 2004 2002
f 2005 2006 2008 2007
f 2001 2002 2006 2005
f 2003 2007 2008 2004
f 2001 2005 2007 2003
f 2002 2004 2008 2006
g BASE_ACC-114_ACC_support_column
usemtl steel
f 2009 2011 2012 2010
f 2013 2014 2016 2015
f 2009 2010 2014 2013
f 2011 2015 2016 2012
f 2009 2013 2015 2011
f 2010 2012 2016 2014
g BASE_ACC-115_ACC_support_column
usemtl steel
f 2017 2019 2020 2018
f 2021 2022 2024 2023
f 2017 2018 2022 2021
f 2019 2023 2024 2020
f 2017 2021 2023 2019
f 2018 2020 2024 2022
g BASE_ACC-116_ACC_support_column
usemtl steel
f 2025 2027 2028 2026
f 2029 2030 2032 2031
f 2025 2026 2030 2029
f 2027 2031 2032 2028
f 2025 2029 2031 2027
f 2026 2028 2032 2030
g BASE_ACC-117_ACC_support_column
usemtl steel
f 2033 2035 2036 2034
f 2037 2038 2040 2039
f 2033 2034 2038 2037
f 2035 2039 2040 2036
f 2033 2037 2039 2035
f 2034 2036 2040 2038
g BASE_ACC-118_ACC_support_column
usemtl steel
f 2041 2043 2044 2042
f 2045 2046 2048 2047
f 2041 2042 2046 2045
f 2043 2047 2048 2044
f 2041 2045 2047 2043
f 2042 2044 2048 2046
g BASE_ACC-119_ACC_support_column
usemtl steel
f 2049 2051 2052 2050
f 2053 2054 2056 2055
f 2049 2050 2054 2053
f 2051 2055 2056 2052
f 2049 2053 2055 2051
f 2050 2052 2056 2054
g BASE_ACC-120_ACC_support_column
usemtl steel
f 2057 2059 2060 2058
f 2061 2062 2064 2063
f 2057 2058 2062 2061
f 2059 2063 2064 2060
f 2057 2061 2063 2059
f 2058 2060 2064 2062
g BASE_ACC-121_ACC_F01_fan
usemtl fan
f 2065 2066 2098 2097
f 2066 2067 2099 2098
f 2067 2068 2100 2099
f 2068 2069 2101 2100
f 2069 2070 2102 2101
f 2070 2071 2103 2102
f 2071 2072 2104 2103
f 2072 2073 2105 2104
f 2073 2074 2106 2105
f 2074 2075 2107 2106
f 2075 2076 2108 2107
f 2076 2077 2109 2108
f 2077 2078 2110 2109
f 2078 2079 2111 2110
f 2079 2080 2112 2111
f 2080 2081 2113 2112
f 2081 2082 2114 2113
f 2082 2083 2115 2114
f 2083 2084 2116 2115
f 2084 2085 2117 2116
f 2085 2086 2118 2117
f 2086 2087 2119 2118
f 2087 2088 2120 2119
f 2088 2089 2121 2120
f 2089 2090 2122 2121
f 2090 2091 2123 2122
f 2091 2092 2124 2123
f 2092 2093 2125 2124
f 2093 2094 2126 2125
f 2094 2095 2127 2126
f 2095 2096 2128 2127
f 2096 2065 2097 2128
f 2096 2095 2094 2093 2092 2091 2090 2089 2088 2087 2086 2085 2084 2083 2082 2081 2080 2079 2078 2077 2076 2075 2074 2073 2072 2071 2070 2069 2068 2067 2066 2065
f 2097 2098 2099 2100 2101 2102 2103 2104 2105 2106 2107 2108 2109 2110 2111 2112 2113 2114 2115 2116 2117 2118 2119 2120 2121 2122 2123 2124 2125 2126 2127 2128
g BASE_ACC-122_ACC_F02_fan
usemtl fan
f 2129 2130 2162 2161
f 2130 2131 2163 2162
f 2131 2132 2164 2163
f 2132 2133 2165 2164
f 2133 2134 2166 2165
f 2134 2135 2167 2166
f 2135 2136 2168 2167
f 2136 2137 2169 2168
f 2137 2138 2170 2169
f 2138 2139 2171 2170
f 2139 2140 2172 2171
f 2140 2141 2173 2172
f 2141 2142 2174 2173
f 2142 2143 2175 2174
f 2143 2144 2176 2175
f 2144 2145 2177 2176
f 2145 2146 2178 2177
f 2146 2147 2179 2178
f 2147 2148 2180 2179
f 2148 2149 2181 2180
f 2149 2150 2182 2181
f 2150 2151 2183 2182
f 2151 2152 2184 2183
f 2152 2153 2185 2184
f 2153 2154 2186 2185
f 2154 2155 2187 2186
f 2155 2156 2188 2187
f 2156 2157 2189 2188
f 2157 2158 2190 2189
f 2158 2159 2191 2190
f 2159 2160 2192 2191
f 2160 2129 2161 2192
f 2160 2159 2158 2157 2156 2155 2154 2153 2152 2151 2150 2149 2148 2147 2146 2145 2144 2143 2142 2141 2140 2139 2138 2137 2136 2135 2134 2133 2132 2131 2130 2129
f 2161 2162 2163 2164 2165 2166 2167 2168 2169 2170 2171 2172 2173 2174 2175 2176 2177 2178 2179 2180 2181 2182 2183 2184 2185 2186 2187 2188 2189 2190 2191 2192
g BASE_ACC-123_ACC_F03_fan
usemtl fan
f 2193 2194 2226 2225
f 2194 2195 2227 2226
f 2195 2196 2228 2227
f 2196 2197 2229 2228
f 2197 2198 2230 2229
f 2198 2199 2231 2230
f 2199 2200 2232 2231
f 2200 2201 2233 2232
f 2201 2202 2234 2233
f 2202 2203 2235 2234
f 2203 2204 2236 2235
f 2204 2205 2237 2236
f 2205 2206 2238 2237
f 2206 2207 2239 2238
f 2207 2208 2240 2239
f 2208 2209 2241 2240
f 2209 2210 2242 2241
f 2210 2211 2243 2242
f 2211 2212 2244 2243
f 2212 2213 2245 2244
f 2213 2214 2246 2245
f 2214 2215 2247 2246
f 2215 2216 2248 2247
f 2216 2217 2249 2248
f 2217 2218 2250 2249
f 2218 2219 2251 2250
f 2219 2220 2252 2251
f 2220 2221 2253 2252
f 2221 2222 2254 2253
f 2222 2223 2255 2254
f 2223 2224 2256 2255
f 2224 2193 2225 2256
f 2224 2223 2222 2221 2220 2219 2218 2217 2216 2215 2214 2213 2212 2211 2210 2209 2208 2207 2206 2205 2204 2203 2202 2201 2200 2199 2198 2197 2196 2195 2194 2193
f 2225 2226 2227 2228 2229 2230 2231 2232 2233 2234 2235 2236 2237 2238 2239 2240 2241 2242 2243 2244 2245 2246 2247 2248 2249 2250 2251 2252 2253 2254 2255 2256
g BASE_ACC-124_ACC_F04_fan
usemtl fan
f 2257 2258 2290 2289
f 2258 2259 2291 2290
f 2259 2260 2292 2291
f 2260 2261 2293 2292
f 2261 2262 2294 2293
f 2262 2263 2295 2294
f 2263 2264 2296 2295
f 2264 2265 2297 2296
f 2265 2266 2298 2297
f 2266 2267 2299 2298
f 2267 2268 2300 2299
f 2268 2269 2301 2300
f 2269 2270 2302 2301
f 2270 2271 2303 2302
f 2271 2272 2304 2303
f 2272 2273 2305 2304
f 2273 2274 2306 2305
f 2274 2275 2307 2306
f 2275 2276 2308 2307
f 2276 2277 2309 2308
f 2277 2278 2310 2309
f 2278 2279 2311 2310
f 2279 2280 2312 2311
f 2280 2281 2313 2312
f 2281 2282 2314 2313
f 2282 2283 2315 2314
f 2283 2284 2316 2315
f 2284 2285 2317 2316
f 2285 2286 2318 2317
f 2286 2287 2319 2318
f 2287 2288 2320 2319
f 2288 2257 2289 2320
f 2288 2287 2286 2285 2284 2283 2282 2281 2280 2279 2278 2277 2276 2275 2274 2273 2272 2271 2270 2269 2268 2267 2266 2265 2264 2263 2262 2261 2260 2259 2258 2257
f 2289 2290 2291 2292 2293 2294 2295 2296 2297 2298 2299 2300 2301 2302 2303 2304 2305 2306 2307 2308 2309 2310 2311 2312 2313 2314 2315 2316 2317 2318 2319 2320
g BASE_ACC-125_ACC_F05_fan
usemtl fan
f 2321 2322 2354 2353
f 2322 2323 2355 2354
f 2323 2324 2356 2355
f 2324 2325 2357 2356
f 2325 2326 2358 2357
f 2326 2327 2359 2358
f 2327 2328 2360 2359
f 2328 2329 2361 2360
f 2329 2330 2362 2361
f 2330 2331 2363 2362
f 2331 2332 2364 2363
f 2332 2333 2365 2364
f 2333 2334 2366 2365
f 2334 2335 2367 2366
f 2335 2336 2368 2367
f 2336 2337 2369 2368
f 2337 2338 2370 2369
f 2338 2339 2371 2370
f 2339 2340 2372 2371
f 2340 2341 2373 2372
f 2341 2342 2374 2373
f 2342 2343 2375 2374
f 2343 2344 2376 2375
f 2344 2345 2377 2376
f 2345 2346 2378 2377
f 2346 2347 2379 2378
f 2347 2348 2380 2379
f 2348 2349 2381 2380
f 2349 2350 2382 2381
f 2350 2351 2383 2382
f 2351 2352 2384 2383
f 2352 2321 2353 2384
f 2352 2351 2350 2349 2348 2347 2346 2345 2344 2343 2342 2341 2340 2339 2338 2337 2336 2335 2334 2333 2332 2331 2330 2329 2328 2327 2326 2325 2324 2323 2322 2321
f 2353 2354 2355 2356 2357 2358 2359 2360 2361 2362 2363 2364 2365 2366 2367 2368 2369 2370 2371 2372 2373 2374 2375 2376 2377 2378 2379 2380 2381 2382 2383 2384
g BASE_ACC-126_ACC_F06_fan
usemtl fan
f 2385 2386 2418 2417
f 2386 2387 2419 2418
f 2387 2388 2420 2419
f 2388 2389 2421 2420
f 2389 2390 2422 2421
f 2390 2391 2423 2422
f 2391 2392 2424 2423
f 2392 2393 2425 2424
f 2393 2394 2426 2425
f 2394 2395 2427 2426
f 2395 2396 2428 2427
f 2396 2397 2429 2428
f 2397 2398 2430 2429
f 2398 2399 2431 2430
f 2399 2400 2432 2431
f 2400 2401 2433 2432
f 2401 2402 2434 2433
f 2402 2403 2435 2434
f 2403 2404 2436 2435
f 2404 2405 2437 2436
f 2405 2406 2438 2437
f 2406 2407 2439 2438
f 2407 2408 2440 2439
f 2408 2409 2441 2440
f 2409 2410 2442 2441
f 2410 2411 2443 2442
f 2411 2412 2444 2443
f 2412 2413 2445 2444
f 2413 2414 2446 2445
f 2414 2415 2447 2446
f 2415 2416 2448 2447
f 2416 2385 2417 2448
f 2416 2415 2414 2413 2412 2411 2410 2409 2408 2407 2406 2405 2404 2403 2402 2401 2400 2399 2398 2397 2396 2395 2394 2393 2392 2391 2390 2389 2388 2387 2386 2385
f 2417 2418 2419 2420 2421 2422 2423 2424 2425 2426 2427 2428 2429 2430 2431 2432 2433 2434 2435 2436 2437 2438 2439 2440 2441 2442 2443 2444 2445 2446 2447 2448
g BASE_ACC-127_ACC_F07_fan
usemtl fan
f 2449 2450 2482 2481
f 2450 2451 2483 2482
f 2451 2452 2484 2483
f 2452 2453 2485 2484
f 2453 2454 2486 2485
f 2454 2455 2487 2486
f 2455 2456 2488 2487
f 2456 2457 2489 2488
f 2457 2458 2490 2489
f 2458 2459 2491 2490
f 2459 2460 2492 2491
f 2460 2461 2493 2492
f 2461 2462 2494 2493
f 2462 2463 2495 2494
f 2463 2464 2496 2495
f 2464 2465 2497 2496
f 2465 2466 2498 2497
f 2466 2467 2499 2498
f 2467 2468 2500 2499
f 2468 2469 2501 2500
f 2469 2470 2502 2501
f 2470 2471 2503 2502
f 2471 2472 2504 2503
f 2472 2473 2505 2504
f 2473 2474 2506 2505
f 2474 2475 2507 2506
f 2475 2476 2508 2507
f 2476 2477 2509 2508
f 2477 2478 2510 2509
f 2478 2479 2511 2510
f 2479 2480 2512 2511
f 2480 2449 2481 2512
f 2480 2479 2478 2477 2476 2475 2474 2473 2472 2471 2470 2469 2468 2467 2466 2465 2464 2463 2462 2461 2460 2459 2458 2457 2456 2455 2454 2453 2452 2451 2450 2449
f 2481 2482 2483 2484 2485 2486 2487 2488 2489 2490 2491 2492 2493 2494 2495 2496 2497 2498 2499 2500 2501 2502 2503 2504 2505 2506 2507 2508 2509 2510 2511 2512
g BASE_ACC-128_ACC_F08_fan
usemtl fan
f 2513 2514 2546 2545
f 2514 2515 2547 2546
f 2515 2516 2548 2547
f 2516 2517 2549 2548
f 2517 2518 2550 2549
f 2518 2519 2551 2550
f 2519 2520 2552 2551
f 2520 2521 2553 2552
f 2521 2522 2554 2553
f 2522 2523 2555 2554
f 2523 2524 2556 2555
f 2524 2525 2557 2556
f 2525 2526 2558 2557
f 2526 2527 2559 2558
f 2527 2528 2560 2559
f 2528 2529 2561 2560
f 2529 2530 2562 2561
f 2530 2531 2563 2562
f 2531 2532 2564 2563
f 2532 2533 2565 2564
f 2533 2534 2566 2565
f 2534 2535 2567 2566
f 2535 2536 2568 2567
f 2536 2537 2569 2568
f 2537 2538 2570 2569
f 2538 2539 2571 2570
f 2539 2540 2572 2571
f 2540 2541 2573 2572
f 2541 2542 2574 2573
f 2542 2543 2575 2574
f 2543 2544 2576 2575
f 2544 2513 2545 2576
f 2544 2543 2542 2541 2540 2539 2538 2537 2536 2535 2534 2533 2532 2531 2530 2529 2528 2527 2526 2525 2524 2523 2522 2521 2520 2519 2518 2517 2516 2515 2514 2513
f 2545 2546 2547 2548 2549 2550 2551 2552 2553 2554 2555 2556 2557 2558 2559 2560 2561 2562 2563 2564 2565 2566 2567 2568 2569 2570 2571 2572 2573 2574 2575 2576
g BASE_ACC-129_ACC_F09_fan
usemtl fan
f 2577 2578 2610 2609
f 2578 2579 2611 2610
f 2579 2580 2612 2611
f 2580 2581 2613 2612
f 2581 2582 2614 2613
f 2582 2583 2615 2614
f 2583 2584 2616 2615
f 2584 2585 2617 2616
f 2585 2586 2618 2617
f 2586 2587 2619 2618
f 2587 2588 2620 2619
f 2588 2589 2621 2620
f 2589 2590 2622 2621
f 2590 2591 2623 2622
f 2591 2592 2624 2623
f 2592 2593 2625 2624
f 2593 2594 2626 2625
f 2594 2595 2627 2626
f 2595 2596 2628 2627
f 2596 2597 2629 2628
f 2597 2598 2630 2629
f 2598 2599 2631 2630
f 2599 2600 2632 2631
f 2600 2601 2633 2632
f 2601 2602 2634 2633
f 2602 2603 2635 2634
f 2603 2604 2636 2635
f 2604 2605 2637 2636
f 2605 2606 2638 2637
f 2606 2607 2639 2638
f 2607 2608 2640 2639
f 2608 2577 2609 2640
f 2608 2607 2606 2605 2604 2603 2602 2601 2600 2599 2598 2597 2596 2595 2594 2593 2592 2591 2590 2589 2588 2587 2586 2585 2584 2583 2582 2581 2580 2579 2578 2577
f 2609 2610 2611 2612 2613 2614 2615 2616 2617 2618 2619 2620 2621 2622 2623 2624 2625 2626 2627 2628 2629 2630 2631 2632 2633 2634 2635 2636 2637 2638 2639 2640
g BASE_ACC-130_ACC_F10_fan
usemtl fan
f 2641 2642 2674 2673
f 2642 2643 2675 2674
f 2643 2644 2676 2675
f 2644 2645 2677 2676
f 2645 2646 2678 2677
f 2646 2647 2679 2678
f 2647 2648 2680 2679
f 2648 2649 2681 2680
f 2649 2650 2682 2681
f 2650 2651 2683 2682
f 2651 2652 2684 2683
f 2652 2653 2685 2684
f 2653 2654 2686 2685
f 2654 2655 2687 2686
f 2655 2656 2688 2687
f 2656 2657 2689 2688
f 2657 2658 2690 2689
f 2658 2659 2691 2690
f 2659 2660 2692 2691
f 2660 2661 2693 2692
f 2661 2662 2694 2693
f 2662 2663 2695 2694
f 2663 2664 2696 2695
f 2664 2665 2697 2696
f 2665 2666 2698 2697
f 2666 2667 2699 2698
f 2667 2668 2700 2699
f 2668 2669 2701 2700
f 2669 2670 2702 2701
f 2670 2671 2703 2702
f 2671 2672 2704 2703
f 2672 2641 2673 2704
f 2672 2671 2670 2669 2668 2667 2666 2665 2664 2663 2662 2661 2660 2659 2658 2657 2656 2655 2654 2653 2652 2651 2650 2649 2648 2647 2646 2645 2644 2643 2642 2641
f 2673 2674 2675 2676 2677 2678 2679 2680 2681 2682 2683 2684 2685 2686 2687 2688 2689 2690 2691 2692 2693 2694 2695 2696 2697 2698 2699 2700 2701 2702 2703 2704
g BASE_ACC-131_ACC_F11_fan
usemtl fan
f 2705 2706 2738 2737
f 2706 2707 2739 2738
f 2707 2708 2740 2739
f 2708 2709 2741 2740
f 2709 2710 2742 2741
f 2710 2711 2743 2742
f 2711 2712 2744 2743
f 2712 2713 2745 2744
f 2713 2714 2746 2745
f 2714 2715 2747 2746
f 2715 2716 2748 2747
f 2716 2717 2749 2748
f 2717 2718 2750 2749
f 2718 2719 2751 2750
f 2719 2720 2752 2751
f 2720 2721 2753 2752
f 2721 2722 2754 2753
f 2722 2723 2755 2754
f 2723 2724 2756 2755
f 2724 2725 2757 2756
f 2725 2726 2758 2757
f 2726 2727 2759 2758
f 2727 2728 2760 2759
f 2728 2729 2761 2760
f 2729 2730 2762 2761
f 2730 2731 2763 2762
f 2731 2732 2764 2763
f 2732 2733 2765 2764
f 2733 2734 2766 2765
f 2734 2735 2767 2766
f 2735 2736 2768 2767
f 2736 2705 2737 2768
f 2736 2735 2734 2733 2732 2731 2730 2729 2728 2727 2726 2725 2724 2723 2722 2721 2720 2719 2718 2717 2716 2715 2714 2713 2712 2711 2710 2709 2708 2707 2706 2705
f 2737 2738 2739 2740 2741 2742 2743 2744 2745 2746 2747 2748 2749 2750 2751 2752 2753 2754 2755 2756 2757 2758 2759 2760 2761 2762 2763 2764 2765 2766 2767 2768
g BASE_ACC-132_ACC_F12_fan
usemtl fan
f 2769 2770 2802 2801
f 2770 2771 2803 2802
f 2771 2772 2804 2803
f 2772 2773 2805 2804
f 2773 2774 2806 2805
f 2774 2775 2807 2806
f 2775 2776 2808 2807
f 2776 2777 2809 2808
f 2777 2778 2810 2809
f 2778 2779 2811 2810
f 2779 2780 2812 2811
f 2780 2781 2813 2812
f 2781 2782 2814 2813
f 2782 2783 2815 2814
f 2783 2784 2816 2815
f 2784 2785 2817 2816
f 2785 2786 2818 2817
f 2786 2787 2819 2818
f 2787 2788 2820 2819
f 2788 2789 2821 2820
f 2789 2790 2822 2821
f 2790 2791 2823 2822
f 2791 2792 2824 2823
f 2792 2793 2825 2824
f 2793 2794 2826 2825
f 2794 2795 2827 2826
f 2795 2796 2828 2827
f 2796 2797 2829 2828
f 2797 2798 2830 2829
f 2798 2799 2831 2830
f 2799 2800 2832 2831
f 2800 2769 2801 2832
f 2800 2799 2798 2797 2796 2795 2794 2793 2792 2791 2790 2789 2788 2787 2786 2785 2784 2783 2782 2781 2780 2779 2778 2777 2776 2775 2774 2773 2772 2771 2770 2769
f 2801 2802 2803 2804 2805 2806 2807 2808 2809 2810 2811 2812 2813 2814 2815 2816 2817 2818 2819 2820 2821 2822 2823 2824 2825 2826 2827 2828 2829 2830 2831 2832
g BASE_ACC-133_ACC_F13_fan
usemtl fan
f 2833 2834 2866 2865
f 2834 2835 2867 2866
f 2835 2836 2868 2867
f 2836 2837 2869 2868
f 2837 2838 2870 2869
f 2838 2839 2871 2870
f 2839 2840 2872 2871
f 2840 2841 2873 2872
f 2841 2842 2874 2873
f 2842 2843 2875 2874
f 2843 2844 2876 2875
f 2844 2845 2877 2876
f 2845 2846 2878 2877
f 2846 2847 2879 2878
f 2847 2848 2880 2879
f 2848 2849 2881 2880
f 2849 2850 2882 2881
f 2850 2851 2883 2882
f 2851 2852 2884 2883
f 2852 2853 2885 2884
f 2853 2854 2886 2885
f 2854 2855 2887 2886
f 2855 2856 2888 2887
f 2856 2857 2889 2888
f 2857 2858 2890 2889
f 2858 2859 2891 2890
f 2859 2860 2892 2891
f 2860 2861 2893 2892
f 2861 2862 2894 2893
f 2862 2863 2895 2894
f 2863 2864 2896 2895
f 2864 2833 2865 2896
f 2864 2863 2862 2861 2860 2859 2858 2857 2856 2855 2854 2853 2852 2851 2850 2849 2848 2847 2846 2845 2844 2843 2842 2841 2840 2839 2838 2837 2836 2835 2834 2833
f 2865 2866 2867 2868 2869 2870 2871 2872 2873 2874 2875 2876 2877 2878 2879 2880 2881 2882 2883 2884 2885 2886 2887 2888 2889 2890 2891 2892 2893 2894 2895 2896
g BASE_ACC-134_ACC_F14_fan
usemtl fan
f 2897 2898 2930 2929
f 2898 2899 2931 2930
f 2899 2900 2932 2931
f 2900 2901 2933 2932
f 2901 2902 2934 2933
f 2902 2903 2935 2934
f 2903 2904 2936 2935
f 2904 2905 2937 2936
f 2905 2906 2938 2937
f 2906 2907 2939 2938
f 2907 2908 2940 2939
f 2908 2909 2941 2940
f 2909 2910 2942 2941
f 2910 2911 2943 2942
f 2911 2912 2944 2943
f 2912 2913 2945 2944
f 2913 2914 2946 2945
f 2914 2915 2947 2946
f 2915 2916 2948 2947
f 2916 2917 2949 2948
f 2917 2918 2950 2949
f 2918 2919 2951 2950
f 2919 2920 2952 2951
f 2920 2921 2953 2952
f 2921 2922 2954 2953
f 2922 2923 2955 2954
f 2923 2924 2956 2955
f 2924 2925 2957 2956
f 2925 2926 2958 2957
f 2926 2927 2959 2958
f 2927 2928 2960 2959
f 2928 2897 2929 2960
f 2928 2927 2926 2925 2924 2923 2922 2921 2920 2919 2918 2917 2916 2915 2914 2913 2912 2911 2910 2909 2908 2907 2906 2905 2904 2903 2902 2901 2900 2899 2898 2897
f 2929 2930 2931 2932 2933 2934 2935 2936 2937 2938 2939 2940 2941 2942 2943 2944 2945 2946 2947 2948 2949 2950 2951 2952 2953 2954 2955 2956 2957 2958 2959 2960
g BASE_ACC-135_ACC_F15_fan
usemtl fan
f 2961 2962 2994 2993
f 2962 2963 2995 2994
f 2963 2964 2996 2995
f 2964 2965 2997 2996
f 2965 2966 2998 2997
f 2966 2967 2999 2998
f 2967 2968 3000 2999
f 2968 2969 3001 3000
f 2969 2970 3002 3001
f 2970 2971 3003 3002
f 2971 2972 3004 3003
f 2972 2973 3005 3004
f 2973 2974 3006 3005
f 2974 2975 3007 3006
f 2975 2976 3008 3007
f 2976 2977 3009 3008
f 2977 2978 3010 3009
f 2978 2979 3011 3010
f 2979 2980 3012 3011
f 2980 2981 3013 3012
f 2981 2982 3014 3013
f 2982 2983 3015 3014
f 2983 2984 3016 3015
f 2984 2985 3017 3016
f 2985 2986 3018 3017
f 2986 2987 3019 3018
f 2987 2988 3020 3019
f 2988 2989 3021 3020
f 2989 2990 3022 3021
f 2990 2991 3023 3022
f 2991 2992 3024 3023
f 2992 2961 2993 3024
f 2992 2991 2990 2989 2988 2987 2986 2985 2984 2983 2982 2981 2980 2979 2978 2977 2976 2975 2974 2973 2972 2971 2970 2969 2968 2967 2966 2965 2964 2963 2962 2961
f 2993 2994 2995 2996 2997 2998 2999 3000 3001 3002 3003 3004 3005 3006 3007 3008 3009 3010 3011 3012 3013 3014 3015 3016 3017 3018 3019 3020 3021 3022 3023 3024
g BASE_ACC-136_ACC_F16_fan
usemtl fan
f 3025 3026 3058 3057
f 3026 3027 3059 3058
f 3027 3028 3060 3059
f 3028 3029 3061 3060
f 3029 3030 3062 3061
f 3030 3031 3063 3062
f 3031 3032 3064 3063
f 3032 3033 3065 3064
f 3033 3034 3066 3065
f 3034 3035 3067 3066
f 3035 3036 3068 3067
f 3036 3037 3069 3068
f 3037 3038 3070 3069
f 3038 3039 3071 3070
f 3039 3040 3072 3071
f 3040 3041 3073 3072
f 3041 3042 3074 3073
f 3042 3043 3075 3074
f 3043 3044 3076 3075
f 3044 3045 3077 3076
f 3045 3046 3078 3077
f 3046 3047 3079 3078
f 3047 3048 3080 3079
f 3048 3049 3081 3080
f 3049 3050 3082 3081
f 3050 3051 3083 3082
f 3051 3052 3084 3083
f 3052 3053 3085 3084
f 3053 3054 3086 3085
f 3054 3055 3087 3086
f 3055 3056 3088 3087
f 3056 3025 3057 3088
f 3056 3055 3054 3053 3052 3051 3050 3049 3048 3047 3046 3045 3044 3043 3042 3041 3040 3039 3038 3037 3036 3035 3034 3033 3032 3031 3030 3029 3028 3027 3026 3025
f 3057 3058 3059 3060 3061 3062 3063 3064 3065 3066 3067 3068 3069 3070 3071 3072 3073 3074 3075 3076 3077 3078 3079 3080 3081 3082 3083 3084 3085 3086 3087 3088
g BASE_ACC-137_ACC_F17_fan
usemtl fan
f 3089 3090 3122 3121
f 3090 3091 3123 3122
f 3091 3092 3124 3123
f 3092 3093 3125 3124
f 3093 3094 3126 3125
f 3094 3095 3127 3126
f 3095 3096 3128 3127
f 3096 3097 3129 3128
f 3097 3098 3130 3129
f 3098 3099 3131 3130
f 3099 3100 3132 3131
f 3100 3101 3133 3132
f 3101 3102 3134 3133
f 3102 3103 3135 3134
f 3103 3104 3136 3135
f 3104 3105 3137 3136
f 3105 3106 3138 3137
f 3106 3107 3139 3138
f 3107 3108 3140 3139
f 3108 3109 3141 3140
f 3109 3110 3142 3141
f 3110 3111 3143 3142
f 3111 3112 3144 3143
f 3112 3113 3145 3144
f 3113 3114 3146 3145
f 3114 3115 3147 3146
f 3115 3116 3148 3147
f 3116 3117 3149 3148
f 3117 3118 3150 3149
f 3118 3119 3151 3150
f 3119 3120 3152 3151
f 3120 3089 3121 3152
f 3120 3119 3118 3117 3116 3115 3114 3113 3112 3111 3110 3109 3108 3107 3106 3105 3104 3103 3102 3101 3100 3099 3098 3097 3096 3095 3094 3093 3092 3091 3090 3089
f 3121 3122 3123 3124 3125 3126 3127 3128 3129 3130 3131 3132 3133 3134 3135 3136 3137 3138 3139 3140 3141 3142 3143 3144 3145 3146 3147 3148 3149 3150 3151 3152
g BASE_ACC-138_ACC_F18_fan
usemtl fan
f 3153 3154 3186 3185
f 3154 3155 3187 3186
f 3155 3156 3188 3187
f 3156 3157 3189 3188
f 3157 3158 3190 3189
f 3158 3159 3191 3190
f 3159 3160 3192 3191
f 3160 3161 3193 3192
f 3161 3162 3194 3193
f 3162 3163 3195 3194
f 3163 3164 3196 3195
f 3164 3165 3197 3196
f 3165 3166 3198 3197
f 3166 3167 3199 3198
f 3167 3168 3200 3199
f 3168 3169 3201 3200
f 3169 3170 3202 3201
f 3170 3171 3203 3202
f 3171 3172 3204 3203
f 3172 3173 3205 3204
f 3173 3174 3206 3205
f 3174 3175 3207 3206
f 3175 3176 3208 3207
f 3176 3177 3209 3208
f 3177 3178 3210 3209
f 3178 3179 3211 3210
f 3179 3180 3212 3211
f 3180 3181 3213 3212
f 3181 3182 3214 3213
f 3182 3183 3215 3214
f 3183 3184 3216 3215
f 3184 3153 3185 3216
f 3184 3183 3182 3181 3180 3179 3178 3177 3176 3175 3174 3173 3172 3171 3170 3169 3168 3167 3166 3165 3164 3163 3162 3161 3160 3159 3158 3157 3156 3155 3154 3153
f 3185 3186 3187 3188 3189 3190 3191 3192 3193 3194 3195 3196 3197 3198 3199 3200 3201 3202 3203 3204 3205 3206 3207 3208 3209 3210 3211 3212 3213 3214 3215 3216
g BASE_ACC-139_ACC_F19_fan
usemtl fan
f 3217 3218 3250 3249
f 3218 3219 3251 3250
f 3219 3220 3252 3251
f 3220 3221 3253 3252
f 3221 3222 3254 3253
f 3222 3223 3255 3254
f 3223 3224 3256 3255
f 3224 3225 3257 3256
f 3225 3226 3258 3257
f 3226 3227 3259 3258
f 3227 3228 3260 3259
f 3228 3229 3261 3260
f 3229 3230 3262 3261
f 3230 3231 3263 3262
f 3231 3232 3264 3263
f 3232 3233 3265 3264
f 3233 3234 3266 3265
f 3234 3235 3267 3266
f 3235 3236 3268 3267
f 3236 3237 3269 3268
f 3237 3238 3270 3269
f 3238 3239 3271 3270
f 3239 3240 3272 3271
f 3240 3241 3273 3272
f 3241 3242 3274 3273
f 3242 3243 3275 3274
f 3243 3244 3276 3275
f 3244 3245 3277 3276
f 3245 3246 3278 3277
f 3246 3247 3279 3278
f 3247 3248 3280 3279
f 3248 3217 3249 3280
f 3248 3247 3246 3245 3244 3243 3242 3241 3240 3239 3238 3237 3236 3235 3234 3233 3232 3231 3230 3229 3228 3227 3226 3225 3224 3223 3222 3221 3220 3219 3218 3217
f 3249 3250 3251 3252 3253 3254 3255 3256 3257 3258 3259 3260 3261 3262 3263 3264 3265 3266 3267 3268 3269 3270 3271 3272 3273 3274 3275 3276 3277 3278 3279 3280
g BASE_ACC-140_ACC_F20_fan
usemtl fan
f 3281 3282 3314 3313
f 3282 3283 3315 3314
f 3283 3284 3316 3315
f 3284 3285 3317 3316
f 3285 3286 3318 3317
f 3286 3287 3319 3318
f 3287 3288 3320 3319
f 3288 3289 3321 3320
f 3289 3290 3322 3321
f 3290 3291 3323 3322
f 3291 3292 3324 3323
f 3292 3293 3325 3324
f 3293 3294 3326 3325
f 3294 3295 3327 3326
f 3295 3296 3328 3327
f 3296 3297 3329 3328
f 3297 3298 3330 3329
f 3298 3299 3331 3330
f 3299 3300 3332 3331
f 3300 3301 3333 3332
f 3301 3302 3334 3333
f 3302 3303 3335 3334
f 3303 3304 3336 3335
f 3304 3305 3337 3336
f 3305 3306 3338 3337
f 3306 3307 3339 3338
f 3307 3308 3340 3339
f 3308 3309 3341 3340
f 3309 3310 3342 3341
f 3310 3311 3343 3342
f 3311 3312 3344 3343
f 3312 3281 3313 3344
f 3312 3311 3310 3309 3308 3307 3306 3305 3304 3303 3302 3301 3300 3299 3298 3297 3296 3295 3294 3293 3292 3291 3290 3289 3288 3287 3286 3285 3284 3283 3282 3281
f 3313 3314 3315 3316 3317 3318 3319 3320 3321 3322 3323 3324 3325 3326 3327 3328 3329 3330 3331 3332 3333 3334 3335 3336 3337 3338 3339 3340 3341 3342 3343 3344
g BASE_ACC-141_ACC_F21_fan
usemtl fan
f 3345 3346 3378 3377
f 3346 3347 3379 3378
f 3347 3348 3380 3379
f 3348 3349 3381 3380
f 3349 3350 3382 3381
f 3350 3351 3383 3382
f 3351 3352 3384 3383
f 3352 3353 3385 3384
f 3353 3354 3386 3385
f 3354 3355 3387 3386
f 3355 3356 3388 3387
f 3356 3357 3389 3388
f 3357 3358 3390 3389
f 3358 3359 3391 3390
f 3359 3360 3392 3391
f 3360 3361 3393 3392
f 3361 3362 3394 3393
f 3362 3363 3395 3394
f 3363 3364 3396 3395
f 3364 3365 3397 3396
f 3365 3366 3398 3397
f 3366 3367 3399 3398
f 3367 3368 3400 3399
f 3368 3369 3401 3400
f 3369 3370 3402 3401
f 3370 3371 3403 3402
f 3371 3372 3404 3403
f 3372 3373 3405 3404
f 3373 3374 3406 3405
f 3374 3375 3407 3406
f 3375 3376 3408 3407
f 3376 3345 3377 3408
f 3376 3375 3374 3373 3372 3371 3370 3369 3368 3367 3366 3365 3364 3363 3362 3361 3360 3359 3358 3357 3356 3355 3354 3353 3352 3351 3350 3349 3348 3347 3346 3345
f 3377 3378 3379 3380 3381 3382 3383 3384 3385 3386 3387 3388 3389 3390 3391 3392 3393 3394 3395 3396 3397 3398 3399 3400 3401 3402 3403 3404 3405 3406 3407 3408
g BASE_ACC-142_ACC_F22_fan
usemtl fan
f 3409 3410 3442 3441
f 3410 3411 3443 3442
f 3411 3412 3444 3443
f 3412 3413 3445 3444
f 3413 3414 3446 3445
f 3414 3415 3447 3446
f 3415 3416 3448 3447
f 3416 3417 3449 3448
f 3417 3418 3450 3449
f 3418 3419 3451 3450
f 3419 3420 3452 3451
f 3420 3421 3453 3452
f 3421 3422 3454 3453
f 3422 3423 3455 3454
f 3423 3424 3456 3455
f 3424 3425 3457 3456
f 3425 3426 3458 3457
f 3426 3427 3459 3458
f 3427 3428 3460 3459
f 3428 3429 3461 3460
f 3429 3430 3462 3461
f 3430 3431 3463 3462
f 3431 3432 3464 3463
f 3432 3433 3465 3464
f 3433 3434 3466 3465
f 3434 3435 3467 3466
f 3435 3436 3468 3467
f 3436 3437 3469 3468
f 3437 3438 3470 3469
f 3438 3439 3471 3470
f 3439 3440 3472 3471
f 3440 3409 3441 3472
f 3440 3439 3438 3437 3436 3435 3434 3433 3432 3431 3430 3429 3428 3427 3426 3425 3424 3423 3422 3421 3420 3419 3418 3417 3416 3415 3414 3413 3412 3411 3410 3409
f 3441 3442 3443 3444 3445 3446 3447 3448 3449 3450 3451 3452 3453 3454 3455 3456 3457 3458 3459 3460 3461 3462 3463 3464 3465 3466 3467 3468 3469 3470 3471 3472
g BASE_ACC-143_ACC_F23_fan
usemtl fan
f 3473 3474 3506 3505
f 3474 3475 3507 3506
f 3475 3476 3508 3507
f 3476 3477 3509 3508
f 3477 3478 3510 3509
f 3478 3479 3511 3510
f 3479 3480 3512 3511
f 3480 3481 3513 3512
f 3481 3482 3514 3513
f 3482 3483 3515 3514
f 3483 3484 3516 3515
f 3484 3485 3517 3516
f 3485 3486 3518 3517
f 3486 3487 3519 3518
f 3487 3488 3520 3519
f 3488 3489 3521 3520
f 3489 3490 3522 3521
f 3490 3491 3523 3522
f 3491 3492 3524 3523
f 3492 3493 3525 3524
f 3493 3494 3526 3525
f 3494 3495 3527 3526
f 3495 3496 3528 3527
f 3496 3497 3529 3528
f 3497 3498 3530 3529
f 3498 3499 3531 3530
f 3499 3500 3532 3531
f 3500 3501 3533 3532
f 3501 3502 3534 3533
f 3502 3503 3535 3534
f 3503 3504 3536 3535
f 3504 3473 3505 3536
f 3504 3503 3502 3501 3500 3499 3498 3497 3496 3495 3494 3493 3492 3491 3490 3489 3488 3487 3486 3485 3484 3483 3482 3481 3480 3479 3478 3477 3476 3475 3474 3473
f 3505 3506 3507 3508 3509 3510 3511 3512 3513 3514 3515 3516 3517 3518 3519 3520 3521 3522 3523 3524 3525 3526 3527 3528 3529 3530 3531 3532 3533 3534 3535 3536
g BASE_ACC-144_ACC_F24_fan
usemtl fan
f 3537 3538 3570 3569
f 3538 3539 3571 3570
f 3539 3540 3572 3571
f 3540 3541 3573 3572
f 3541 3542 3574 3573
f 3542 3543 3575 3574
f 3543 3544 3576 3575
f 3544 3545 3577 3576
f 3545 3546 3578 3577
f 3546 3547 3579 3578
f 3547 3548 3580 3579
f 3548 3549 3581 3580
f 3549 3550 3582 3581
f 3550 3551 3583 3582
f 3551 3552 3584 3583
f 3552 3553 3585 3584
f 3553 3554 3586 3585
f 3554 3555 3587 3586
f 3555 3556 3588 3587
f 3556 3557 3589 3588
f 3557 3558 3590 3589
f 3558 3559 3591 3590
f 3559 3560 3592 3591
f 3560 3561 3593 3592
f 3561 3562 3594 3593
f 3562 3563 3595 3594
f 3563 3564 3596 3595
f 3564 3565 3597 3596
f 3565 3566 3598 3597
f 3566 3567 3599 3598
f 3567 3568 3600 3599
f 3568 3537 3569 3600
f 3568 3567 3566 3565 3564 3563 3562 3561 3560 3559 3558 3557 3556 3555 3554 3553 3552 3551 3550 3549 3548 3547 3546 3545 3544 3543 3542 3541 3540 3539 3538 3537
f 3569 3570 3571 3572 3573 3574 3575 3576 3577 3578 3579 3580 3581 3582 3583 3584 3585 3586 3587 3588 3589 3590 3591 3592 3593 3594 3595 3596 3597 3598 3599 3600
g BASE_ACC-145_ACC_F25_fan
usemtl fan
f 3601 3602 3634 3633
f 3602 3603 3635 3634
f 3603 3604 3636 3635
f 3604 3605 3637 3636
f 3605 3606 3638 3637
f 3606 3607 3639 3638
f 3607 3608 3640 3639
f 3608 3609 3641 3640
f 3609 3610 3642 3641
f 3610 3611 3643 3642
f 3611 3612 3644 3643
f 3612 3613 3645 3644
f 3613 3614 3646 3645
f 3614 3615 3647 3646
f 3615 3616 3648 3647
f 3616 3617 3649 3648
f 3617 3618 3650 3649
f 3618 3619 3651 3650
f 3619 3620 3652 3651
f 3620 3621 3653 3652
f 3621 3622 3654 3653
f 3622 3623 3655 3654
f 3623 3624 3656 3655
f 3624 3625 3657 3656
f 3625 3626 3658 3657
f 3626 3627 3659 3658
f 3627 3628 3660 3659
f 3628 3629 3661 3660
f 3629 3630 3662 3661
f 3630 3631 3663 3662
f 3631 3632 3664 3663
f 3632 3601 3633 3664
f 3632 3631 3630 3629 3628 3627 3626 3625 3624 3623 3622 3621 3620 3619 3618 3617 3616 3615 3614 3613 3612 3611 3610 3609 3608 3607 3606 3605 3604 3603 3602 3601
f 3633 3634 3635 3636 3637 3638 3639 3640 3641 3642 3643 3644 3645 3646 3647 3648 3649 3650 3651 3652 3653 3654 3655 3656 3657 3658 3659 3660 3661 3662 3663 3664
g BASE_ACC-146_ACC_F26_fan
usemtl fan
f 3665 3666 3698 3697
f 3666 3667 3699 3698
f 3667 3668 3700 3699
f 3668 3669 3701 3700
f 3669 3670 3702 3701
f 3670 3671 3703 3702
f 3671 3672 3704 3703
f 3672 3673 3705 3704
f 3673 3674 3706 3705
f 3674 3675 3707 3706
f 3675 3676 3708 3707
f 3676 3677 3709 3708
f 3677 3678 3710 3709
f 3678 3679 3711 3710
f 3679 3680 3712 3711
f 3680 3681 3713 3712
f 3681 3682 3714 3713
f 3682 3683 3715 3714
f 3683 3684 3716 3715
f 3684 3685 3717 3716
f 3685 3686 3718 3717
f 3686 3687 3719 3718
f 3687 3688 3720 3719
f 3688 3689 3721 3720
f 3689 3690 3722 3721
f 3690 3691 3723 3722
f 3691 3692 3724 3723
f 3692 3693 3725 3724
f 3693 3694 3726 3725
f 3694 3695 3727 3726
f 3695 3696 3728 3727
f 3696 3665 3697 3728
f 3696 3695 3694 3693 3692 3691 3690 3689 3688 3687 3686 3685 3684 3683 3682 3681 3680 3679 3678 3677 3676 3675 3674 3673 3672 3671 3670 3669 3668 3667 3666 3665
f 3697 3698 3699 3700 3701 3702 3703 3704 3705 3706 3707 3708 3709 3710 3711 3712 3713 3714 3715 3716 3717 3718 3719 3720 3721 3722 3723 3724 3725 3726 3727 3728
g BASE_ACC-147_ACC_F27_fan
usemtl fan
f 3729 3730 3762 3761
f 3730 3731 3763 3762
f 3731 3732 3764 3763
f 3732 3733 3765 3764
f 3733 3734 3766 3765
f 3734 3735 3767 3766
f 3735 3736 3768 3767
f 3736 3737 3769 3768
f 3737 3738 3770 3769
f 3738 3739 3771 3770
f 3739 3740 3772 3771
f 3740 3741 3773 3772
f 3741 3742 3774 3773
f 3742 3743 3775 3774
f 3743 3744 3776 3775
f 3744 3745 3777 3776
f 3745 3746 3778 3777
f 3746 3747 3779 3778
f 3747 3748 3780 3779
f 3748 3749 3781 3780
f 3749 3750 3782 3781
f 3750 3751 3783 3782
f 3751 3752 3784 3783
f 3752 3753 3785 3784
f 3753 3754 3786 3785
f 3754 3755 3787 3786
f 3755 3756 3788 3787
f 3756 3757 3789 3788
f 3757 3758 3790 3789
f 3758 3759 3791 3790
f 3759 3760 3792 3791
f 3760 3729 3761 3792
f 3760 3759 3758 3757 3756 3755 3754 3753 3752 3751 3750 3749 3748 3747 3746 3745 3744 3743 3742 3741 3740 3739 3738 3737 3736 3735 3734 3733 3732 3731 3730 3729
f 3761 3762 3763 3764 3765 3766 3767 3768 3769 3770 3771 3772 3773 3774 3775 3776 3777 3778 3779 3780 3781 3782 3783 3784 3785 3786 3787 3788 3789 3790 3791 3792
g BASE_ACC-148_ACC_F28_fan
usemtl fan
f 3793 3794 3826 3825
f 3794 3795 3827 3826
f 3795 3796 3828 3827
f 3796 3797 3829 3828
f 3797 3798 3830 3829
f 3798 3799 3831 3830
f 3799 3800 3832 3831
f 3800 3801 3833 3832
f 3801 3802 3834 3833
f 3802 3803 3835 3834
f 3803 3804 3836 3835
f 3804 3805 3837 3836
f 3805 3806 3838 3837
f 3806 3807 3839 3838
f 3807 3808 3840 3839
f 3808 3809 3841 3840
f 3809 3810 3842 3841
f 3810 3811 3843 3842
f 3811 3812 3844 3843
f 3812 3813 3845 3844
f 3813 3814 3846 3845
f 3814 3815 3847 3846
f 3815 3816 3848 3847
f 3816 3817 3849 3848
f 3817 3818 3850 3849
f 3818 3819 3851 3850
f 3819 3820 3852 3851
f 3820 3821 3853 3852
f 3821 3822 3854 3853
f 3822 3823 3855 3854
f 3823 3824 3856 3855
f 3824 3793 3825 3856
f 3824 3823 3822 3821 3820 3819 3818 3817 3816 3815 3814 3813 3812 3811 3810 3809 3808 3807 3806 3805 3804 3803 3802 3801 3800 3799 3798 3797 3796 3795 3794 3793
f 3825 3826 3827 3828 3829 3830 3831 3832 3833 3834 3835 3836 3837 3838 3839 3840 3841 3842 3843 3844 3845 3846 3847 3848 3849 3850 3851 3852 3853 3854 3855 3856
g BASE_ACC-149_ACC_F29_fan
usemtl fan
f 3857 3858 3890 3889
f 3858 3859 3891 3890
f 3859 3860 3892 3891
f 3860 3861 3893 3892
f 3861 3862 3894 3893
f 3862 3863 3895 3894
f 3863 3864 3896 3895
f 3864 3865 3897 3896
f 3865 3866 3898 3897
f 3866 3867 3899 3898
f 3867 3868 3900 3899
f 3868 3869 3901 3900
f 3869 3870 3902 3901
f 3870 3871 3903 3902
f 3871 3872 3904 3903
f 3872 3873 3905 3904
f 3873 3874 3906 3905
f 3874 3875 3907 3906
f 3875 3876 3908 3907
f 3876 3877 3909 3908
f 3877 3878 3910 3909
f 3878 3879 3911 3910
f 3879 3880 3912 3911
f 3880 3881 3913 3912
f 3881 3882 3914 3913
f 3882 3883 3915 3914
f 3883 3884 3916 3915
f 3884 3885 3917 3916
f 3885 3886 3918 3917
f 3886 3887 3919 3918
f 3887 3888 3920 3919
f 3888 3857 3889 3920
f 3888 3887 3886 3885 3884 3883 3882 3881 3880 3879 3878 3877 3876 3875 3874 3873 3872 3871 3870 3869 3868 3867 3866 3865 3864 3863 3862 3861 3860 3859 3858 3857
f 3889 3890 3891 3892 3893 3894 3895 3896 3897 3898 3899 3900 3901 3902 3903 3904 3905 3906 3907 3908 3909 3910 3911 3912 3913 3914 3915 3916 3917 3918 3919 3920
g BASE_ACC-150_ACC_F30_fan
usemtl fan
f 3921 3922 3954 3953
f 3922 3923 3955 3954
f 3923 3924 3956 3955
f 3924 3925 3957 3956
f 3925 3926 3958 3957
f 3926 3927 3959 3958
f 3927 3928 3960 3959
f 3928 3929 3961 3960
f 3929 3930 3962 3961
f 3930 3931 3963 3962
f 3931 3932 3964 3963
f 3932 3933 3965 3964
f 3933 3934 3966 3965
f 3934 3935 3967 3966
f 3935 3936 3968 3967
f 3936 3937 3969 3968
f 3937 3938 3970 3969
f 3938 3939 3971 3970
f 3939 3940 3972 3971
f 3940 3941 3973 3972
f 3941 3942 3974 3973
f 3942 3943 3975 3974
f 3943 3944 3976 3975
f 3944 3945 3977 3976
f 3945 3946 3978 3977
f 3946 3947 3979 3978
f 3947 3948 3980 3979
f 3948 3949 3981 3980
f 3949 3950 3982 3981
f 3950 3951 3983 3982
f 3951 3952 3984 3983
f 3952 3921 3953 3984
f 3952 3951 3950 3949 3948 3947 3946 3945 3944 3943 3942 3941 3940 3939 3938 3937 3936 3935 3934 3933 3932 3931 3930 3929 3928 3927 3926 3925 3924 3923 3922 3921
f 3953 3954 3955 3956 3957 3958 3959 3960 3961 3962 3963 3964 3965 3966 3967 3968 3969 3970 3971 3972 3973 3974 3975 3976 3977 3978 3979 3980 3981 3982 3983 3984
g BASE_ACC-151_ACC_F31_fan
usemtl fan
f 3985 3986 4018 4017
f 3986 3987 4019 4018
f 3987 3988 4020 4019
f 3988 3989 4021 4020
f 3989 3990 4022 4021
f 3990 3991 4023 4022
f 3991 3992 4024 4023
f 3992 3993 4025 4024
f 3993 3994 4026 4025
f 3994 3995 4027 4026
f 3995 3996 4028 4027
f 3996 3997 4029 4028
f 3997 3998 4030 4029
f 3998 3999 4031 4030
f 3999 4000 4032 4031
f 4000 4001 4033 4032
f 4001 4002 4034 4033
f 4002 4003 4035 4034
f 4003 4004 4036 4035
f 4004 4005 4037 4036
f 4005 4006 4038 4037
f 4006 4007 4039 4038
f 4007 4008 4040 4039
f 4008 4009 4041 4040
f 4009 4010 4042 4041
f 4010 4011 4043 4042
f 4011 4012 4044 4043
f 4012 4013 4045 4044
f 4013 4014 4046 4045
f 4014 4015 4047 4046
f 4015 4016 4048 4047
f 4016 3985 4017 4048
f 4016 4015 4014 4013 4012 4011 4010 4009 4008 4007 4006 4005 4004 4003 4002 4001 4000 3999 3998 3997 3996 3995 3994 3993 3992 3991 3990 3989 3988 3987 3986 3985
f 4017 4018 4019 4020 4021 4022 4023 4024 4025 4026 4027 4028 4029 4030 4031 4032 4033 4034 4035 4036 4037 4038 4039 4040 4041 4042 4043 4044 4045 4046 4047 4048
g BASE_ACC-152_ACC_F32_fan
usemtl fan
f 4049 4050 4082 4081
f 4050 4051 4083 4082
f 4051 4052 4084 4083
f 4052 4053 4085 4084
f 4053 4054 4086 4085
f 4054 4055 4087 4086
f 4055 4056 4088 4087
f 4056 4057 4089 4088
f 4057 4058 4090 4089
f 4058 4059 4091 4090
f 4059 4060 4092 4091
f 4060 4061 4093 4092
f 4061 4062 4094 4093
f 4062 4063 4095 4094
f 4063 4064 4096 4095
f 4064 4065 4097 4096
f 4065 4066 4098 4097
f 4066 4067 4099 4098
f 4067 4068 4100 4099
f 4068 4069 4101 4100
f 4069 4070 4102 4101
f 4070 4071 4103 4102
f 4071 4072 4104 4103
f 4072 4073 4105 4104
f 4073 4074 4106 4105
f 4074 4075 4107 4106
f 4075 4076 4108 4107
f 4076 4077 4109 4108
f 4077 4078 4110 4109
f 4078 4079 4111 4110
f 4079 4080 4112 4111
f 4080 4049 4081 4112
f 4080 4079 4078 4077 4076 4075 4074 4073 4072 4071 4070 4069 4068 4067 4066 4065 4064 4063 4062 4061 4060 4059 4058 4057 4056 4055 4054 4053 4052 4051 4050 4049
f 4081 4082 4083 4084 4085 4086 4087 4088 4089 4090 4091 4092 4093 4094 4095 4096 4097 4098 4099 4100 4101 4102 4103 4104 4105 4106 4107 4108 4109 4110 4111 4112
g BASE_ACC-153_ACC_F33_fan
usemtl fan
f 4113 4114 4146 4145
f 4114 4115 4147 4146
f 4115 4116 4148 4147
f 4116 4117 4149 4148
f 4117 4118 4150 4149
f 4118 4119 4151 4150
f 4119 4120 4152 4151
f 4120 4121 4153 4152
f 4121 4122 4154 4153
f 4122 4123 4155 4154
f 4123 4124 4156 4155
f 4124 4125 4157 4156
f 4125 4126 4158 4157
f 4126 4127 4159 4158
f 4127 4128 4160 4159
f 4128 4129 4161 4160
f 4129 4130 4162 4161
f 4130 4131 4163 4162
f 4131 4132 4164 4163
f 4132 4133 4165 4164
f 4133 4134 4166 4165
f 4134 4135 4167 4166
f 4135 4136 4168 4167
f 4136 4137 4169 4168
f 4137 4138 4170 4169
f 4138 4139 4171 4170
f 4139 4140 4172 4171
f 4140 4141 4173 4172
f 4141 4142 4174 4173
f 4142 4143 4175 4174
f 4143 4144 4176 4175
f 4144 4113 4145 4176
f 4144 4143 4142 4141 4140 4139 4138 4137 4136 4135 4134 4133 4132 4131 4130 4129 4128 4127 4126 4125 4124 4123 4122 4121 4120 4119 4118 4117 4116 4115 4114 4113
f 4145 4146 4147 4148 4149 4150 4151 4152 4153 4154 4155 4156 4157 4158 4159 4160 4161 4162 4163 4164 4165 4166 4167 4168 4169 4170 4171 4172 4173 4174 4175 4176
g BASE_ACC-154_ACC_F34_fan
usemtl fan
f 4177 4178 4210 4209
f 4178 4179 4211 4210
f 4179 4180 4212 4211
f 4180 4181 4213 4212
f 4181 4182 4214 4213
f 4182 4183 4215 4214
f 4183 4184 4216 4215
f 4184 4185 4217 4216
f 4185 4186 4218 4217
f 4186 4187 4219 4218
f 4187 4188 4220 4219
f 4188 4189 4221 4220
f 4189 4190 4222 4221
f 4190 4191 4223 4222
f 4191 4192 4224 4223
f 4192 4193 4225 4224
f 4193 4194 4226 4225
f 4194 4195 4227 4226
f 4195 4196 4228 4227
f 4196 4197 4229 4228
f 4197 4198 4230 4229
f 4198 4199 4231 4230
f 4199 4200 4232 4231
f 4200 4201 4233 4232
f 4201 4202 4234 4233
f 4202 4203 4235 4234
f 4203 4204 4236 4235
f 4204 4205 4237 4236
f 4205 4206 4238 4237
f 4206 4207 4239 4238
f 4207 4208 4240 4239
f 4208 4177 4209 4240
f 4208 4207 4206 4205 4204 4203 4202 4201 4200 4199 4198 4197 4196 4195 4194 4193 4192 4191 4190 4189 4188 4187 4186 4185 4184 4183 4182 4181 4180 4179 4178 4177
f 4209 4210 4211 4212 4213 4214 4215 4216 4217 4218 4219 4220 4221 4222 4223 4224 4225 4226 4227 4228 4229 4230 4231 4232 4233 4234 4235 4236 4237 4238 4239 4240
g BASE_ACC-155_ACC_F35_fan
usemtl fan
f 4241 4242 4274 4273
f 4242 4243 4275 4274
f 4243 4244 4276 4275
f 4244 4245 4277 4276
f 4245 4246 4278 4277
f 4246 4247 4279 4278
f 4247 4248 4280 4279
f 4248 4249 4281 4280
f 4249 4250 4282 4281
f 4250 4251 4283 4282
f 4251 4252 4284 4283
f 4252 4253 4285 4284
f 4253 4254 4286 4285
f 4254 4255 4287 4286
f 4255 4256 4288 4287
f 4256 4257 4289 4288
f 4257 4258 4290 4289
f 4258 4259 4291 4290
f 4259 4260 4292 4291
f 4260 4261 4293 4292
f 4261 4262 4294 4293
f 4262 4263 4295 4294
f 4263 4264 4296 4295
f 4264 4265 4297 4296
f 4265 4266 4298 4297
f 4266 4267 4299 4298
f 4267 4268 4300 4299
f 4268 4269 4301 4300
f 4269 4270 4302 4301
f 4270 4271 4303 4302
f 4271 4272 4304 4303
f 4272 4241 4273 4304
f 4272 4271 4270 4269 4268 4267 4266 4265 4264 4263 4262 4261 4260 4259 4258 4257 4256 4255 4254 4253 4252 4251 4250 4249 4248 4247 4246 4245 4244 4243 4242 4241
f 4273 4274 4275 4276 4277 4278 4279 4280 4281 4282 4283 4284 4285 4286 4287 4288 4289 4290 4291 4292 4293 4294 4295 4296 4297 4298 4299 4300 4301 4302 4303 4304
g BASE_ACC-156_ACC_F36_fan
usemtl fan
f 4305 4306 4338 4337
f 4306 4307 4339 4338
f 4307 4308 4340 4339
f 4308 4309 4341 4340
f 4309 4310 4342 4341
f 4310 4311 4343 4342
f 4311 4312 4344 4343
f 4312 4313 4345 4344
f 4313 4314 4346 4345
f 4314 4315 4347 4346
f 4315 4316 4348 4347
f 4316 4317 4349 4348
f 4317 4318 4350 4349
f 4318 4319 4351 4350
f 4319 4320 4352 4351
f 4320 4321 4353 4352
f 4321 4322 4354 4353
f 4322 4323 4355 4354
f 4323 4324 4356 4355
f 4324 4325 4357 4356
f 4325 4326 4358 4357
f 4326 4327 4359 4358
f 4327 4328 4360 4359
f 4328 4329 4361 4360
f 4329 4330 4362 4361
f 4330 4331 4363 4362
f 4331 4332 4364 4363
f 4332 4333 4365 4364
f 4333 4334 4366 4365
f 4334 4335 4367 4366
f 4335 4336 4368 4367
f 4336 4305 4337 4368
f 4336 4335 4334 4333 4332 4331 4330 4329 4328 4327 4326 4325 4324 4323 4322 4321 4320 4319 4318 4317 4316 4315 4314 4313 4312 4311 4310 4309 4308 4307 4306 4305
f 4337 4338 4339 4340 4341 4342 4343 4344 4345 4346 4347 4348 4349 4350 4351 4352 4353 4354 4355 4356 4357 4358 4359 4360 4361 4362 4363 4364 4365 4366 4367 4368
g BASE_ACC-157_ACC_F37_fan
usemtl fan
f 4369 4370 4402 4401
f 4370 4371 4403 4402
f 4371 4372 4404 4403
f 4372 4373 4405 4404
f 4373 4374 4406 4405
f 4374 4375 4407 4406
f 4375 4376 4408 4407
f 4376 4377 4409 4408
f 4377 4378 4410 4409
f 4378 4379 4411 4410
f 4379 4380 4412 4411
f 4380 4381 4413 4412
f 4381 4382 4414 4413
f 4382 4383 4415 4414
f 4383 4384 4416 4415
f 4384 4385 4417 4416
f 4385 4386 4418 4417
f 4386 4387 4419 4418
f 4387 4388 4420 4419
f 4388 4389 4421 4420
f 4389 4390 4422 4421
f 4390 4391 4423 4422
f 4391 4392 4424 4423
f 4392 4393 4425 4424
f 4393 4394 4426 4425
f 4394 4395 4427 4426
f 4395 4396 4428 4427
f 4396 4397 4429 4428
f 4397 4398 4430 4429
f 4398 4399 4431 4430
f 4399 4400 4432 4431
f 4400 4369 4401 4432
f 4400 4399 4398 4397 4396 4395 4394 4393 4392 4391 4390 4389 4388 4387 4386 4385 4384 4383 4382 4381 4380 4379 4378 4377 4376 4375 4374 4373 4372 4371 4370 4369
f 4401 4402 4403 4404 4405 4406 4407 4408 4409 4410 4411 4412 4413 4414 4415 4416 4417 4418 4419 4420 4421 4422 4423 4424 4425 4426 4427 4428 4429 4430 4431 4432
g BASE_ACC-158_ACC_F38_fan
usemtl fan
f 4433 4434 4466 4465
f 4434 4435 4467 4466
f 4435 4436 4468 4467
f 4436 4437 4469 4468
f 4437 4438 4470 4469
f 4438 4439 4471 4470
f 4439 4440 4472 4471
f 4440 4441 4473 4472
f 4441 4442 4474 4473
f 4442 4443 4475 4474
f 4443 4444 4476 4475
f 4444 4445 4477 4476
f 4445 4446 4478 4477
f 4446 4447 4479 4478
f 4447 4448 4480 4479
f 4448 4449 4481 4480
f 4449 4450 4482 4481
f 4450 4451 4483 4482
f 4451 4452 4484 4483
f 4452 4453 4485 4484
f 4453 4454 4486 4485
f 4454 4455 4487 4486
f 4455 4456 4488 4487
f 4456 4457 4489 4488
f 4457 4458 4490 4489
f 4458 4459 4491 4490
f 4459 4460 4492 4491
f 4460 4461 4493 4492
f 4461 4462 4494 4493
f 4462 4463 4495 4494
f 4463 4464 4496 4495
f 4464 4433 4465 4496
f 4464 4463 4462 4461 4460 4459 4458 4457 4456 4455 4454 4453 4452 4451 4450 4449 4448 4447 4446 4445 4444 4443 4442 4441 4440 4439 4438 4437 4436 4435 4434 4433
f 4465 4466 4467 4468 4469 4470 4471 4472 4473 4474 4475 4476 4477 4478 4479 4480 4481 4482 4483 4484 4485 4486 4487 4488 4489 4490 4491 4492 4493 4494 4495 4496
g BASE_ACC-159_ACC_F39_fan
usemtl fan
f 4497 4498 4530 4529
f 4498 4499 4531 4530
f 4499 4500 4532 4531
f 4500 4501 4533 4532
f 4501 4502 4534 4533
f 4502 4503 4535 4534
f 4503 4504 4536 4535
f 4504 4505 4537 4536
f 4505 4506 4538 4537
f 4506 4507 4539 4538
f 4507 4508 4540 4539
f 4508 4509 4541 4540
f 4509 4510 4542 4541
f 4510 4511 4543 4542
f 4511 4512 4544 4543
f 4512 4513 4545 4544
f 4513 4514 4546 4545
f 4514 4515 4547 4546
f 4515 4516 4548 4547
f 4516 4517 4549 4548
f 4517 4518 4550 4549
f 4518 4519 4551 4550
f 4519 4520 4552 4551
f 4520 4521 4553 4552
f 4521 4522 4554 4553
f 4522 4523 4555 4554
f 4523 4524 4556 4555
f 4524 4525 4557 4556
f 4525 4526 4558 4557
f 4526 4527 4559 4558
f 4527 4528 4560 4559
f 4528 4497 4529 4560
f 4528 4527 4526 4525 4524 4523 4522 4521 4520 4519 4518 4517 4516 4515 4514 4513 4512 4511 4510 4509 4508 4507 4506 4505 4504 4503 4502 4501 4500 4499 4498 4497
f 4529 4530 4531 4532 4533 4534 4535 4536 4537 4538 4539 4540 4541 4542 4543 4544 4545 4546 4547 4548 4549 4550 4551 4552 4553 4554 4555 4556 4557 4558 4559 4560
g BASE_ACC-160_ACC_F40_fan
usemtl fan
f 4561 4562 4594 4593
f 4562 4563 4595 4594
f 4563 4564 4596 4595
f 4564 4565 4597 4596
f 4565 4566 4598 4597
f 4566 4567 4599 4598
f 4567 4568 4600 4599
f 4568 4569 4601 4600
f 4569 4570 4602 4601
f 4570 4571 4603 4602
f 4571 4572 4604 4603
f 4572 4573 4605 4604
f 4573 4574 4606 4605
f 4574 4575 4607 4606
f 4575 4576 4608 4607
f 4576 4577 4609 4608
f 4577 4578 4610 4609
f 4578 4579 4611 4610
f 4579 4580 4612 4611
f 4580 4581 4613 4612
f 4581 4582 4614 4613
f 4582 4583 4615 4614
f 4583 4584 4616 4615
f 4584 4585 4617 4616
f 4585 4586 4618 4617
f 4586 4587 4619 4618
f 4587 4588 4620 4619
f 4588 4589 4621 4620
f 4589 4590 4622 4621
f 4590 4591 4623 4622
f 4591 4592 4624 4623
f 4592 4561 4593 4624
f 4592 4591 4590 4589 4588 4587 4586 4585 4584 4583 4582 4581 4580 4579 4578 4577 4576 4575 4574 4573 4572 4571 4570 4569 4568 4567 4566 4565 4564 4563 4562 4561
f 4593 4594 4595 4596 4597 4598 4599 4600 4601 4602 4603 4604 4605 4606 4607 4608 4609 4610 4611 4612 4613 4614 4615 4616 4617 4618 4619 4620 4621 4622 4623 4624
g BASE_ACC-161_ACC_F41_fan
usemtl fan
f 4625 4626 4658 4657
f 4626 4627 4659 4658
f 4627 4628 4660 4659
f 4628 4629 4661 4660
f 4629 4630 4662 4661
f 4630 4631 4663 4662
f 4631 4632 4664 4663
f 4632 4633 4665 4664
f 4633 4634 4666 4665
f 4634 4635 4667 4666
f 4635 4636 4668 4667
f 4636 4637 4669 4668
f 4637 4638 4670 4669
f 4638 4639 4671 4670
f 4639 4640 4672 4671
f 4640 4641 4673 4672
f 4641 4642 4674 4673
f 4642 4643 4675 4674
f 4643 4644 4676 4675
f 4644 4645 4677 4676
f 4645 4646 4678 4677
f 4646 4647 4679 4678
f 4647 4648 4680 4679
f 4648 4649 4681 4680
f 4649 4650 4682 4681
f 4650 4651 4683 4682
f 4651 4652 4684 4683
f 4652 4653 4685 4684
f 4653 4654 4686 4685
f 4654 4655 4687 4686
f 4655 4656 4688 4687
f 4656 4625 4657 4688
f 4656 4655 4654 4653 4652 4651 4650 4649 4648 4647 4646 4645 4644 4643 4642 4641 4640 4639 4638 4637 4636 4635 4634 4633 4632 4631 4630 4629 4628 4627 4626 4625
f 4657 4658 4659 4660 4661 4662 4663 4664 4665 4666 4667 4668 4669 4670 4671 4672 4673 4674 4675 4676 4677 4678 4679 4680 4681 4682 4683 4684 4685 4686 4687 4688
g BASE_ACC-162_ACC_F42_fan
usemtl fan
f 4689 4690 4722 4721
f 4690 4691 4723 4722
f 4691 4692 4724 4723
f 4692 4693 4725 4724
f 4693 4694 4726 4725
f 4694 4695 4727 4726
f 4695 4696 4728 4727
f 4696 4697 4729 4728
f 4697 4698 4730 4729
f 4698 4699 4731 4730
f 4699 4700 4732 4731
f 4700 4701 4733 4732
f 4701 4702 4734 4733
f 4702 4703 4735 4734
f 4703 4704 4736 4735
f 4704 4705 4737 4736
f 4705 4706 4738 4737
f 4706 4707 4739 4738
f 4707 4708 4740 4739
f 4708 4709 4741 4740
f 4709 4710 4742 4741
f 4710 4711 4743 4742
f 4711 4712 4744 4743
f 4712 4713 4745 4744
f 4713 4714 4746 4745
f 4714 4715 4747 4746
f 4715 4716 4748 4747
f 4716 4717 4749 4748
f 4717 4718 4750 4749
f 4718 4719 4751 4750
f 4719 4720 4752 4751
f 4720 4689 4721 4752
f 4720 4719 4718 4717 4716 4715 4714 4713 4712 4711 4710 4709 4708 4707 4706 4705 4704 4703 4702 4701 4700 4699 4698 4697 4696 4695 4694 4693 4692 4691 4690 4689
f 4721 4722 4723 4724 4725 4726 4727 4728 4729 4730 4731 4732 4733 4734 4735 4736 4737 4738 4739 4740 4741 4742 4743 4744 4745 4746 4747 4748 4749 4750 4751 4752
g BASE_ACC-163_ACC_F43_fan
usemtl fan
f 4753 4754 4786 4785
f 4754 4755 4787 4786
f 4755 4756 4788 4787
f 4756 4757 4789 4788
f 4757 4758 4790 4789
f 4758 4759 4791 4790
f 4759 4760 4792 4791
f 4760 4761 4793 4792
f 4761 4762 4794 4793
f 4762 4763 4795 4794
f 4763 4764 4796 4795
f 4764 4765 4797 4796
f 4765 4766 4798 4797
f 4766 4767 4799 4798
f 4767 4768 4800 4799
f 4768 4769 4801 4800
f 4769 4770 4802 4801
f 4770 4771 4803 4802
f 4771 4772 4804 4803
f 4772 4773 4805 4804
f 4773 4774 4806 4805
f 4774 4775 4807 4806
f 4775 4776 4808 4807
f 4776 4777 4809 4808
f 4777 4778 4810 4809
f 4778 4779 4811 4810
f 4779 4780 4812 4811
f 4780 4781 4813 4812
f 4781 4782 4814 4813
f 4782 4783 4815 4814
f 4783 4784 4816 4815
f 4784 4753 4785 4816
f 4784 4783 4782 4781 4780 4779 4778 4777 4776 4775 4774 4773 4772 4771 4770 4769 4768 4767 4766 4765 4764 4763 4762 4761 4760 4759 4758 4757 4756 4755 4754 4753
f 4785 4786 4787 4788 4789 4790 4791 4792 4793 4794 4795 4796 4797 4798 4799 4800 4801 4802 4803 4804 4805 4806 4807 4808 4809 4810 4811 4812 4813 4814 4815 4816
g BASE_ACC-164_ACC_F44_fan
usemtl fan
f 4817 4818 4850 4849
f 4818 4819 4851 4850
f 4819 4820 4852 4851
f 4820 4821 4853 4852
f 4821 4822 4854 4853
f 4822 4823 4855 4854
f 4823 4824 4856 4855
f 4824 4825 4857 4856
f 4825 4826 4858 4857
f 4826 4827 4859 4858
f 4827 4828 4860 4859
f 4828 4829 4861 4860
f 4829 4830 4862 4861
f 4830 4831 4863 4862
f 4831 4832 4864 4863
f 4832 4833 4865 4864
f 4833 4834 4866 4865
f 4834 4835 4867 4866
f 4835 4836 4868 4867
f 4836 4837 4869 4868
f 4837 4838 4870 4869
f 4838 4839 4871 4870
f 4839 4840 4872 4871
f 4840 4841 4873 4872
f 4841 4842 4874 4873
f 4842 4843 4875 4874
f 4843 4844 4876 4875
f 4844 4845 4877 4876
f 4845 4846 4878 4877
f 4846 4847 4879 4878
f 4847 4848 4880 4879
f 4848 4817 4849 4880
f 4848 4847 4846 4845 4844 4843 4842 4841 4840 4839 4838 4837 4836 4835 4834 4833 4832 4831 4830 4829 4828 4827 4826 4825 4824 4823 4822 4821 4820 4819 4818 4817
f 4849 4850 4851 4852 4853 4854 4855 4856 4857 4858 4859 4860 4861 4862 4863 4864 4865 4866 4867 4868 4869 4870 4871 4872 4873 4874 4875 4876 4877 4878 4879 4880
g BASE_ACC-165_ACC_F45_fan
usemtl fan
f 4881 4882 4914 4913
f 4882 4883 4915 4914
f 4883 4884 4916 4915
f 4884 4885 4917 4916
f 4885 4886 4918 4917
f 4886 4887 4919 4918
f 4887 4888 4920 4919
f 4888 4889 4921 4920
f 4889 4890 4922 4921
f 4890 4891 4923 4922
f 4891 4892 4924 4923
f 4892 4893 4925 4924
f 4893 4894 4926 4925
f 4894 4895 4927 4926
f 4895 4896 4928 4927
f 4896 4897 4929 4928
f 4897 4898 4930 4929
f 4898 4899 4931 4930
f 4899 4900 4932 4931
f 4900 4901 4933 4932
f 4901 4902 4934 4933
f 4902 4903 4935 4934
f 4903 4904 4936 4935
f 4904 4905 4937 4936
f 4905 4906 4938 4937
f 4906 4907 4939 4938
f 4907 4908 4940 4939
f 4908 4909 4941 4940
f 4909 4910 4942 4941
f 4910 4911 4943 4942
f 4911 4912 4944 4943
f 4912 4881 4913 4944
f 4912 4911 4910 4909 4908 4907 4906 4905 4904 4903 4902 4901 4900 4899 4898 4897 4896 4895 4894 4893 4892 4891 4890 4889 4888 4887 4886 4885 4884 4883 4882 4881
f 4913 4914 4915 4916 4917 4918 4919 4920 4921 4922 4923 4924 4925 4926 4927 4928 4929 4930 4931 4932 4933 4934 4935 4936 4937 4938 4939 4940 4941 4942 4943 4944
g BASE_ACC-166_ACC_F46_fan
usemtl fan
f 4945 4946 4978 4977
f 4946 4947 4979 4978
f 4947 4948 4980 4979
f 4948 4949 4981 4980
f 4949 4950 4982 4981
f 4950 4951 4983 4982
f 4951 4952 4984 4983
f 4952 4953 4985 4984
f 4953 4954 4986 4985
f 4954 4955 4987 4986
f 4955 4956 4988 4987
f 4956 4957 4989 4988
f 4957 4958 4990 4989
f 4958 4959 4991 4990
f 4959 4960 4992 4991
f 4960 4961 4993 4992
f 4961 4962 4994 4993
f 4962 4963 4995 4994
f 4963 4964 4996 4995
f 4964 4965 4997 4996
f 4965 4966 4998 4997
f 4966 4967 4999 4998
f 4967 4968 5000 4999
f 4968 4969 5001 5000
f 4969 4970 5002 5001
f 4970 4971 5003 5002
f 4971 4972 5004 5003
f 4972 4973 5005 5004
f 4973 4974 5006 5005
f 4974 4975 5007 5006
f 4975 4976 5008 5007
f 4976 4945 4977 5008
f 4976 4975 4974 4973 4972 4971 4970 4969 4968 4967 4966 4965 4964 4963 4962 4961 4960 4959 4958 4957 4956 4955 4954 4953 4952 4951 4950 4949 4948 4947 4946 4945
f 4977 4978 4979 4980 4981 4982 4983 4984 4985 4986 4987 4988 4989 4990 4991 4992 4993 4994 4995 4996 4997 4998 4999 5000 5001 5002 5003 5004 5005 5006 5007 5008
g BASE_ACC-167_ACC_F47_fan
usemtl fan
f 5009 5010 5042 5041
f 5010 5011 5043 5042
f 5011 5012 5044 5043
f 5012 5013 5045 5044
f 5013 5014 5046 5045
f 5014 5015 5047 5046
f 5015 5016 5048 5047
f 5016 5017 5049 5048
f 5017 5018 5050 5049
f 5018 5019 5051 5050
f 5019 5020 5052 5051
f 5020 5021 5053 5052
f 5021 5022 5054 5053
f 5022 5023 5055 5054
f 5023 5024 5056 5055
f 5024 5025 5057 5056
f 5025 5026 5058 5057
f 5026 5027 5059 5058
f 5027 5028 5060 5059
f 5028 5029 5061 5060
f 5029 5030 5062 5061
f 5030 5031 5063 5062
f 5031 5032 5064 5063
f 5032 5033 5065 5064
f 5033 5034 5066 5065
f 5034 5035 5067 5066
f 5035 5036 5068 5067
f 5036 5037 5069 5068
f 5037 5038 5070 5069
f 5038 5039 5071 5070
f 5039 5040 5072 5071
f 5040 5009 5041 5072
f 5040 5039 5038 5037 5036 5035 5034 5033 5032 5031 5030 5029 5028 5027 5026 5025 5024 5023 5022 5021 5020 5019 5018 5017 5016 5015 5014 5013 5012 5011 5010 5009
f 5041 5042 5043 5044 5045 5046 5047 5048 5049 5050 5051 5052 5053 5054 5055 5056 5057 5058 5059 5060 5061 5062 5063 5064 5065 5066 5067 5068 5069 5070 5071 5072
g BASE_ACC-168_ACC_F48_fan
usemtl fan
f 5073 5074 5106 5105
f 5074 5075 5107 5106
f 5075 5076 5108 5107
f 5076 5077 5109 5108
f 5077 5078 5110 5109
f 5078 5079 5111 5110
f 5079 5080 5112 5111
f 5080 5081 5113 5112
f 5081 5082 5114 5113
f 5082 5083 5115 5114
f 5083 5084 5116 5115
f 5084 5085 5117 5116
f 5085 5086 5118 5117
f 5086 5087 5119 5118
f 5087 5088 5120 5119
f 5088 5089 5121 5120
f 5089 5090 5122 5121
f 5090 5091 5123 5122
f 5091 5092 5124 5123
f 5092 5093 5125 5124
f 5093 5094 5126 5125
f 5094 5095 5127 5126
f 5095 5096 5128 5127
f 5096 5097 5129 5128
f 5097 5098 5130 5129
f 5098 5099 5131 5130
f 5099 5100 5132 5131
f 5100 5101 5133 5132
f 5101 5102 5134 5133
f 5102 5103 5135 5134
f 5103 5104 5136 5135
f 5104 5073 5105 5136
f 5104 5103 5102 5101 5100 5099 5098 5097 5096 5095 5094 5093 5092 5091 5090 5089 5088 5087 5086 5085 5084 5083 5082 5081 5080 5079 5078 5077 5076 5075 5074 5073
f 5105 5106 5107 5108 5109 5110 5111 5112 5113 5114 5115 5116 5117 5118 5119 5120 5121 5122 5123 5124 5125 5126 5127 5128 5129 5130 5131 5132 5133 5134 5135 5136
g BASE_ACC-169_ACC_F49_fan
usemtl fan
f 5137 5138 5170 5169
f 5138 5139 5171 5170
f 5139 5140 5172 5171
f 5140 5141 5173 5172
f 5141 5142 5174 5173
f 5142 5143 5175 5174
f 5143 5144 5176 5175
f 5144 5145 5177 5176
f 5145 5146 5178 5177
f 5146 5147 5179 5178
f 5147 5148 5180 5179
f 5148 5149 5181 5180
f 5149 5150 5182 5181
f 5150 5151 5183 5182
f 5151 5152 5184 5183
f 5152 5153 5185 5184
f 5153 5154 5186 5185
f 5154 5155 5187 5186
f 5155 5156 5188 5187
f 5156 5157 5189 5188
f 5157 5158 5190 5189
f 5158 5159 5191 5190
f 5159 5160 5192 5191
f 5160 5161 5193 5192
f 5161 5162 5194 5193
f 5162 5163 5195 5194
f 5163 5164 5196 5195
f 5164 5165 5197 5196
f 5165 5166 5198 5197
f 5166 5167 5199 5198
f 5167 5168 5200 5199
f 5168 5137 5169 5200
f 5168 5167 5166 5165 5164 5163 5162 5161 5160 5159 5158 5157 5156 5155 5154 5153 5152 5151 5150 5149 5148 5147 5146 5145 5144 5143 5142 5141 5140 5139 5138 5137
f 5169 5170 5171 5172 5173 5174 5175 5176 5177 5178 5179 5180 5181 5182 5183 5184 5185 5186 5187 5188 5189 5190 5191 5192 5193 5194 5195 5196 5197 5198 5199 5200
g BASE_ACC-170_ACC_F50_fan
usemtl fan
f 5201 5202 5234 5233
f 5202 5203 5235 5234
f 5203 5204 5236 5235
f 5204 5205 5237 5236
f 5205 5206 5238 5237
f 5206 5207 5239 5238
f 5207 5208 5240 5239
f 5208 5209 5241 5240
f 5209 5210 5242 5241
f 5210 5211 5243 5242
f 5211 5212 5244 5243
f 5212 5213 5245 5244
f 5213 5214 5246 5245
f 5214 5215 5247 5246
f 5215 5216 5248 5247
f 5216 5217 5249 5248
f 5217 5218 5250 5249
f 5218 5219 5251 5250
f 5219 5220 5252 5251
f 5220 5221 5253 5252
f 5221 5222 5254 5253
f 5222 5223 5255 5254
f 5223 5224 5256 5255
f 5224 5225 5257 5256
f 5225 5226 5258 5257
f 5226 5227 5259 5258
f 5227 5228 5260 5259
f 5228 5229 5261 5260
f 5229 5230 5262 5261
f 5230 5231 5263 5262
f 5231 5232 5264 5263
f 5232 5201 5233 5264
f 5232 5231 5230 5229 5228 5227 5226 5225 5224 5223 5222 5221 5220 5219 5218 5217 5216 5215 5214 5213 5212 5211 5210 5209 5208 5207 5206 5205 5204 5203 5202 5201
f 5233 5234 5235 5236 5237 5238 5239 5240 5241 5242 5243 5244 5245 5246 5247 5248 5249 5250 5251 5252 5253 5254 5255 5256 5257 5258 5259 5260 5261 5262 5263 5264
g BASE_ACC-171_ACC_F51_fan
usemtl fan
f 5265 5266 5298 5297
f 5266 5267 5299 5298
f 5267 5268 5300 5299
f 5268 5269 5301 5300
f 5269 5270 5302 5301
f 5270 5271 5303 5302
f 5271 5272 5304 5303
f 5272 5273 5305 5304
f 5273 5274 5306 5305
f 5274 5275 5307 5306
f 5275 5276 5308 5307
f 5276 5277 5309 5308
f 5277 5278 5310 5309
f 5278 5279 5311 5310
f 5279 5280 5312 5311
f 5280 5281 5313 5312
f 5281 5282 5314 5313
f 5282 5283 5315 5314
f 5283 5284 5316 5315
f 5284 5285 5317 5316
f 5285 5286 5318 5317
f 5286 5287 5319 5318
f 5287 5288 5320 5319
f 5288 5289 5321 5320
f 5289 5290 5322 5321
f 5290 5291 5323 5322
f 5291 5292 5324 5323
f 5292 5293 5325 5324
f 5293 5294 5326 5325
f 5294 5295 5327 5326
f 5295 5296 5328 5327
f 5296 5265 5297 5328
f 5296 5295 5294 5293 5292 5291 5290 5289 5288 5287 5286 5285 5284 5283 5282 5281 5280 5279 5278 5277 5276 5275 5274 5273 5272 5271 5270 5269 5268 5267 5266 5265
f 5297 5298 5299 5300 5301 5302 5303 5304 5305 5306 5307 5308 5309 5310 5311 5312 5313 5314 5315 5316 5317 5318 5319 5320 5321 5322 5323 5324 5325 5326 5327 5328
g BASE_ACC-172_ACC_F52_fan
usemtl fan
f 5329 5330 5362 5361
f 5330 5331 5363 5362
f 5331 5332 5364 5363
f 5332 5333 5365 5364
f 5333 5334 5366 5365
f 5334 5335 5367 5366
f 5335 5336 5368 5367
f 5336 5337 5369 5368
f 5337 5338 5370 5369
f 5338 5339 5371 5370
f 5339 5340 5372 5371
f 5340 5341 5373 5372
f 5341 5342 5374 5373
f 5342 5343 5375 5374
f 5343 5344 5376 5375
f 5344 5345 5377 5376
f 5345 5346 5378 5377
f 5346 5347 5379 5378
f 5347 5348 5380 5379
f 5348 5349 5381 5380
f 5349 5350 5382 5381
f 5350 5351 5383 5382
f 5351 5352 5384 5383
f 5352 5353 5385 5384
f 5353 5354 5386 5385
f 5354 5355 5387 5386
f 5355 5356 5388 5387
f 5356 5357 5389 5388
f 5357 5358 5390 5389
f 5358 5359 5391 5390
f 5359 5360 5392 5391
f 5360 5329 5361 5392
f 5360 5359 5358 5357 5356 5355 5354 5353 5352 5351 5350 5349 5348 5347 5346 5345 5344 5343 5342 5341 5340 5339 5338 5337 5336 5335 5334 5333 5332 5331 5330 5329
f 5361 5362 5363 5364 5365 5366 5367 5368 5369 5370 5371 5372 5373 5374 5375 5376 5377 5378 5379 5380 5381 5382 5383 5384 5385 5386 5387 5388 5389 5390 5391 5392
g BASE_ACC-173_ACC_F53_fan
usemtl fan
f 5393 5394 5426 5425
f 5394 5395 5427 5426
f 5395 5396 5428 5427
f 5396 5397 5429 5428
f 5397 5398 5430 5429
f 5398 5399 5431 5430
f 5399 5400 5432 5431
f 5400 5401 5433 5432
f 5401 5402 5434 5433
f 5402 5403 5435 5434
f 5403 5404 5436 5435
f 5404 5405 5437 5436
f 5405 5406 5438 5437
f 5406 5407 5439 5438
f 5407 5408 5440 5439
f 5408 5409 5441 5440
f 5409 5410 5442 5441
f 5410 5411 5443 5442
f 5411 5412 5444 5443
f 5412 5413 5445 5444
f 5413 5414 5446 5445
f 5414 5415 5447 5446
f 5415 5416 5448 5447
f 5416 5417 5449 5448
f 5417 5418 5450 5449
f 5418 5419 5451 5450
f 5419 5420 5452 5451
f 5420 5421 5453 5452
f 5421 5422 5454 5453
f 5422 5423 5455 5454
f 5423 5424 5456 5455
f 5424 5393 5425 5456
f 5424 5423 5422 5421 5420 5419 5418 5417 5416 5415 5414 5413 5412 5411 5410 5409 5408 5407 5406 5405 5404 5403 5402 5401 5400 5399 5398 5397 5396 5395 5394 5393
f 5425 5426 5427 5428 5429 5430 5431 5432 5433 5434 5435 5436 5437 5438 5439 5440 5441 5442 5443 5444 5445 5446 5447 5448 5449 5450 5451 5452 5453 5454 5455 5456
g BASE_ACC-174_ACC_F54_fan
usemtl fan
f 5457 5458 5490 5489
f 5458 5459 5491 5490
f 5459 5460 5492 5491
f 5460 5461 5493 5492
f 5461 5462 5494 5493
f 5462 5463 5495 5494
f 5463 5464 5496 5495
f 5464 5465 5497 5496
f 5465 5466 5498 5497
f 5466 5467 5499 5498
f 5467 5468 5500 5499
f 5468 5469 5501 5500
f 5469 5470 5502 5501
f 5470 5471 5503 5502
f 5471 5472 5504 5503
f 5472 5473 5505 5504
f 5473 5474 5506 5505
f 5474 5475 5507 5506
f 5475 5476 5508 5507
f 5476 5477 5509 5508
f 5477 5478 5510 5509
f 5478 5479 5511 5510
f 5479 5480 5512 5511
f 5480 5481 5513 5512
f 5481 5482 5514 5513
f 5482 5483 5515 5514
f 5483 5484 5516 5515
f 5484 5485 5517 5516
f 5485 5486 5518 5517
f 5486 5487 5519 5518
f 5487 5488 5520 5519
f 5488 5457 5489 5520
f 5488 5487 5486 5485 5484 5483 5482 5481 5480 5479 5478 5477 5476 5475 5474 5473 5472 5471 5470 5469 5468 5467 5466 5465 5464 5463 5462 5461 5460 5459 5458 5457
f 5489 5490 5491 5492 5493 5494 5495 5496 5497 5498 5499 5500 5501 5502 5503 5504 5505 5506 5507 5508 5509 5510 5511 5512 5513 5514 5515 5516 5517 5518 5519 5520
g BASE_ACC-175_ACC_F55_fan
usemtl fan
f 5521 5522 5554 5553
f 5522 5523 5555 5554
f 5523 5524 5556 5555
f 5524 5525 5557 5556
f 5525 5526 5558 5557
f 5526 5527 5559 5558
f 5527 5528 5560 5559
f 5528 5529 5561 5560
f 5529 5530 5562 5561
f 5530 5531 5563 5562
f 5531 5532 5564 5563
f 5532 5533 5565 5564
f 5533 5534 5566 5565
f 5534 5535 5567 5566
f 5535 5536 5568 5567
f 5536 5537 5569 5568
f 5537 5538 5570 5569
f 5538 5539 5571 5570
f 5539 5540 5572 5571
f 5540 5541 5573 5572
f 5541 5542 5574 5573
f 5542 5543 5575 5574
f 5543 5544 5576 5575
f 5544 5545 5577 5576
f 5545 5546 5578 5577
f 5546 5547 5579 5578
f 5547 5548 5580 5579
f 5548 5549 5581 5580
f 5549 5550 5582 5581
f 5550 5551 5583 5582
f 5551 5552 5584 5583
f 5552 5521 5553 5584
f 5552 5551 5550 5549 5548 5547 5546 5545 5544 5543 5542 5541 5540 5539 5538 5537 5536 5535 5534 5533 5532 5531 5530 5529 5528 5527 5526 5525 5524 5523 5522 5521
f 5553 5554 5555 5556 5557 5558 5559 5560 5561 5562 5563 5564 5565 5566 5567 5568 5569 5570 5571 5572 5573 5574 5575 5576 5577 5578 5579 5580 5581 5582 5583 5584
g BASE_ACC-176_ACC_F56_fan
usemtl fan
f 5585 5586 5618 5617
f 5586 5587 5619 5618
f 5587 5588 5620 5619
f 5588 5589 5621 5620
f 5589 5590 5622 5621
f 5590 5591 5623 5622
f 5591 5592 5624 5623
f 5592 5593 5625 5624
f 5593 5594 5626 5625
f 5594 5595 5627 5626
f 5595 5596 5628 5627
f 5596 5597 5629 5628
f 5597 5598 5630 5629
f 5598 5599 5631 5630
f 5599 5600 5632 5631
f 5600 5601 5633 5632
f 5601 5602 5634 5633
f 5602 5603 5635 5634
f 5603 5604 5636 5635
f 5604 5605 5637 5636
f 5605 5606 5638 5637
f 5606 5607 5639 5638
f 5607 5608 5640 5639
f 5608 5609 5641 5640
f 5609 5610 5642 5641
f 5610 5611 5643 5642
f 5611 5612 5644 5643
f 5612 5613 5645 5644
f 5613 5614 5646 5645
f 5614 5615 5647 5646
f 5615 5616 5648 5647
f 5616 5585 5617 5648
f 5616 5615 5614 5613 5612 5611 5610 5609 5608 5607 5606 5605 5604 5603 5602 5601 5600 5599 5598 5597 5596 5595 5594 5593 5592 5591 5590 5589 5588 5587 5586 5585
f 5617 5618 5619 5620 5621 5622 5623 5624 5625 5626 5627 5628 5629 5630 5631 5632 5633 5634 5635 5636 5637 5638 5639 5640 5641 5642 5643 5644 5645 5646 5647 5648
g BASE_ACC-177_ACC_F57_fan
usemtl fan
f 5649 5650 5682 5681
f 5650 5651 5683 5682
f 5651 5652 5684 5683
f 5652 5653 5685 5684
f 5653 5654 5686 5685
f 5654 5655 5687 5686
f 5655 5656 5688 5687
f 5656 5657 5689 5688
f 5657 5658 5690 5689
f 5658 5659 5691 5690
f 5659 5660 5692 5691
f 5660 5661 5693 5692
f 5661 5662 5694 5693
f 5662 5663 5695 5694
f 5663 5664 5696 5695
f 5664 5665 5697 5696
f 5665 5666 5698 5697
f 5666 5667 5699 5698
f 5667 5668 5700 5699
f 5668 5669 5701 5700
f 5669 5670 5702 5701
f 5670 5671 5703 5702
f 5671 5672 5704 5703
f 5672 5673 5705 5704
f 5673 5674 5706 5705
f 5674 5675 5707 5706
f 5675 5676 5708 5707
f 5676 5677 5709 5708
f 5677 5678 5710 5709
f 5678 5679 5711 5710
f 5679 5680 5712 5711
f 5680 5649 5681 5712
f 5680 5679 5678 5677 5676 5675 5674 5673 5672 5671 5670 5669 5668 5667 5666 5665 5664 5663 5662 5661 5660 5659 5658 5657 5656 5655 5654 5653 5652 5651 5650 5649
f 5681 5682 5683 5684 5685 5686 5687 5688 5689 5690 5691 5692 5693 5694 5695 5696 5697 5698 5699 5700 5701 5702 5703 5704 5705 5706 5707 5708 5709 5710 5711 5712
g BASE_ACC-178_ACC_F58_fan
usemtl fan
f 5713 5714 5746 5745
f 5714 5715 5747 5746
f 5715 5716 5748 5747
f 5716 5717 5749 5748
f 5717 5718 5750 5749
f 5718 5719 5751 5750
f 5719 5720 5752 5751
f 5720 5721 5753 5752
f 5721 5722 5754 5753
f 5722 5723 5755 5754
f 5723 5724 5756 5755
f 5724 5725 5757 5756
f 5725 5726 5758 5757
f 5726 5727 5759 5758
f 5727 5728 5760 5759
f 5728 5729 5761 5760
f 5729 5730 5762 5761
f 5730 5731 5763 5762
f 5731 5732 5764 5763
f 5732 5733 5765 5764
f 5733 5734 5766 5765
f 5734 5735 5767 5766
f 5735 5736 5768 5767
f 5736 5737 5769 5768
f 5737 5738 5770 5769
f 5738 5739 5771 5770
f 5739 5740 5772 5771
f 5740 5741 5773 5772
f 5741 5742 5774 5773
f 5742 5743 5775 5774
f 5743 5744 5776 5775
f 5744 5713 5745 5776
f 5744 5743 5742 5741 5740 5739 5738 5737 5736 5735 5734 5733 5732 5731 5730 5729 5728 5727 5726 5725 5724 5723 5722 5721 5720 5719 5718 5717 5716 5715 5714 5713
f 5745 5746 5747 5748 5749 5750 5751 5752 5753 5754 5755 5756 5757 5758 5759 5760 5761 5762 5763 5764 5765 5766 5767 5768 5769 5770 5771 5772 5773 5774 5775 5776
g BASE_ACC-179_ACC_F59_fan
usemtl fan
f 5777 5778 5810 5809
f 5778 5779 5811 5810
f 5779 5780 5812 5811
f 5780 5781 5813 5812
f 5781 5782 5814 5813
f 5782 5783 5815 5814
f 5783 5784 5816 5815
f 5784 5785 5817 5816
f 5785 5786 5818 5817
f 5786 5787 5819 5818
f 5787 5788 5820 5819
f 5788 5789 5821 5820
f 5789 5790 5822 5821
f 5790 5791 5823 5822
f 5791 5792 5824 5823
f 5792 5793 5825 5824
f 5793 5794 5826 5825
f 5794 5795 5827 5826
f 5795 5796 5828 5827
f 5796 5797 5829 5828
f 5797 5798 5830 5829
f 5798 5799 5831 5830
f 5799 5800 5832 5831
f 5800 5801 5833 5832
f 5801 5802 5834 5833
f 5802 5803 5835 5834
f 5803 5804 5836 5835
f 5804 5805 5837 5836
f 5805 5806 5838 5837
f 5806 5807 5839 5838
f 5807 5808 5840 5839
f 5808 5777 5809 5840
f 5808 5807 5806 5805 5804 5803 5802 5801 5800 5799 5798 5797 5796 5795 5794 5793 5792 5791 5790 5789 5788 5787 5786 5785 5784 5783 5782 5781 5780 5779 5778 5777
f 5809 5810 5811 5812 5813 5814 5815 5816 5817 5818 5819 5820 5821 5822 5823 5824 5825 5826 5827 5828 5829 5830 5831 5832 5833 5834 5835 5836 5837 5838 5839 5840
g BASE_ACC-180_ACC_F60_fan
usemtl fan
f 5841 5842 5874 5873
f 5842 5843 5875 5874
f 5843 5844 5876 5875
f 5844 5845 5877 5876
f 5845 5846 5878 5877
f 5846 5847 5879 5878
f 5847 5848 5880 5879
f 5848 5849 5881 5880
f 5849 5850 5882 5881
f 5850 5851 5883 5882
f 5851 5852 5884 5883
f 5852 5853 5885 5884
f 5853 5854 5886 5885
f 5854 5855 5887 5886
f 5855 5856 5888 5887
f 5856 5857 5889 5888
f 5857 5858 5890 5889
f 5858 5859 5891 5890
f 5859 5860 5892 5891
f 5860 5861 5893 5892
f 5861 5862 5894 5893
f 5862 5863 5895 5894
f 5863 5864 5896 5895
f 5864 5865 5897 5896
f 5865 5866 5898 5897
f 5866 5867 5899 5898
f 5867 5868 5900 5899
f 5868 5869 5901 5900
f 5869 5870 5902 5901
f 5870 5871 5903 5902
f 5871 5872 5904 5903
f 5872 5841 5873 5904
f 5872 5871 5870 5869 5868 5867 5866 5865 5864 5863 5862 5861 5860 5859 5858 5857 5856 5855 5854 5853 5852 5851 5850 5849 5848 5847 5846 5845 5844 5843 5842 5841
f 5873 5874 5875 5876 5877 5878 5879 5880 5881 5882 5883 5884 5885 5886 5887 5888 5889 5890 5891 5892 5893 5894 5895 5896 5897 5898 5899 5900 5901 5902 5903 5904
g BASE_ACC-181_ACC_F61_fan
usemtl fan
f 5905 5906 5938 5937
f 5906 5907 5939 5938
f 5907 5908 5940 5939
f 5908 5909 5941 5940
f 5909 5910 5942 5941
f 5910 5911 5943 5942
f 5911 5912 5944 5943
f 5912 5913 5945 5944
f 5913 5914 5946 5945
f 5914 5915 5947 5946
f 5915 5916 5948 5947
f 5916 5917 5949 5948
f 5917 5918 5950 5949
f 5918 5919 5951 5950
f 5919 5920 5952 5951
f 5920 5921 5953 5952
f 5921 5922 5954 5953
f 5922 5923 5955 5954
f 5923 5924 5956 5955
f 5924 5925 5957 5956
f 5925 5926 5958 5957
f 5926 5927 5959 5958
f 5927 5928 5960 5959
f 5928 5929 5961 5960
f 5929 5930 5962 5961
f 5930 5931 5963 5962
f 5931 5932 5964 5963
f 5932 5933 5965 5964
f 5933 5934 5966 5965
f 5934 5935 5967 5966
f 5935 5936 5968 5967
f 5936 5905 5937 5968
f 5936 5935 5934 5933 5932 5931 5930 5929 5928 5927 5926 5925 5924 5923 5922 5921 5920 5919 5918 5917 5916 5915 5914 5913 5912 5911 5910 5909 5908 5907 5906 5905
f 5937 5938 5939 5940 5941 5942 5943 5944 5945 5946 5947 5948 5949 5950 5951 5952 5953 5954 5955 5956 5957 5958 5959 5960 5961 5962 5963 5964 5965 5966 5967 5968
g BASE_ACC-182_ACC_F62_fan
usemtl fan
f 5969 5970 6002 6001
f 5970 5971 6003 6002
f 5971 5972 6004 6003
f 5972 5973 6005 6004
f 5973 5974 6006 6005
f 5974 5975 6007 6006
f 5975 5976 6008 6007
f 5976 5977 6009 6008
f 5977 5978 6010 6009
f 5978 5979 6011 6010
f 5979 5980 6012 6011
f 5980 5981 6013 6012
f 5981 5982 6014 6013
f 5982 5983 6015 6014
f 5983 5984 6016 6015
f 5984 5985 6017 6016
f 5985 5986 6018 6017
f 5986 5987 6019 6018
f 5987 5988 6020 6019
f 5988 5989 6021 6020
f 5989 5990 6022 6021
f 5990 5991 6023 6022
f 5991 5992 6024 6023
f 5992 5993 6025 6024
f 5993 5994 6026 6025
f 5994 5995 6027 6026
f 5995 5996 6028 6027
f 5996 5997 6029 6028
f 5997 5998 6030 6029
f 5998 5999 6031 6030
f 5999 6000 6032 6031
f 6000 5969 6001 6032
f 6000 5999 5998 5997 5996 5995 5994 5993 5992 5991 5990 5989 5988 5987 5986 5985 5984 5983 5982 5981 5980 5979 5978 5977 5976 5975 5974 5973 5972 5971 5970 5969
f 6001 6002 6003 6004 6005 6006 6007 6008 6009 6010 6011 6012 6013 6014 6015 6016 6017 6018 6019 6020 6021 6022 6023 6024 6025 6026 6027 6028 6029 6030 6031 6032
g BASE_ACC-183_ACC_F63_fan
usemtl fan
f 6033 6034 6066 6065
f 6034 6035 6067 6066
f 6035 6036 6068 6067
f 6036 6037 6069 6068
f 6037 6038 6070 6069
f 6038 6039 6071 6070
f 6039 6040 6072 6071
f 6040 6041 6073 6072
f 6041 6042 6074 6073
f 6042 6043 6075 6074
f 6043 6044 6076 6075
f 6044 6045 6077 6076
f 6045 6046 6078 6077
f 6046 6047 6079 6078
f 6047 6048 6080 6079
f 6048 6049 6081 6080
f 6049 6050 6082 6081
f 6050 6051 6083 6082
f 6051 6052 6084 6083
f 6052 6053 6085 6084
f 6053 6054 6086 6085
f 6054 6055 6087 6086
f 6055 6056 6088 6087
f 6056 6057 6089 6088
f 6057 6058 6090 6089
f 6058 6059 6091 6090
f 6059 6060 6092 6091
f 6060 6061 6093 6092
f 6061 6062 6094 6093
f 6062 6063 6095 6094
f 6063 6064 6096 6095
f 6064 6033 6065 6096
f 6064 6063 6062 6061 6060 6059 6058 6057 6056 6055 6054 6053 6052 6051 6050 6049 6048 6047 6046 6045 6044 6043 6042 6041 6040 6039 6038 6037 6036 6035 6034 6033
f 6065 6066 6067 6068 6069 6070 6071 6072 6073 6074 6075 6076 6077 6078 6079 6080 6081 6082 6083 6084 6085 6086 6087 6088 6089 6090 6091 6092 6093 6094 6095 6096
g BASE_ACC-184_ACC_F64_fan
usemtl fan
f 6097 6098 6130 6129
f 6098 6099 6131 6130
f 6099 6100 6132 6131
f 6100 6101 6133 6132
f 6101 6102 6134 6133
f 6102 6103 6135 6134
f 6103 6104 6136 6135
f 6104 6105 6137 6136
f 6105 6106 6138 6137
f 6106 6107 6139 6138
f 6107 6108 6140 6139
f 6108 6109 6141 6140
f 6109 6110 6142 6141
f 6110 6111 6143 6142
f 6111 6112 6144 6143
f 6112 6113 6145 6144
f 6113 6114 6146 6145
f 6114 6115 6147 6146
f 6115 6116 6148 6147
f 6116 6117 6149 6148
f 6117 6118 6150 6149
f 6118 6119 6151 6150
f 6119 6120 6152 6151
f 6120 6121 6153 6152
f 6121 6122 6154 6153
f 6122 6123 6155 6154
f 6123 6124 6156 6155
f 6124 6125 6157 6156
f 6125 6126 6158 6157
f 6126 6127 6159 6158
f 6127 6128 6160 6159
f 6128 6097 6129 6160
f 6128 6127 6126 6125 6124 6123 6122 6121 6120 6119 6118 6117 6116 6115 6114 6113 6112 6111 6110 6109 6108 6107 6106 6105 6104 6103 6102 6101 6100 6099 6098 6097
f 6129 6130 6131 6132 6133 6134 6135 6136 6137 6138 6139 6140 6141 6142 6143 6144 6145 6146 6147 6148 6149 6150 6151 6152 6153 6154 6155 6156 6157 6158 6159 6160
g BASE_ACC-185_ACC_F65_fan
usemtl fan
f 6161 6162 6194 6193
f 6162 6163 6195 6194
f 6163 6164 6196 6195
f 6164 6165 6197 6196
f 6165 6166 6198 6197
f 6166 6167 6199 6198
f 6167 6168 6200 6199
f 6168 6169 6201 6200
f 6169 6170 6202 6201
f 6170 6171 6203 6202
f 6171 6172 6204 6203
f 6172 6173 6205 6204
f 6173 6174 6206 6205
f 6174 6175 6207 6206
f 6175 6176 6208 6207
f 6176 6177 6209 6208
f 6177 6178 6210 6209
f 6178 6179 6211 6210
f 6179 6180 6212 6211
f 6180 6181 6213 6212
f 6181 6182 6214 6213
f 6182 6183 6215 6214
f 6183 6184 6216 6215
f 6184 6185 6217 6216
f 6185 6186 6218 6217
f 6186 6187 6219 6218
f 6187 6188 6220 6219
f 6188 6189 6221 6220
f 6189 6190 6222 6221
f 6190 6191 6223 6222
f 6191 6192 6224 6223
f 6192 6161 6193 6224
f 6192 6191 6190 6189 6188 6187 6186 6185 6184 6183 6182 6181 6180 6179 6178 6177 6176 6175 6174 6173 6172 6171 6170 6169 6168 6167 6166 6165 6164 6163 6162 6161
f 6193 6194 6195 6196 6197 6198 6199 6200 6201 6202 6203 6204 6205 6206 6207 6208 6209 6210 6211 6212 6213 6214 6215 6216 6217 6218 6219 6220 6221 6222 6223 6224
g BASE_ACC-186_ACC_F66_fan
usemtl fan
f 6225 6226 6258 6257
f 6226 6227 6259 6258
f 6227 6228 6260 6259
f 6228 6229 6261 6260
f 6229 6230 6262 6261
f 6230 6231 6263 6262
f 6231 6232 6264 6263
f 6232 6233 6265 6264
f 6233 6234 6266 6265
f 6234 6235 6267 6266
f 6235 6236 6268 6267
f 6236 6237 6269 6268
f 6237 6238 6270 6269
f 6238 6239 6271 6270
f 6239 6240 6272 6271
f 6240 6241 6273 6272
f 6241 6242 6274 6273
f 6242 6243 6275 6274
f 6243 6244 6276 6275
f 6244 6245 6277 6276
f 6245 6246 6278 6277
f 6246 6247 6279 6278
f 6247 6248 6280 6279
f 6248 6249 6281 6280
f 6249 6250 6282 6281
f 6250 6251 6283 6282
f 6251 6252 6284 6283
f 6252 6253 6285 6284
f 6253 6254 6286 6285
f 6254 6255 6287 6286
f 6255 6256 6288 6287
f 6256 6225 6257 6288
f 6256 6255 6254 6253 6252 6251 6250 6249 6248 6247 6246 6245 6244 6243 6242 6241 6240 6239 6238 6237 6236 6235 6234 6233 6232 6231 6230 6229 6228 6227 6226 6225
f 6257 6258 6259 6260 6261 6262 6263 6264 6265 6266 6267 6268 6269 6270 6271 6272 6273 6274 6275 6276 6277 6278 6279 6280 6281 6282 6283 6284 6285 6286 6287 6288
g BASE_ACC-187_ACC_F67_fan
usemtl fan
f 6289 6290 6322 6321
f 6290 6291 6323 6322
f 6291 6292 6324 6323
f 6292 6293 6325 6324
f 6293 6294 6326 6325
f 6294 6295 6327 6326
f 6295 6296 6328 6327
f 6296 6297 6329 6328
f 6297 6298 6330 6329
f 6298 6299 6331 6330
f 6299 6300 6332 6331
f 6300 6301 6333 6332
f 6301 6302 6334 6333
f 6302 6303 6335 6334
f 6303 6304 6336 6335
f 6304 6305 6337 6336
f 6305 6306 6338 6337
f 6306 6307 6339 6338
f 6307 6308 6340 6339
f 6308 6309 6341 6340
f 6309 6310 6342 6341
f 6310 6311 6343 6342
f 6311 6312 6344 6343
f 6312 6313 6345 6344
f 6313 6314 6346 6345
f 6314 6315 6347 6346
f 6315 6316 6348 6347
f 6316 6317 6349 6348
f 6317 6318 6350 6349
f 6318 6319 6351 6350
f 6319 6320 6352 6351
f 6320 6289 6321 6352
f 6320 6319 6318 6317 6316 6315 6314 6313 6312 6311 6310 6309 6308 6307 6306 6305 6304 6303 6302 6301 6300 6299 6298 6297 6296 6295 6294 6293 6292 6291 6290 6289
f 6321 6322 6323 6324 6325 6326 6327 6328 6329 6330 6331 6332 6333 6334 6335 6336 6337 6338 6339 6340 6341 6342 6343 6344 6345 6346 6347 6348 6349 6350 6351 6352
g BASE_ACC-188_ACC_F68_fan
usemtl fan
f 6353 6354 6386 6385
f 6354 6355 6387 6386
f 6355 6356 6388 6387
f 6356 6357 6389 6388
f 6357 6358 6390 6389
f 6358 6359 6391 6390
f 6359 6360 6392 6391
f 6360 6361 6393 6392
f 6361 6362 6394 6393
f 6362 6363 6395 6394
f 6363 6364 6396 6395
f 6364 6365 6397 6396
f 6365 6366 6398 6397
f 6366 6367 6399 6398
f 6367 6368 6400 6399
f 6368 6369 6401 6400
f 6369 6370 6402 6401
f 6370 6371 6403 6402
f 6371 6372 6404 6403
f 6372 6373 6405 6404
f 6373 6374 6406 6405
f 6374 6375 6407 6406
f 6375 6376 6408 6407
f 6376 6377 6409 6408
f 6377 6378 6410 6409
f 6378 6379 6411 6410
f 6379 6380 6412 6411
f 6380 6381 6413 6412
f 6381 6382 6414 6413
f 6382 6383 6415 6414
f 6383 6384 6416 6415
f 6384 6353 6385 6416
f 6384 6383 6382 6381 6380 6379 6378 6377 6376 6375 6374 6373 6372 6371 6370 6369 6368 6367 6366 6365 6364 6363 6362 6361 6360 6359 6358 6357 6356 6355 6354 6353
f 6385 6386 6387 6388 6389 6390 6391 6392 6393 6394 6395 6396 6397 6398 6399 6400 6401 6402 6403 6404 6405 6406 6407 6408 6409 6410 6411 6412 6413 6414 6415 6416
g BASE_ACC-189_ACC_F69_fan
usemtl fan
f 6417 6418 6450 6449
f 6418 6419 6451 6450
f 6419 6420 6452 6451
f 6420 6421 6453 6452
f 6421 6422 6454 6453
f 6422 6423 6455 6454
f 6423 6424 6456 6455
f 6424 6425 6457 6456
f 6425 6426 6458 6457
f 6426 6427 6459 6458
f 6427 6428 6460 6459
f 6428 6429 6461 6460
f 6429 6430 6462 6461
f 6430 6431 6463 6462
f 6431 6432 6464 6463
f 6432 6433 6465 6464
f 6433 6434 6466 6465
f 6434 6435 6467 6466
f 6435 6436 6468 6467
f 6436 6437 6469 6468
f 6437 6438 6470 6469
f 6438 6439 6471 6470
f 6439 6440 6472 6471
f 6440 6441 6473 6472
f 6441 6442 6474 6473
f 6442 6443 6475 6474
f 6443 6444 6476 6475
f 6444 6445 6477 6476
f 6445 6446 6478 6477
f 6446 6447 6479 6478
f 6447 6448 6480 6479
f 6448 6417 6449 6480
f 6448 6447 6446 6445 6444 6443 6442 6441 6440 6439 6438 6437 6436 6435 6434 6433 6432 6431 6430 6429 6428 6427 6426 6425 6424 6423 6422 6421 6420 6419 6418 6417
f 6449 6450 6451 6452 6453 6454 6455 6456 6457 6458 6459 6460 6461 6462 6463 6464 6465 6466 6467 6468 6469 6470 6471 6472 6473 6474 6475 6476 6477 6478 6479 6480
g BASE_ACC-190_ACC_F70_fan
usemtl fan
f 6481 6482 6514 6513
f 6482 6483 6515 6514
f 6483 6484 6516 6515
f 6484 6485 6517 6516
f 6485 6486 6518 6517
f 6486 6487 6519 6518
f 6487 6488 6520 6519
f 6488 6489 6521 6520
f 6489 6490 6522 6521
f 6490 6491 6523 6522
f 6491 6492 6524 6523
f 6492 6493 6525 6524
f 6493 6494 6526 6525
f 6494 6495 6527 6526
f 6495 6496 6528 6527
f 6496 6497 6529 6528
f 6497 6498 6530 6529
f 6498 6499 6531 6530
f 6499 6500 6532 6531
f 6500 6501 6533 6532
f 6501 6502 6534 6533
f 6502 6503 6535 6534
f 6503 6504 6536 6535
f 6504 6505 6537 6536
f 6505 6506 6538 6537
f 6506 6507 6539 6538
f 6507 6508 6540 6539
f 6508 6509 6541 6540
f 6509 6510 6542 6541
f 6510 6511 6543 6542
f 6511 6512 6544 6543
f 6512 6481 6513 6544
f 6512 6511 6510 6509 6508 6507 6506 6505 6504 6503 6502 6501 6500 6499 6498 6497 6496 6495 6494 6493 6492 6491 6490 6489 6488 6487 6486 6485 6484 6483 6482 6481
f 6513 6514 6515 6516 6517 6518 6519 6520 6521 6522 6523 6524 6525 6526 6527 6528 6529 6530 6531 6532 6533 6534 6535 6536 6537 6538 6539 6540 6541 6542 6543 6544
g BASE_ACC-191_ACC_F71_fan
usemtl fan
f 6545 6546 6578 6577
f 6546 6547 6579 6578
f 6547 6548 6580 6579
f 6548 6549 6581 6580
f 6549 6550 6582 6581
f 6550 6551 6583 6582
f 6551 6552 6584 6583
f 6552 6553 6585 6584
f 6553 6554 6586 6585
f 6554 6555 6587 6586
f 6555 6556 6588 6587
f 6556 6557 6589 6588
f 6557 6558 6590 6589
f 6558 6559 6591 6590
f 6559 6560 6592 6591
f 6560 6561 6593 6592
f 6561 6562 6594 6593
f 6562 6563 6595 6594
f 6563 6564 6596 6595
f 6564 6565 6597 6596
f 6565 6566 6598 6597
f 6566 6567 6599 6598
f 6567 6568 6600 6599
f 6568 6569 6601 6600
f 6569 6570 6602 6601
f 6570 6571 6603 6602
f 6571 6572 6604 6603
f 6572 6573 6605 6604
f 6573 6574 6606 6605
f 6574 6575 6607 6606
f 6575 6576 6608 6607
f 6576 6545 6577 6608
f 6576 6575 6574 6573 6572 6571 6570 6569 6568 6567 6566 6565 6564 6563 6562 6561 6560 6559 6558 6557 6556 6555 6554 6553 6552 6551 6550 6549 6548 6547 6546 6545
f 6577 6578 6579 6580 6581 6582 6583 6584 6585 6586 6587 6588 6589 6590 6591 6592 6593 6594 6595 6596 6597 6598 6599 6600 6601 6602 6603 6604 6605 6606 6607 6608
g BASE_ACC-192_ACC_F72_fan
usemtl fan
f 6609 6610 6642 6641
f 6610 6611 6643 6642
f 6611 6612 6644 6643
f 6612 6613 6645 6644
f 6613 6614 6646 6645
f 6614 6615 6647 6646
f 6615 6616 6648 6647
f 6616 6617 6649 6648
f 6617 6618 6650 6649
f 6618 6619 6651 6650
f 6619 6620 6652 6651
f 6620 6621 6653 6652
f 6621 6622 6654 6653
f 6622 6623 6655 6654
f 6623 6624 6656 6655
f 6624 6625 6657 6656
f 6625 6626 6658 6657
f 6626 6627 6659 6658
f 6627 6628 6660 6659
f 6628 6629 6661 6660
f 6629 6630 6662 6661
f 6630 6631 6663 6662
f 6631 6632 6664 6663
f 6632 6633 6665 6664
f 6633 6634 6666 6665
f 6634 6635 6667 6666
f 6635 6636 6668 6667
f 6636 6637 6669 6668
f 6637 6638 6670 6669
f 6638 6639 6671 6670
f 6639 6640 6672 6671
f 6640 6609 6641 6672
f 6640 6639 6638 6637 6636 6635 6634 6633 6632 6631 6630 6629 6628 6627 6626 6625 6624 6623 6622 6621 6620 6619 6618 6617 6616 6615 6614 6613 6612 6611 6610 6609
f 6641 6642 6643 6644 6645 6646 6647 6648 6649 6650 6651 6652 6653 6654 6655 6656 6657 6658 6659 6660 6661 6662 6663 6664 6665 6666 6667 6668 6669 6670 6671 6672
g BASE_ACC-193_ACC_F73_fan
usemtl fan
f 6673 6674 6706 6705
f 6674 6675 6707 6706
f 6675 6676 6708 6707
f 6676 6677 6709 6708
f 6677 6678 6710 6709
f 6678 6679 6711 6710
f 6679 6680 6712 6711
f 6680 6681 6713 6712
f 6681 6682 6714 6713
f 6682 6683 6715 6714
f 6683 6684 6716 6715
f 6684 6685 6717 6716
f 6685 6686 6718 6717
f 6686 6687 6719 6718
f 6687 6688 6720 6719
f 6688 6689 6721 6720
f 6689 6690 6722 6721
f 6690 6691 6723 6722
f 6691 6692 6724 6723
f 6692 6693 6725 6724
f 6693 6694 6726 6725
f 6694 6695 6727 6726
f 6695 6696 6728 6727
f 6696 6697 6729 6728
f 6697 6698 6730 6729
f 6698 6699 6731 6730
f 6699 6700 6732 6731
f 6700 6701 6733 6732
f 6701 6702 6734 6733
f 6702 6703 6735 6734
f 6703 6704 6736 6735
f 6704 6673 6705 6736
f 6704 6703 6702 6701 6700 6699 6698 6697 6696 6695 6694 6693 6692 6691 6690 6689 6688 6687 6686 6685 6684 6683 6682 6681 6680 6679 6678 6677 6676 6675 6674 6673
f 6705 6706 6707 6708 6709 6710 6711 6712 6713 6714 6715 6716 6717 6718 6719 6720 6721 6722 6723 6724 6725 6726 6727 6728 6729 6730 6731 6732 6733 6734 6735 6736
g BASE_ACC-194_ACC_F74_fan
usemtl fan
f 6737 6738 6770 6769
f 6738 6739 6771 6770
f 6739 6740 6772 6771
f 6740 6741 6773 6772
f 6741 6742 6774 6773
f 6742 6743 6775 6774
f 6743 6744 6776 6775
f 6744 6745 6777 6776
f 6745 6746 6778 6777
f 6746 6747 6779 6778
f 6747 6748 6780 6779
f 6748 6749 6781 6780
f 6749 6750 6782 6781
f 6750 6751 6783 6782
f 6751 6752 6784 6783
f 6752 6753 6785 6784
f 6753 6754 6786 6785
f 6754 6755 6787 6786
f 6755 6756 6788 6787
f 6756 6757 6789 6788
f 6757 6758 6790 6789
f 6758 6759 6791 6790
f 6759 6760 6792 6791
f 6760 6761 6793 6792
f 6761 6762 6794 6793
f 6762 6763 6795 6794
f 6763 6764 6796 6795
f 6764 6765 6797 6796
f 6765 6766 6798 6797
f 6766 6767 6799 6798
f 6767 6768 6800 6799
f 6768 6737 6769 6800
f 6768 6767 6766 6765 6764 6763 6762 6761 6760 6759 6758 6757 6756 6755 6754 6753 6752 6751 6750 6749 6748 6747 6746 6745 6744 6743 6742 6741 6740 6739 6738 6737
f 6769 6770 6771 6772 6773 6774 6775 6776 6777 6778 6779 6780 6781 6782 6783 6784 6785 6786 6787 6788 6789 6790 6791 6792 6793 6794 6795 6796 6797 6798 6799 6800
g BASE_ACC-195_ACC_F75_fan
usemtl fan
f 6801 6802 6834 6833
f 6802 6803 6835 6834
f 6803 6804 6836 6835
f 6804 6805 6837 6836
f 6805 6806 6838 6837
f 6806 6807 6839 6838
f 6807 6808 6840 6839
f 6808 6809 6841 6840
f 6809 6810 6842 6841
f 6810 6811 6843 6842
f 6811 6812 6844 6843
f 6812 6813 6845 6844
f 6813 6814 6846 6845
f 6814 6815 6847 6846
f 6815 6816 6848 6847
f 6816 6817 6849 6848
f 6817 6818 6850 6849
f 6818 6819 6851 6850
f 6819 6820 6852 6851
f 6820 6821 6853 6852
f 6821 6822 6854 6853
f 6822 6823 6855 6854
f 6823 6824 6856 6855
f 6824 6825 6857 6856
f 6825 6826 6858 6857
f 6826 6827 6859 6858
f 6827 6828 6860 6859
f 6828 6829 6861 6860
f 6829 6830 6862 6861
f 6830 6831 6863 6862
f 6831 6832 6864 6863
f 6832 6801 6833 6864
f 6832 6831 6830 6829 6828 6827 6826 6825 6824 6823 6822 6821 6820 6819 6818 6817 6816 6815 6814 6813 6812 6811 6810 6809 6808 6807 6806 6805 6804 6803 6802 6801
f 6833 6834 6835 6836 6837 6838 6839 6840 6841 6842 6843 6844 6845 6846 6847 6848 6849 6850 6851 6852 6853 6854 6855 6856 6857 6858 6859 6860 6861 6862 6863 6864
g BASE_ACC-196_ACC_F76_fan
usemtl fan
f 6865 6866 6898 6897
f 6866 6867 6899 6898
f 6867 6868 6900 6899
f 6868 6869 6901 6900
f 6869 6870 6902 6901
f 6870 6871 6903 6902
f 6871 6872 6904 6903
f 6872 6873 6905 6904
f 6873 6874 6906 6905
f 6874 6875 6907 6906
f 6875 6876 6908 6907
f 6876 6877 6909 6908
f 6877 6878 6910 6909
f 6878 6879 6911 6910
f 6879 6880 6912 6911
f 6880 6881 6913 6912
f 6881 6882 6914 6913
f 6882 6883 6915 6914
f 6883 6884 6916 6915
f 6884 6885 6917 6916
f 6885 6886 6918 6917
f 6886 6887 6919 6918
f 6887 6888 6920 6919
f 6888 6889 6921 6920
f 6889 6890 6922 6921
f 6890 6891 6923 6922
f 6891 6892 6924 6923
f 6892 6893 6925 6924
f 6893 6894 6926 6925
f 6894 6895 6927 6926
f 6895 6896 6928 6927
f 6896 6865 6897 6928
f 6896 6895 6894 6893 6892 6891 6890 6889 6888 6887 6886 6885 6884 6883 6882 6881 6880 6879 6878 6877 6876 6875 6874 6873 6872 6871 6870 6869 6868 6867 6866 6865
f 6897 6898 6899 6900 6901 6902 6903 6904 6905 6906 6907 6908 6909 6910 6911 6912 6913 6914 6915 6916 6917 6918 6919 6920 6921 6922 6923 6924 6925 6926 6927 6928
g BASE_ACC-197_ACC_F77_fan
usemtl fan
f 6929 6930 6962 6961
f 6930 6931 6963 6962
f 6931 6932 6964 6963
f 6932 6933 6965 6964
f 6933 6934 6966 6965
f 6934 6935 6967 6966
f 6935 6936 6968 6967
f 6936 6937 6969 6968
f 6937 6938 6970 6969
f 6938 6939 6971 6970
f 6939 6940 6972 6971
f 6940 6941 6973 6972
f 6941 6942 6974 6973
f 6942 6943 6975 6974
f 6943 6944 6976 6975
f 6944 6945 6977 6976
f 6945 6946 6978 6977
f 6946 6947 6979 6978
f 6947 6948 6980 6979
f 6948 6949 6981 6980
f 6949 6950 6982 6981
f 6950 6951 6983 6982
f 6951 6952 6984 6983
f 6952 6953 6985 6984
f 6953 6954 6986 6985
f 6954 6955 6987 6986
f 6955 6956 6988 6987
f 6956 6957 6989 6988
f 6957 6958 6990 6989
f 6958 6959 6991 6990
f 6959 6960 6992 6991
f 6960 6929 6961 6992
f 6960 6959 6958 6957 6956 6955 6954 6953 6952 6951 6950 6949 6948 6947 6946 6945 6944 6943 6942 6941 6940 6939 6938 6937 6936 6935 6934 6933 6932 6931 6930 6929
f 6961 6962 6963 6964 6965 6966 6967 6968 6969 6970 6971 6972 6973 6974 6975 6976 6977 6978 6979 6980 6981 6982 6983 6984 6985 6986 6987 6988 6989 6990 6991 6992
g BASE_ACC-198_ACC_F78_fan
usemtl fan
f 6993 6994 7026 7025
f 6994 6995 7027 7026
f 6995 6996 7028 7027
f 6996 6997 7029 7028
f 6997 6998 7030 7029
f 6998 6999 7031 7030
f 6999 7000 7032 7031
f 7000 7001 7033 7032
f 7001 7002 7034 7033
f 7002 7003 7035 7034
f 7003 7004 7036 7035
f 7004 7005 7037 7036
f 7005 7006 7038 7037
f 7006 7007 7039 7038
f 7007 7008 7040 7039
f 7008 7009 7041 7040
f 7009 7010 7042 7041
f 7010 7011 7043 7042
f 7011 7012 7044 7043
f 7012 7013 7045 7044
f 7013 7014 7046 7045
f 7014 7015 7047 7046
f 7015 7016 7048 7047
f 7016 7017 7049 7048
f 7017 7018 7050 7049
f 7018 7019 7051 7050
f 7019 7020 7052 7051
f 7020 7021 7053 7052
f 7021 7022 7054 7053
f 7022 7023 7055 7054
f 7023 7024 7056 7055
f 7024 6993 7025 7056
f 7024 7023 7022 7021 7020 7019 7018 7017 7016 7015 7014 7013 7012 7011 7010 7009 7008 7007 7006 7005 7004 7003 7002 7001 7000 6999 6998 6997 6996 6995 6994 6993
f 7025 7026 7027 7028 7029 7030 7031 7032 7033 7034 7035 7036 7037 7038 7039 7040 7041 7042 7043 7044 7045 7046 7047 7048 7049 7050 7051 7052 7053 7054 7055 7056
g BASE_ACC-199_ACC_F79_fan
usemtl fan
f 7057 7058 7090 7089
f 7058 7059 7091 7090
f 7059 7060 7092 7091
f 7060 7061 7093 7092
f 7061 7062 7094 7093
f 7062 7063 7095 7094
f 7063 7064 7096 7095
f 7064 7065 7097 7096
f 7065 7066 7098 7097
f 7066 7067 7099 7098
f 7067 7068 7100 7099
f 7068 7069 7101 7100
f 7069 7070 7102 7101
f 7070 7071 7103 7102
f 7071 7072 7104 7103
f 7072 7073 7105 7104
f 7073 7074 7106 7105
f 7074 7075 7107 7106
f 7075 7076 7108 7107
f 7076 7077 7109 7108
f 7077 7078 7110 7109
f 7078 7079 7111 7110
f 7079 7080 7112 7111
f 7080 7081 7113 7112
f 7081 7082 7114 7113
f 7082 7083 7115 7114
f 7083 7084 7116 7115
f 7084 7085 7117 7116
f 7085 7086 7118 7117
f 7086 7087 7119 7118
f 7087 7088 7120 7119
f 7088 7057 7089 7120
f 7088 7087 7086 7085 7084 7083 7082 7081 7080 7079 7078 7077 7076 7075 7074 7073 7072 7071 7070 7069 7068 7067 7066 7065 7064 7063 7062 7061 7060 7059 7058 7057
f 7089 7090 7091 7092 7093 7094 7095 7096 7097 7098 7099 7100 7101 7102 7103 7104 7105 7106 7107 7108 7109 7110 7111 7112 7113 7114 7115 7116 7117 7118 7119 7120
g BASE_ACC-200_ACC_F80_fan
usemtl fan
f 7121 7122 7154 7153
f 7122 7123 7155 7154
f 7123 7124 7156 7155
f 7124 7125 7157 7156
f 7125 7126 7158 7157
f 7126 7127 7159 7158
f 7127 7128 7160 7159
f 7128 7129 7161 7160
f 7129 7130 7162 7161
f 7130 7131 7163 7162
f 7131 7132 7164 7163
f 7132 7133 7165 7164
f 7133 7134 7166 7165
f 7134 7135 7167 7166
f 7135 7136 7168 7167
f 7136 7137 7169 7168
f 7137 7138 7170 7169
f 7138 7139 7171 7170
f 7139 7140 7172 7171
f 7140 7141 7173 7172
f 7141 7142 7174 7173
f 7142 7143 7175 7174
f 7143 7144 7176 7175
f 7144 7145 7177 7176
f 7145 7146 7178 7177
f 7146 7147 7179 7178
f 7147 7148 7180 7179
f 7148 7149 7181 7180
f 7149 7150 7182 7181
f 7150 7151 7183 7182
f 7151 7152 7184 7183
f 7152 7121 7153 7184
f 7152 7151 7150 7149 7148 7147 7146 7145 7144 7143 7142 7141 7140 7139 7138 7137 7136 7135 7134 7133 7132 7131 7130 7129 7128 7127 7126 7125 7124 7123 7122 7121
f 7153 7154 7155 7156 7157 7158 7159 7160 7161 7162 7163 7164 7165 7166 7167 7168 7169 7170 7171 7172 7173 7174 7175 7176 7177 7178 7179 7180 7181 7182 7183 7184
g BASE_ELECTRICAL-001_GSU_1__21_230_kV_generator_step_up_transformer
usemtl xfmr
f 7185 7187 7188 7186
f 7189 7190 7192 7191
f 7185 7186 7190 7189
f 7187 7191 7192 7188
f 7185 7189 7191 7187
f 7186 7188 7192 7190
g BASE_ELECTRICAL-002_GSU_1_HV_bushings
usemtl xfmr
f 7193 7195 7196 7194
f 7197 7198 7200 7199
f 7193 7194 7198 7197
f 7195 7199 7200 7196
f 7193 7197 7199 7195
f 7194 7196 7200 7198
g BASE_ELECTRICAL-003_UAT_1__21_13_8_kV_unit_auxiliary_transformer
usemtl xfmr
f 7201 7203 7204 7202
f 7205 7206 7208 7207
f 7201 7202 7206 7205
f 7203 7207 7208 7204
f 7201 7205 7207 7203
f 7202 7204 7208 7206
g BASE_ELECTRICAL-004_GCB_1__generator_circuit_breaker
usemtl xfmr
f 7209 7211 7212 7210
f 7213 7214 7216 7215
f 7209 7210 7214 7213
f 7211 7215 7216 7212
f 7209 7213 7215 7211
f 7210 7212 7216 7214
g BASE_ELECTRICAL-005_GSU_1_cooler_bank___containment__as_drawn_
usemtl concrete
f 7217 7219 7220 7218
f 7221 7222 7224 7223
f 7217 7218 7222 7221
f 7219 7223 7224 7220
f 7217 7221 7223 7219
f 7218 7220 7224 7222
g BASE_ELECTRICAL-006_GSU_1_bay_equipment__as_drawn_
usemtl concrete
f 7225 7227 7228 7226
f 7229 7230 7232 7231
f 7225 7226 7230 7229
f 7227 7231 7232 7228
f 7225 7229 7231 7227
f 7226 7228 7232 7230
g BASE_ELECTRICAL-007_IPB_tap_enclosure_1
usemtl xfmr
f 7233 7235 7236 7234
f 7237 7238 7240 7239
f 7233 7234 7238 7237
f 7235 7239 7240 7236
f 7233 7237 7239 7235
f 7234 7236 7240 7238
g BASE_ELECTRICAL-008_GSU_1_firewall
usemtl concrete
f 7241 7243 7244 7242
f 7245 7246 7248 7247
f 7241 7242 7246 7245
f 7243 7247 7248 7244
f 7241 7245 7247 7243
f 7242 7244 7248 7246
g BASE_ELECTRICAL-009_R2A__unit___HRSG_e_house__32_x_40_ft_
usemtl ehouse
f 7249 7251 7252 7250
f 7253 7254 7256 7255
f 7249 7250 7254 7253
f 7251 7255 7256 7252
f 7249 7253 7255 7251
f 7250 7252 7256 7254
g BASE_ELECTRICAL-010_T_R2A__13_8_0_48_kV
usemtl xfmr
f 7257 7259 7260 7258
f 7261 7262 7264 7263
f 7257 7258 7262 7261
f 7259 7263 7264 7260
f 7257 7261 7263 7259
f 7258 7260 7264 7262
g BASE_ELECTRICAL-011_GSU_2__21_230_kV_generator_step_up_transformer
usemtl xfmr
f 7265 7267 7268 7266
f 7269 7270 7272 7271
f 7265 7266 7270 7269
f 7267 7271 7272 7268
f 7265 7269 7271 7267
f 7266 7268 7272 7270
g BASE_ELECTRICAL-012_GSU_2_HV_bushings
usemtl xfmr
f 7273 7275 7276 7274
f 7277 7278 7280 7279
f 7273 7274 7278 7277
f 7275 7279 7280 7276
f 7273 7277 7279 7275
f 7274 7276 7280 7278
g BASE_ELECTRICAL-013_UAT_2__21_13_8_kV_unit_auxiliary_transformer
usemtl xfmr
f 7281 7283 7284 7282
f 7285 7286 7288 7287
f 7281 7282 7286 7285
f 7283 7287 7288 7284
f 7281 7285 7287 7283
f 7282 7284 7288 7286
g BASE_ELECTRICAL-014_GCB_2__generator_circuit_breaker
usemtl xfmr
f 7289 7291 7292 7290
f 7293 7294 7296 7295
f 7289 7290 7294 7293
f 7291 7295 7296 7292
f 7289 7293 7295 7291
f 7290 7292 7296 7294
g BASE_ELECTRICAL-015_GSU_2_cooler_bank___containment__as_drawn_
usemtl concrete
f 7297 7299 7300 7298
f 7301 7302 7304 7303
f 7297 7298 7302 7301
f 7299 7303 7304 7300
f 7297 7301 7303 7299
f 7298 7300 7304 7302
g BASE_ELECTRICAL-016_GSU_2_bay_equipment__as_drawn_
usemtl concrete
f 7305 7307 7308 7306
f 7309 7310 7312 7311
f 7305 7306 7310 7309
f 7307 7311 7312 7308
f 7305 7309 7311 7307
f 7306 7308 7312 7310
g BASE_ELECTRICAL-017_IPB_tap_enclosure_2
usemtl xfmr
f 7313 7315 7316 7314
f 7317 7318 7320 7319
f 7313 7314 7318 7317
f 7315 7319 7320 7316
f 7313 7317 7319 7315
f 7314 7316 7320 7318
g BASE_ELECTRICAL-018_GSU_2_firewall
usemtl concrete
f 7321 7323 7324 7322
f 7325 7326 7328 7327
f 7321 7322 7326 7325
f 7323 7327 7328 7324
f 7321 7325 7327 7323
f 7322 7324 7328 7326
g BASE_ELECTRICAL-019_R2B__unit___HRSG_e_house__32_x_40_ft_
usemtl ehouse
f 7329 7331 7332 7330
f 7333 7334 7336 7335
f 7329 7330 7334 7333
f 7331 7335 7336 7332
f 7329 7333 7335 7331
f 7330 7332 7336 7334
g BASE_ELECTRICAL-020_T_R2B__13_8_0_48_kV
usemtl xfmr
f 7337 7339 7340 7338
f 7341 7342 7344 7343
f 7337 7338 7342 7341
f 7339 7343 7344 7340
f 7337 7341 7343 7339
f 7338 7340 7344 7342
g BASE_ELECTRICAL-021_GSU_3__21_230_kV_generator_step_up_transformer
usemtl xfmr
f 7345 7347 7348 7346
f 7349 7350 7352 7351
f 7345 7346 7350 7349
f 7347 7351 7352 7348
f 7345 7349 7351 7347
f 7346 7348 7352 7350
g BASE_ELECTRICAL-022_GSU_3_HV_bushings
usemtl xfmr
f 7353 7355 7356 7354
f 7357 7358 7360 7359
f 7353 7354 7358 7357
f 7355 7359 7360 7356
f 7353 7357 7359 7355
f 7354 7356 7360 7358
g BASE_ELECTRICAL-023_UAT_3__21_13_8_kV_unit_auxiliary_transformer
usemtl xfmr
f 7361 7363 7364 7362
f 7365 7366 7368 7367
f 7361 7362 7366 7365
f 7363 7367 7368 7364
f 7361 7365 7367 7363
f 7362 7364 7368 7366
g BASE_ELECTRICAL-024_GCB_3__generator_circuit_breaker
usemtl xfmr
f 7369 7371 7372 7370
f 7373 7374 7376 7375
f 7369 7370 7374 7373
f 7371 7375 7376 7372
f 7369 7373 7375 7371
f 7370 7372 7376 7374
g BASE_ELECTRICAL-025_GSU_3_cooler_bank___containment__as_drawn_
usemtl concrete
f 7377 7379 7380 7378
f 7381 7382 7384 7383
f 7377 7378 7382 7381
f 7379 7383 7384 7380
f 7377 7381 7383 7379
f 7378 7380 7384 7382
g BASE_ELECTRICAL-026_GSU_3_bay_equipment__as_drawn_
usemtl concrete
f 7385 7387 7388 7386
f 7389 7390 7392 7391
f 7385 7386 7390 7389
f 7387 7391 7392 7388
f 7385 7389 7391 7387
f 7386 7388 7392 7390
g BASE_ELECTRICAL-027_IPB_tap_enclosure_3
usemtl xfmr
f 7393 7395 7396 7394
f 7397 7398 7400 7399
f 7393 7394 7398 7397
f 7395 7399 7400 7396
f 7393 7397 7399 7395
f 7394 7396 7400 7398
g BASE_ELECTRICAL-028_GSU_3_firewall
usemtl concrete
f 7401 7403 7404 7402
f 7405 7406 7408 7407
f 7401 7402 7406 7405
f 7403 7407 7408 7404
f 7401 7405 7407 7403
f 7402 7404 7408 7406
g BASE_ELECTRICAL-029_R2C__unit___HRSG_e_house__32_x_40_ft_
usemtl ehouse
f 7409 7411 7412 7410
f 7413 7414 7416 7415
f 7409 7410 7414 7413
f 7411 7415 7416 7412
f 7409 7413 7415 7411
f 7410 7412 7416 7414
g BASE_ELECTRICAL-030_T_R2C__13_8_0_48_kV
usemtl xfmr
f 7417 7419 7420 7418
f 7421 7422 7424 7423
f 7417 7418 7422 7421
f 7419 7423 7424 7420
f 7417 7421 7423 7419
f 7418 7420 7424 7422
g BASE_ELECTRICAL-031_GSU_ST__21_230_kV__one_ST_GSU__baseline_
usemtl xfmr
f 7425 7427 7428 7426
f 7429 7430 7432 7431
f 7425 7426 7430 7429
f 7427 7431 7432 7428
f 7425 7429 7431 7427
f 7426 7428 7432 7430
g BASE_ELECTRICAL-032_GSU_ST_HV_bushings
usemtl xfmr
f 7433 7435 7436 7434
f 7437 7438 7440 7439
f 7433 7434 7438 7437
f 7435 7439 7440 7436
f 7433 7437 7439 7435
f 7434 7436 7440 7438
g BASE_ELECTRICAL-033_GSU_ST_firewall
usemtl concrete
f 7441 7443 7444 7442
f 7445 7446 7448 7447
f 7441 7442 7446 7445
f 7443 7447 7448 7444
f 7441 7445 7447 7443
f 7442 7444 7448 7446
g BASE_ELECTRICAL-034_GCB_ST
usemtl xfmr
f 7449 7451 7452 7450
f 7453 7454 7456 7455
f 7449 7450 7454 7453
f 7451 7455 7456 7452
f 7449 7453 7455 7451
f 7450 7452 7456 7454
g BASE_ELECTRICAL-035_R1__main_electrical_building__64_x_180_ft_
usemtl building
f 7457 7459 7460 7458
f 7461 7462 7464 7463
f 7457 7458 7462 7461
f 7459 7463 7464 7460
f 7457 7461 7463 7459
f 7458 7460 7464 7462
g BASE_ELECTRICAL-036_T4_A__13_8_4_16_kV_station_transformer
usemtl xfmr
f 7465 7467 7468 7466
f 7469 7470 7472 7471
f 7465 7466 7470 7469
f 7467 7471 7472 7468
f 7465 7469 7471 7467
f 7466 7468 7472 7470
g BASE_ELECTRICAL-037_T4_B__13_8_4_16_kV_station_transformer
usemtl xfmr
f 7473 7475 7476 7474
f 7477 7478 7480 7479
f 7473 7474 7478 7477
f 7475 7479 7480 7476
f 7473 7477 7479 7475
f 7474 7476 7480 7478
g BASE_ELECTRICAL-038_LCT_A__13_8_0_48_kV_load_centre_transformer
usemtl xfmr
f 7481 7483 7484 7482
f 7485 7486 7488 7487
f 7481 7482 7486 7485
f 7483 7487 7488 7484
f 7481 7485 7487 7483
f 7482 7484 7488 7486
g BASE_ELECTRICAL-039_LCT_B__13_8_0_48_kV_load_centre_transformer
usemtl xfmr
f 7489 7491 7492 7490
f 7493 7494 7496 7495
f 7489 7490 7494 7493
f 7491 7495 7496 7492
f 7489 7493 7495 7491
f 7490 7492 7496 7494
g BASE_ELECTRICAL-040_R3__ST_auxiliary_e_house__40_x_65_ft_
usemtl ehouse
f 7497 7499 7500 7498
f 7501 7502 7504 7503
f 7497 7498 7502 7501
f 7499 7503 7504 7500
f 7497 7501 7503 7499
f 7498 7500 7504 7502
g BASE_ELECTRICAL-041_T_R3__13_8_0_48_kV
usemtl xfmr
f 7505 7507 7508 7506
f 7509 7510 7512 7511
f 7505 7506 7510 7509
f 7507 7511 7512 7508
f 7505 7509 7511 7507
f 7506 7508 7512 7510
g BASE_ELECTRICAL-042_R4__ACC_VFD_e_house__60_x_120_ft_
usemtl ehouse
f 7513 7515 7516 7514
f 7517 7518 7520 7519
f 7513 7514 7518 7517
f 7515 7519 7520 7516
f 7513 7517 7519 7515
f 7514 7516 7520 7518
g BASE_ELECTRICAL-043_T_R4_1__13_8_0_48_kV
usemtl xfmr
f 7521 7523 7524 7522
f 7525 7526 7528 7527
f 7521 7522 7526 7525
f 7523 7527 7528 7524
f 7521 7525 7527 7523
f 7522 7524 7528 7526
g BASE_ELECTRICAL-044_T_R4_2__13_8_0_48_kV
usemtl xfmr
f 7529 7531 7532 7530
f 7533 7534 7536 7535
f 7529 7530 7534 7533
f 7531 7535 7536 7532
f 7529 7533 7535 7531
f 7530 7532 7536 7534
g BASE_ELECTRICAL-045_T_R4_3__13_8_0_48_kV
usemtl xfmr
f 7537 7539 7540 7538
f 7541 7542 7544 7543
f 7537 7538 7542 7541
f 7539 7543 7544 7540
f 7537 7541 7543 7539
f 7538 7540 7544 7542
g BASE_ELECTRICAL-046_T_R4_4__13_8_0_48_kV
usemtl xfmr
f 7545 7547 7548 7546
f 7549 7550 7552 7551
f 7545 7546 7550 7549
f 7547 7551 7552 7548
f 7545 7549 7551 7547
f 7546 7548 7552 7550
g BASE_ELECTRICAL-047_Spare_e_house_pad__reserve__as_drawn_
usemtl pad
f 7553 7555 7556 7554
f 7557 7558 7560 7559
f 7553 7554 7558 7557
f 7555 7559 7560 7556
f 7553 7557 7559 7555
f 7554 7556 7560 7558
g BASE_ELECTRICAL-048_EDG_1__3_MW_emergency_diesel__480_V_
usemtl machine
f 7561 7563 7564 7562
f 7565 7566 7568 7567
f 7561 7562 7566 7565
f 7563 7567 7568 7564
f 7561 7565 7567 7563
f 7562 7564 7568 7566
g BASE_ELECTRICAL-049_EDG_2__3_MW_emergency_diesel__480_V_
usemtl machine
f 7569 7571 7572 7570
f 7573 7574 7576 7575
f 7569 7570 7574 7573
f 7571 7575 7576 7572
f 7569 7573 7575 7571
f 7570 7572 7576 7574
g BASE_ELECTRICAL-050_HTP_1__heat_trace_panel
usemtl equip
f 7577 7579 7580 7578
f 7581 7582 7584 7583
f 7577 7578 7582 7581
f 7579 7583 7584 7580
f 7577 7581 7583 7579
f 7578 7580 7584 7582
g BASE_ELECTRICAL-051_HTP_2__heat_trace_panel__NH3_
usemtl equip
f 7585 7587 7588 7586
f 7589 7590 7592 7591
f 7585 7586 7590 7589
f 7587 7591 7592 7588
f 7585 7589 7591 7587
f 7586 7588 7592 7590
g BASE_ELECTRICAL-052_HTP_3__heat_trace_panel__tanks_
usemtl equip
f 7593 7595 7596 7594
f 7597 7598 7600 7599
f 7593 7594 7598 7597
f 7595 7599 7600 7596
f 7593 7597 7599 7595
f 7594 7596 7600 7598
g BASE_ELECTRICAL-053_HTP_4__heat_trace_panel__gas_
usemtl equip
f 7601 7603 7604 7602
f 7605 7606 7608 7607
f 7601 7602 7606 7605
f 7603 7607 7608 7604
f 7601 7605 7607 7603
f 7602 7604 7608 7606
g BASE_ELECTRICAL-054_CPR_1__cathodic_protection_rectifier
usemtl equip
f 7609 7611 7612 7610
f 7613 7614 7616 7615
f 7609 7610 7614 7613
f 7611 7615 7616 7612
f 7609 7613 7615 7611
f 7610 7612 7616 7614
g BASE_ELECTRICAL-055_CPR_2__cathodic_protection_rectifier
usemtl equip
f 7617 7619 7620 7618
f 7621 7622 7624 7623
f 7617 7618 7622 7621
f 7619 7623 7624 7620
f 7617 7621 7623 7619
f 7618 7620 7624 7622
g BASE_UTILITIES-001_Air_compressors_AC_A_B_C
usemtl building
f 7625 7627 7628 7626
f 7629 7630 7632 7631
f 7625 7626 7630 7629
f 7627 7631 7632 7628
f 7625 7629 7631 7627
f 7626 7628 7632 7630
g BASE_UTILITIES-002_Chemical_feed
usemtl building
f 7633 7635 7636 7634
f 7637 7638 7640 7639
f 7633 7634 7638 7637
f 7635 7639 7640 7636
f 7633 7637 7639 7635
f 7634 7636 7640 7638
g BASE_UTILITIES-003_SWAS__steam___water_analysis
usemtl building
f 7641 7643 7644 7642
f 7645 7646 7648 7647
f 7641 7642 7646 7645
f 7643 7647 7648 7644
f 7641 7645 7647 7643
f 7642 7644 7648 7646
g BASE_UTILITIES-004_CP_A_B_C__condensate_pumps__4_16_kV_
usemtl motor
f 7649 7651 7652 7650
f 7653 7654 7656 7655
f 7649 7650 7654 7653
f 7651 7655 7656 7652
f 7649 7653 7655 7651
f 7650 7652 7656 7654
g BASE_UTILITIES-005_VAC_A_B__ACC_air_removal_vacuum_pumps
usemtl motor
f 7657 7659 7660 7658
f 7661 7662 7664 7663
f 7657 7658 7662 7661
f 7659 7663 7664 7660
f 7657 7661 7663 7659
f 7658 7660 7664 7662
g BASE_UTILITIES-006_CCW_A_B__closed_cooling_water_pumps
usemtl motor
f 7665 7667 7668 7666
f 7669 7670 7672 7671
f 7665 7666 7670 7669
f 7667 7671 7672 7668
f 7665 7669 7671 7667
f 7666 7668 7672 7670
g BASE_UTILITIES-007_Aux_dry_coolers_AUXC_F01__12__closed_cooling_water_
usemtl acc
f 7673 7675 7676 7674
f 7677 7678 7680 7679
f 7673 7674 7678 7677
f 7675 7679 7680 7676
f 7673 7677 7679 7675
f 7674 7676 7680 7678
g BASE_UTILITIES-008_Condensate_storage_tank
usemtl tank
f 7681 7682 7714 7713
f 7682 7683 7715 7714
f 7683 7684 7716 7715
f 7684 7685 7717 7716
f 7685 7686 7718 7717
f 7686 7687 7719 7718
f 7687 7688 7720 7719
f 7688 7689 7721 7720
f 7689 7690 7722 7721
f 7690 7691 7723 7722
f 7691 7692 7724 7723
f 7692 7693 7725 7724
f 7693 7694 7726 7725
f 7694 7695 7727 7726
f 7695 7696 7728 7727
f 7696 7697 7729 7728
f 7697 7698 7730 7729
f 7698 7699 7731 7730
f 7699 7700 7732 7731
f 7700 7701 7733 7732
f 7701 7702 7734 7733
f 7702 7703 7735 7734
f 7703 7704 7736 7735
f 7704 7705 7737 7736
f 7705 7706 7738 7737
f 7706 7707 7739 7738
f 7707 7708 7740 7739
f 7708 7709 7741 7740
f 7709 7710 7742 7741
f 7710 7711 7743 7742
f 7711 7712 7744 7743
f 7712 7681 7713 7744
f 7712 7711 7710 7709 7708 7707 7706 7705 7704 7703 7702 7701 7700 7699 7698 7697 7696 7695 7694 7693 7692 7691 7690 7689 7688 7687 7686 7685 7684 7683 7682 7681
f 7713 7714 7715 7716 7717 7718 7719 7720 7721 7722 7723 7724 7725 7726 7727 7728 7729 7730 7731 7732 7733 7734 7735 7736 7737 7738 7739 7740 7741 7742 7743 7744
g BASE_UTILITIES-009_Main_E_W_pipe___cable_rack__24_ft____tiers_EL_24_30_36
usemtl rack
f 7745 7747 7748 7746
f 7749 7750 7752 7751
f 7745 7746 7750 7749
f 7747 7751 7752 7748
f 7745 7749 7751 7747
f 7746 7748 7752 7750
g BASE_UTILITIES-010_rack_bent
usemtl steel
f 7753 7755 7756 7754
f 7757 7758 7760 7759
f 7753 7754 7758 7757
f 7755 7759 7760 7756
f 7753 7757 7759 7755
f 7754 7756 7760 7758
g BASE_UTILITIES-011_rack_bent
usemtl steel
f 7761 7763 7764 7762
f 7765 7766 7768 7767
f 7761 7762 7766 7765
f 7763 7767 7768 7764
f 7761 7765 7767 7763
f 7762 7764 7768 7766
g BASE_UTILITIES-012_rack_bent
usemtl steel
f 7769 7771 7772 7770
f 7773 7774 7776 7775
f 7769 7770 7774 7773
f 7771 7775 7776 7772
f 7769 7773 7775 7771
f 7770 7772 7776 7774
g BASE_UTILITIES-013_rack_bent
usemtl steel
f 7777 7779 7780 7778
f 7781 7782 7784 7783
f 7777 7778 7782 7781
f 7779 7783 7784 7780
f 7777 7781 7783 7779
f 7778 7780 7784 7782
g BASE_UTILITIES-014_rack_bent
usemtl steel
f 7785 7787 7788 7786
f 7789 7790 7792 7791
f 7785 7786 7790 7789
f 7787 7791 7792 7788
f 7785 7789 7791 7787
f 7786 7788 7792 7790
g BASE_UTILITIES-015_rack_bent
usemtl steel
f 7793 7795 7796 7794
f 7797 7798 7800 7799
f 7793 7794 7798 7797
f 7795 7799 7800 7796
f 7793 7797 7799 7795
f 7794 7796 7800 7798
g BASE_UTILITIES-016_rack_bent
usemtl steel
f 7801 7803 7804 7802
f 7805 7806 7808 7807
f 7801 7802 7806 7805
f 7803 7807 7808 7804
f 7801 7805 7807 7803
f 7802 7804 7808 7806
g BASE_UTILITIES-017_rack_bent
usemtl steel
f 7809 7811 7812 7810
f 7813 7814 7816 7815
f 7809 7810 7814 7813
f 7811 7815 7816 7812
f 7809 7813 7815 7811
f 7810 7812 7816 7814
g BASE_UTILITIES-018_rack_bent
usemtl steel
f 7817 7819 7820 7818
f 7821 7822 7824 7823
f 7817 7818 7822 7821
f 7819 7823 7824 7820
f 7817 7821 7823 7819
f 7818 7820 7824 7822
g BASE_UTILITIES-019_rack_bent
usemtl steel
f 7825 7827 7828 7826
f 7829 7830 7832 7831
f 7825 7826 7830 7829
f 7827 7831 7832 7828
f 7825 7829 7831 7827
f 7826 7828 7832 7830
g BASE_UTILITIES-020_rack_bent
usemtl steel
f 7833 7835 7836 7834
f 7837 7838 7840 7839
f 7833 7834 7838 7837
f 7835 7839 7840 7836
f 7833 7837 7839 7835
f 7834 7836 7840 7838
g BASE_UTILITIES-021_rack_bent
usemtl steel
f 7841 7843 7844 7842
f 7845 7846 7848 7847
f 7841 7842 7846 7845
f 7843 7847 7848 7844
f 7841 7845 7847 7843
f 7842 7844 7848 7846
g BASE_UTILITIES-022_rack_bent
usemtl steel
f 7849 7851 7852 7850
f 7853 7854 7856 7855
f 7849 7850 7854 7853
f 7851 7855 7856 7852
f 7849 7853 7855 7851
f 7850 7852 7856 7854
g BASE_UTILITIES-023_rack_bent
usemtl steel
f 7857 7859 7860 7858
f 7861 7862 7864 7863
f 7857 7858 7862 7861
f 7859 7863 7864 7860
f 7857 7861 7863 7859
f 7858 7860 7864 7862
g BASE_UTILITIES-024_rack_bent
usemtl steel
f 7865 7867 7868 7866
f 7869 7870 7872 7871
f 7865 7866 7870 7869
f 7867 7871 7872 7868
f 7865 7869 7871 7867
f 7866 7868 7872 7870
g BASE_UTILITIES-025_rack_bent
usemtl steel
f 7873 7875 7876 7874
f 7877 7878 7880 7879
f 7873 7874 7878 7877
f 7875 7879 7880 7876
f 7873 7877 7879 7875
f 7874 7876 7880 7878
g BASE_UTILITIES-026_rack_bent
usemtl steel
f 7881 7883 7884 7882
f 7885 7886 7888 7887
f 7881 7882 7886 7885
f 7883 7887 7888 7884
f 7881 7885 7887 7883
f 7882 7884 7888 7886
g BASE_UTILITIES-027_rack_bent
usemtl steel
f 7889 7891 7892 7890
f 7893 7894 7896 7895
f 7889 7890 7894 7893
f 7891 7895 7896 7892
f 7889 7893 7895 7891
f 7890 7892 7896 7894
g BASE_UTILITIES-028_rack_bent
usemtl steel
f 7897 7899 7900 7898
f 7901 7902 7904 7903
f 7897 7898 7902 7901
f 7899 7903 7904 7900
f 7897 7901 7903 7899
f 7898 7900 7904 7902
g BASE_UTILITIES-029_rack_bent
usemtl steel
f 7905 7907 7908 7906
f 7909 7910 7912 7911
f 7905 7906 7910 7909
f 7907 7911 7912 7908
f 7905 7909 7911 7907
f 7906 7908 7912 7910
g BASE_UTILITIES-030_rack_bent
usemtl steel
f 7913 7915 7916 7914
f 7917 7918 7920 7919
f 7913 7914 7918 7917
f 7915 7919 7920 7916
f 7913 7917 7919 7915
f 7914 7916 7920 7918
g BASE_UTILITIES-031_rack_bent
usemtl steel
f 7921 7923 7924 7922
f 7925 7926 7928 7927
f 7921 7922 7926 7925
f 7923 7927 7928 7924
f 7921 7925 7927 7923
f 7922 7924 7928 7926
g BASE_UTILITIES-032_rack_bent
usemtl steel
f 7929 7931 7932 7930
f 7933 7934 7936 7935
f 7929 7930 7934 7933
f 7931 7935 7936 7932
f 7929 7933 7935 7931
f 7930 7932 7936 7934
g BASE_UTILITIES-033_rack_bent
usemtl steel
f 7937 7939 7940 7938
f 7941 7942 7944 7943
f 7937 7938 7942 7941
f 7939 7943 7944 7940
f 7937 7941 7943 7939
f 7938 7940 7944 7942
g BASE_UTILITIES-034_rack_bent
usemtl steel
f 7945 7947 7948 7946
f 7949 7950 7952 7951
f 7945 7946 7950 7949
f 7947 7951 7952 7948
f 7945 7949 7951 7947
f 7946 7948 7952 7950
g BASE_UTILITIES-035_rack_bent
usemtl steel
f 7953 7955 7956 7954
f 7957 7958 7960 7959
f 7953 7954 7958 7957
f 7955 7959 7960 7956
f 7953 7957 7959 7955
f 7954 7956 7960 7958
g BASE_UTILITIES-036_rack_bent
usemtl steel
f 7961 7963 7964 7962
f 7965 7966 7968 7967
f 7961 7962 7966 7965
f 7963 7967 7968 7964
f 7961 7965 7967 7963
f 7962 7964 7968 7966
g BASE_UTILITIES-037_rack_bent
usemtl steel
f 7969 7971 7972 7970
f 7973 7974 7976 7975
f 7969 7970 7974 7973
f 7971 7975 7976 7972
f 7969 7973 7975 7971
f 7970 7972 7976 7974
g BASE_UTILITIES-038_rack_bent
usemtl steel
f 7977 7979 7980 7978
f 7981 7982 7984 7983
f 7977 7978 7982 7981
f 7979 7983 7984 7980
f 7977 7981 7983 7979
f 7978 7980 7984 7982
g BASE_UTILITIES-039_rack_bent
usemtl steel
f 7985 7987 7988 7986
f 7989 7990 7992 7991
f 7985 7986 7990 7989
f 7987 7991 7992 7988
f 7985 7989 7991 7987
f 7986 7988 7992 7990
g BASE_UTILITIES-040_rack_bent
usemtl steel
f 7993 7995 7996 7994
f 7997 7998 8000 7999
f 7993 7994 7998 7997
f 7995 7999 8000 7996
f 7993 7997 7999 7995
f 7994 7996 8000 7998
g BASE_UTILITIES-041_rack_bent
usemtl steel
f 8001 8003 8004 8002
f 8005 8006 8008 8007
f 8001 8002 8006 8005
f 8003 8007 8008 8004
f 8001 8005 8007 8003
f 8002 8004 8008 8006
g BASE_UTILITIES-042_rack_bent
usemtl steel
f 8009 8011 8012 8010
f 8013 8014 8016 8015
f 8009 8010 8014 8013
f 8011 8015 8016 8012
f 8009 8013 8015 8011
f 8010 8012 8016 8014
g BASE_UTILITIES-043_rack_bent
usemtl steel
f 8017 8019 8020 8018
f 8021 8022 8024 8023
f 8017 8018 8022 8021
f 8019 8023 8024 8020
f 8017 8021 8023 8019
f 8018 8020 8024 8022
g BASE_UTILITIES-044_rack_bent
usemtl steel
f 8025 8027 8028 8026
f 8029 8030 8032 8031
f 8025 8026 8030 8029
f 8027 8031 8032 8028
f 8025 8029 8031 8027
f 8026 8028 8032 8030
g BASE_UTILITIES-045_rack_bent
usemtl steel
f 8033 8035 8036 8034
f 8037 8038 8040 8039
f 8033 8034 8038 8037
f 8035 8039 8040 8036
f 8033 8037 8039 8035
f 8034 8036 8040 8038
g BASE_UTILITIES-046_rack_bent
usemtl steel
f 8041 8043 8044 8042
f 8045 8046 8048 8047
f 8041 8042 8046 8045
f 8043 8047 8048 8044
f 8041 8045 8047 8043
f 8042 8044 8048 8046
g BASE_UTILITIES-047_rack_bent
usemtl steel
f 8049 8051 8052 8050
f 8053 8054 8056 8055
f 8049 8050 8054 8053
f 8051 8055 8056 8052
f 8049 8053 8055 8051
f 8050 8052 8056 8054
g BASE_UTILITIES-048_rack_bent
usemtl steel
f 8057 8059 8060 8058
f 8061 8062 8064 8063
f 8057 8058 8062 8061
f 8059 8063 8064 8060
f 8057 8061 8063 8059
f 8058 8060 8064 8062
g BASE_UTILITIES-049_rack_bent
usemtl steel
f 8065 8067 8068 8066
f 8069 8070 8072 8071
f 8065 8066 8070 8069
f 8067 8071 8072 8068
f 8065 8069 8071 8067
f 8066 8068 8072 8070
g BASE_UTILITIES-050_rack_bent
usemtl steel
f 8073 8075 8076 8074
f 8077 8078 8080 8079
f 8073 8074 8078 8077
f 8075 8079 8080 8076
f 8073 8077 8079 8075
f 8074 8076 8080 8078
g BASE_UTILITIES-051_rack_bent
usemtl steel
f 8081 8083 8084 8082
f 8085 8086 8088 8087
f 8081 8082 8086 8085
f 8083 8087 8088 8084
f 8081 8085 8087 8083
f 8082 8084 8088 8086
g BASE_UTILITIES-052_rack_bent
usemtl steel
f 8089 8091 8092 8090
f 8093 8094 8096 8095
f 8089 8090 8094 8093
f 8091 8095 8096 8092
f 8089 8093 8095 8091
f 8090 8092 8096 8094
g BASE_UTILITIES-053_rack_bent
usemtl steel
f 8097 8099 8100 8098
f 8101 8102 8104 8103
f 8097 8098 8102 8101
f 8099 8103 8104 8100
f 8097 8101 8103 8099
f 8098 8100 8104 8102
g BASE_UTILITIES-054_rack_bent
usemtl steel
f 8105 8107 8108 8106
f 8109 8110 8112 8111
f 8105 8106 8110 8109
f 8107 8111 8112 8108
f 8105 8109 8111 8107
f 8106 8108 8112 8110
g BASE_UTILITIES-055_rack_bent
usemtl steel
f 8113 8115 8116 8114
f 8117 8118 8120 8119
f 8113 8114 8118 8117
f 8115 8119 8120 8116
f 8113 8117 8119 8115
f 8114 8116 8120 8118
g BASE_UTILITIES-056_rack_bent
usemtl steel
f 8121 8123 8124 8122
f 8125 8126 8128 8127
f 8121 8122 8126 8125
f 8123 8127 8128 8124
f 8121 8125 8127 8123
f 8122 8124 8128 8126
g BASE_UTILITIES-057_rack_bent
usemtl steel
f 8129 8131 8132 8130
f 8133 8134 8136 8135
f 8129 8130 8134 8133
f 8131 8135 8136 8132
f 8129 8133 8135 8131
f 8130 8132 8136 8134
g BASE_UTILITIES-058_rack_bent
usemtl steel
f 8137 8139 8140 8138
f 8141 8142 8144 8143
f 8137 8138 8142 8141
f 8139 8143 8144 8140
f 8137 8141 8143 8139
f 8138 8140 8144 8142
g BASE_UTILITIES-059_rack_bent
usemtl steel
f 8145 8147 8148 8146
f 8149 8150 8152 8151
f 8145 8146 8150 8149
f 8147 8151 8152 8148
f 8145 8149 8151 8147
f 8146 8148 8152 8150
g BASE_UTILITIES-060_rack_bent
usemtl steel
f 8153 8155 8156 8154
f 8157 8158 8160 8159
f 8153 8154 8158 8157
f 8155 8159 8160 8156
f 8153 8157 8159 8155
f 8154 8156 8160 8158
g BASE_UTILITIES-061_rack_bent
usemtl steel
f 8161 8163 8164 8162
f 8165 8166 8168 8167
f 8161 8162 8166 8165
f 8163 8167 8168 8164
f 8161 8165 8167 8163
f 8162 8164 8168 8166
g BASE_UTILITIES-062_rack_bent
usemtl steel
f 8169 8171 8172 8170
f 8173 8174 8176 8175
f 8169 8170 8174 8173
f 8171 8175 8176 8172
f 8169 8173 8175 8171
f 8170 8172 8176 8174
g BASE_UTILITIES-063_rack_bent
usemtl steel
f 8177 8179 8180 8178
f 8181 8182 8184 8183
f 8177 8178 8182 8181
f 8179 8183 8184 8180
f 8177 8181 8183 8179
f 8178 8180 8184 8182
g BASE_UTILITIES-064_rack_bent
usemtl steel
f 8185 8187 8188 8186
f 8189 8190 8192 8191
f 8185 8186 8190 8189
f 8187 8191 8192 8188
f 8185 8189 8191 8187
f 8186 8188 8192 8190
g BASE_UTILITIES-065_rack_bent
usemtl steel
f 8193 8195 8196 8194
f 8197 8198 8200 8199
f 8193 8194 8198 8197
f 8195 8199 8200 8196
f 8193 8197 8199 8195
f 8194 8196 8200 8198
g BASE_UTILITIES-066_rack_bent
usemtl steel
f 8201 8203 8204 8202
f 8205 8206 8208 8207
f 8201 8202 8206 8205
f 8203 8207 8208 8204
f 8201 8205 8207 8203
f 8202 8204 8208 8206
g BASE_UTILITIES-067_rack_bent
usemtl steel
f 8209 8211 8212 8210
f 8213 8214 8216 8215
f 8209 8210 8214 8213
f 8211 8215 8216 8212
f 8209 8213 8215 8211
f 8210 8212 8216 8214
g BASE_UTILITIES-068_rack_bent
usemtl steel
f 8217 8219 8220 8218
f 8221 8222 8224 8223
f 8217 8218 8222 8221
f 8219 8223 8224 8220
f 8217 8221 8223 8219
f 8218 8220 8224 8222
g BASE_UTILITIES-069_rack_bent
usemtl steel
f 8225 8227 8228 8226
f 8229 8230 8232 8231
f 8225 8226 8230 8229
f 8227 8231 8232 8228
f 8225 8229 8231 8227
f 8226 8228 8232 8230
g BASE_UTILITIES-070_rack_bent
usemtl steel
f 8233 8235 8236 8234
f 8237 8238 8240 8239
f 8233 8234 8238 8237
f 8235 8239 8240 8236
f 8233 8237 8239 8235
f 8234 8236 8240 8238
g BASE_UTILITIES-071_rack_bent
usemtl steel
f 8241 8243 8244 8242
f 8245 8246 8248 8247
f 8241 8242 8246 8245
f 8243 8247 8248 8244
f 8241 8245 8247 8243
f 8242 8244 8248 8246
g BASE_UTILITIES-072_rack_bent
usemtl steel
f 8249 8251 8252 8250
f 8253 8254 8256 8255
f 8249 8250 8254 8253
f 8251 8255 8256 8252
f 8249 8253 8255 8251
f 8250 8252 8256 8254
g BASE_UTILITIES-073_rack_bent
usemtl steel
f 8257 8259 8260 8258
f 8261 8262 8264 8263
f 8257 8258 8262 8261
f 8259 8263 8264 8260
f 8257 8261 8263 8259
f 8258 8260 8264 8262
g BASE_UTILITIES-074_rack_bent
usemtl steel
f 8265 8267 8268 8266
f 8269 8270 8272 8271
f 8265 8266 8270 8269
f 8267 8271 8272 8268
f 8265 8269 8271 8267
f 8266 8268 8272 8270
g BASE_UTILITIES-075_rack_bent
usemtl steel
f 8273 8275 8276 8274
f 8277 8278 8280 8279
f 8273 8274 8278 8277
f 8275 8279 8280 8276
f 8273 8277 8279 8275
f 8274 8276 8280 8278
g BASE_UTILITIES-076_rack_bent
usemtl steel
f 8281 8283 8284 8282
f 8285 8286 8288 8287
f 8281 8282 8286 8285
f 8283 8287 8288 8284
f 8281 8285 8287 8283
f 8282 8284 8288 8286
g BASE_UTILITIES-077_rack_bent
usemtl steel
f 8289 8291 8292 8290
f 8293 8294 8296 8295
f 8289 8290 8294 8293
f 8291 8295 8296 8292
f 8289 8293 8295 8291
f 8290 8292 8296 8294
g BASE_UTILITIES-078_N_S_pipe_rack_along_ACC___tiers_EL_24_30_36
usemtl rack
f 8297 8299 8300 8298
f 8301 8302 8304 8303
f 8297 8298 8302 8301
f 8299 8303 8304 8300
f 8297 8301 8303 8299
f 8298 8300 8304 8302
g BASE_UTILITIES-079_rack_bent
usemtl steel
f 8305 8307 8308 8306
f 8309 8310 8312 8311
f 8305 8306 8310 8309
f 8307 8311 8312 8308
f 8305 8309 8311 8307
f 8306 8308 8312 8310
g BASE_UTILITIES-080_rack_bent
usemtl steel
f 8313 8315 8316 8314
f 8317 8318 8320 8319
f 8313 8314 8318 8317
f 8315 8319 8320 8316
f 8313 8317 8319 8315
f 8314 8316 8320 8318
g BASE_UTILITIES-081_rack_bent
usemtl steel
f 8321 8323 8324 8322
f 8325 8326 8328 8327
f 8321 8322 8326 8325
f 8323 8327 8328 8324
f 8321 8325 8327 8323
f 8322 8324 8328 8326
g BASE_UTILITIES-082_rack_bent
usemtl steel
f 8329 8331 8332 8330
f 8333 8334 8336 8335
f 8329 8330 8334 8333
f 8331 8335 8336 8332
f 8329 8333 8335 8331
f 8330 8332 8336 8334
g BASE_UTILITIES-083_rack_bent
usemtl steel
f 8337 8339 8340 8338
f 8341 8342 8344 8343
f 8337 8338 8342 8341
f 8339 8343 8344 8340
f 8337 8341 8343 8339
f 8338 8340 8344 8342
g BASE_UTILITIES-084_rack_bent
usemtl steel
f 8345 8347 8348 8346
f 8349 8350 8352 8351
f 8345 8346 8350 8349
f 8347 8351 8352 8348
f 8345 8349 8351 8347
f 8346 8348 8352 8350
g BASE_UTILITIES-085_rack_bent
usemtl steel
f 8353 8355 8356 8354
f 8357 8358 8360 8359
f 8353 8354 8358 8357
f 8355 8359 8360 8356
f 8353 8357 8359 8355
f 8354 8356 8360 8358
g BASE_UTILITIES-086_rack_bent
usemtl steel
f 8361 8363 8364 8362
f 8365 8366 8368 8367
f 8361 8362 8366 8365
f 8363 8367 8368 8364
f 8361 8365 8367 8363
f 8362 8364 8368 8366
g BASE_UTILITIES-087_rack_bent
usemtl steel
f 8369 8371 8372 8370
f 8373 8374 8376 8375
f 8369 8370 8374 8373
f 8371 8375 8376 8372
f 8369 8373 8375 8371
f 8370 8372 8376 8374
g BASE_UTILITIES-088_rack_bent
usemtl steel
f 8377 8379 8380 8378
f 8381 8382 8384 8383
f 8377 8378 8382 8381
f 8379 8383 8384 8380
f 8377 8381 8383 8379
f 8378 8380 8384 8382
g BASE_UTILITIES-089_rack_bent
usemtl steel
f 8385 8387 8388 8386
f 8389 8390 8392 8391
f 8385 8386 8390 8389
f 8387 8391 8392 8388
f 8385 8389 8391 8387
f 8386 8388 8392 8390
g BASE_UTILITIES-090_rack_bent
usemtl steel
f 8393 8395 8396 8394
f 8397 8398 8400 8399
f 8393 8394 8398 8397
f 8395 8399 8400 8396
f 8393 8397 8399 8395
f 8394 8396 8400 8398
g BASE_UTILITIES-091_rack_bent
usemtl steel
f 8401 8403 8404 8402
f 8405 8406 8408 8407
f 8401 8402 8406 8405
f 8403 8407 8408 8404
f 8401 8405 8407 8403
f 8402 8404 8408 8406
g BASE_UTILITIES-092_rack_bent
usemtl steel
f 8409 8411 8412 8410
f 8413 8414 8416 8415
f 8409 8410 8414 8413
f 8411 8415 8416 8412
f 8409 8413 8415 8411
f 8410 8412 8416 8414
g BASE_UTILITIES-093_rack_bent
usemtl steel
f 8417 8419 8420 8418
f 8421 8422 8424 8423
f 8417 8418 8422 8421
f 8419 8423 8424 8420
f 8417 8421 8423 8419
f 8418 8420 8424 8422
g BASE_UTILITIES-094_rack_bent
usemtl steel
f 8425 8427 8428 8426
f 8429 8430 8432 8431
f 8425 8426 8430 8429
f 8427 8431 8432 8428
f 8425 8429 8431 8427
f 8426 8428 8432 8430
g BASE_UTILITIES-095_rack_bent
usemtl steel
f 8433 8435 8436 8434
f 8437 8438 8440 8439
f 8433 8434 8438 8437
f 8435 8439 8440 8436
f 8433 8437 8439 8435
f 8434 8436 8440 8438
g BASE_UTILITIES-096_rack_bent
usemtl steel
f 8441 8443 8444 8442
f 8445 8446 8448 8447
f 8441 8442 8446 8445
f 8443 8447 8448 8444
f 8441 8445 8447 8443
f 8442 8444 8448 8446
g BASE_UTILITIES-097_rack_bent
usemtl steel
f 8449 8451 8452 8450
f 8453 8454 8456 8455
f 8449 8450 8454 8453
f 8451 8455 8456 8452
f 8449 8453 8455 8451
f 8450 8452 8456 8454
g BASE_UTILITIES-098_rack_bent
usemtl steel
f 8457 8459 8460 8458
f 8461 8462 8464 8463
f 8457 8458 8462 8461
f 8459 8463 8464 8460
f 8457 8461 8463 8459
f 8458 8460 8464 8462
g BASE_UTILITIES-099_rack_bent
usemtl steel
f 8465 8467 8468 8466
f 8469 8470 8472 8471
f 8465 8466 8470 8469
f 8467 8471 8472 8468
f 8465 8469 8471 8467
f 8466 8468 8472 8470
g BASE_UTILITIES-100_rack_bent
usemtl steel
f 8473 8475 8476 8474
f 8477 8478 8480 8479
f 8473 8474 8478 8477
f 8475 8479 8480 8476
f 8473 8477 8479 8475
f 8474 8476 8480 8478
g BASE_UTILITIES-101_rack_bent
usemtl steel
f 8481 8483 8484 8482
f 8485 8486 8488 8487
f 8481 8482 8486 8485
f 8483 8487 8488 8484
f 8481 8485 8487 8483
f 8482 8484 8488 8486
g BASE_UTILITIES-102_rack_bent
usemtl steel
f 8489 8491 8492 8490
f 8493 8494 8496 8495
f 8489 8490 8494 8493
f 8491 8495 8496 8492
f 8489 8493 8495 8491
f 8490 8492 8496 8494
g BASE_SWITCHYARD-001_230_kV_switchyard__gravel_
usemtl gravel
f 8497 8499 8500 8498
f 8501 8502 8504 8503
f 8497 8498 8502 8501
f 8499 8503 8504 8500
f 8497 8501 8503 8499
f 8498 8500 8504 8502
g BASE_SWITCHYARD-002_230_kV_bus_1__strain_bus_
usemtl conductor
f 8505 8507 8508 8506
f 8509 8510 8512 8511
f 8505 8506 8510 8509
f 8507 8511 8512 8508
f 8505 8509 8511 8507
f 8506 8508 8512 8510
g BASE_SWITCHYARD-003_230_kV_bus_2__strain_bus_
usemtl conductor
f 8513 8515 8516 8514
f 8517 8518 8520 8519
f 8513 8514 8518 8517
f 8515 8519 8520 8516
f 8513 8517 8519 8515
f 8514 8516 8520 8518
g BASE_SWITCHYARD-004_230_kV_dead_end_structure__47_ft_
usemtl steel
f 8521 8523 8524 8522
f 8525 8526 8528 8527
f 8521 8522 8526 8525
f 8523 8527 8528 8524
f 8521 8525 8527 8523
f 8522 8524 8528 8526
g BASE_SWITCHYARD-005_230_kV_dead_end_structure__47_ft_
usemtl steel
f 8529 8531 8532 8530
f 8533 8534 8536 8535
f 8529 8530 8534 8533
f 8531 8535 8536 8532
f 8529 8533 8535 8531
f 8530 8532 8536 8534
g BASE_SWITCHYARD-006_230_kV_dead_end_structure__47_ft_
usemtl steel
f 8537 8539 8540 8538
f 8541 8542 8544 8543
f 8537 8538 8542 8541
f 8539 8543 8544 8540
f 8537 8541 8543 8539
f 8538 8540 8544 8542
g BASE_SWITCHYARD-007_230_kV_dead_end_structure__47_ft_
usemtl steel
f 8545 8547 8548 8546
f 8549 8550 8552 8551
f 8545 8546 8550 8549
f 8547 8551 8552 8548
f 8545 8549 8551 8547
f 8546 8548 8552 8550
g BASE_SWITCHYARD-008_230_kV_dead_end_structure__47_ft_
usemtl steel
f 8553 8555 8556 8554
f 8557 8558 8560 8559
f 8553 8554 8558 8557
f 8555 8559 8560 8556
f 8553 8557 8559 8555
f 8554 8556 8560 8558
g BASE_SWITCHYARD-009_230_kV_dead_end_structure__47_ft_
usemtl steel
f 8561 8563 8564 8562
f 8565 8566 8568 8567
f 8561 8562 8566 8565
f 8563 8567 8568 8564
f 8561 8565 8567 8563
f 8562 8564 8568 8566
g BASE_SWITCHYARD-010_D1_230_kV_breaker
usemtl xfmr
f 8569 8571 8572 8570
f 8573 8574 8576 8575
f 8569 8570 8574 8573
f 8571 8575 8576 8572
f 8569 8573 8575 8571
f 8570 8572 8576 8574
g BASE_SWITCHYARD-011_D1_230_kV_breaker
usemtl xfmr
f 8577 8579 8580 8578
f 8581 8582 8584 8583
f 8577 8578 8582 8581
f 8579 8583 8584 8580
f 8577 8581 8583 8579
f 8578 8580 8584 8582
g BASE_SWITCHYARD-012_D1_230_kV_breaker
usemtl xfmr
f 8585 8587 8588 8586
f 8589 8590 8592 8591
f 8585 8586 8590 8589
f 8587 8591 8592 8588
f 8585 8589 8591 8587
f 8586 8588 8592 8590
g BASE_SWITCHYARD-013_D1_diameter_gantry
usemtl steel
f 8593 8595 8596 8594
f 8597 8598 8600 8599
f 8593 8594 8598 8597
f 8595 8599 8600 8596
f 8593 8597 8599 8595
f 8594 8596 8600 8598
g BASE_SWITCHYARD-014_D2_230_kV_breaker
usemtl xfmr
f 8601 8603 8604 8602
f 8605 8606 8608 8607
f 8601 8602 8606 8605
f 8603 8607 8608 8604
f 8601 8605 8607 8603
f 8602 8604 8608 8606
g BASE_SWITCHYARD-015_D2_230_kV_breaker
usemtl xfmr
f 8609 8611 8612 8610
f 8613 8614 8616 8615
f 8609 8610 8614 8613
f 8611 8615 8616 8612
f 8609 8613 8615 8611
f 8610 8612 8616 8614
g BASE_SWITCHYARD-016_D2_230_kV_breaker
usemtl xfmr
f 8617 8619 8620 8618
f 8621 8622 8624 8623
f 8617 8618 8622 8621
f 8619 8623 8624 8620
f 8617 8621 8623 8619
f 8618 8620 8624 8622
g BASE_SWITCHYARD-017_D2_diameter_gantry
usemtl steel
f 8625 8627 8628 8626
f 8629 8630 8632 8631
f 8625 8626 8630 8629
f 8627 8631 8632 8628
f 8625 8629 8631 8627
f 8626 8628 8632 8630
g BASE_SWITCHYARD-018_D3_230_kV_breaker
usemtl xfmr
f 8633 8635 8636 8634
f 8637 8638 8640 8639
f 8633 8634 8638 8637
f 8635 8639 8640 8636
f 8633 8637 8639 8635
f 8634 8636 8640 8638
g BASE_SWITCHYARD-019_D3_230_kV_breaker
usemtl xfmr
f 8641 8643 8644 8642
f 8645 8646 8648 8647
f 8641 8642 8646 8645
f 8643 8647 8648 8644
f 8641 8645 8647 8643
f 8642 8644 8648 8646
g BASE_SWITCHYARD-020_D3_230_kV_breaker
usemtl xfmr
f 8649 8651 8652 8650
f 8653 8654 8656 8655
f 8649 8650 8654 8653
f 8651 8655 8656 8652
f 8649 8653 8655 8651
f 8650 8652 8656 8654
g BASE_SWITCHYARD-021_D3_diameter_gantry
usemtl steel
f 8657 8659 8660 8658
f 8661 8662 8664 8663
f 8657 8658 8662 8661
f 8659 8663 8664 8660
f 8657 8661 8663 8659
f 8658 8660 8664 8662
g BASE_SWITCHYARD-022_D4_future_breaker_position__not_installed_
usemtl future
f 8665 8667 8668 8666
f 8669 8670 8672 8671
f 8665 8666 8670 8669
f 8667 8671 8672 8668
f 8665 8669 8671 8667
f 8666 8668 8672 8670
g BASE_SWITCHYARD-023_D4_future_breaker_position__not_installed_
usemtl future
f 8673 8675 8676 8674
f 8677 8678 8680 8679
f 8673 8674 8678 8677
f 8675 8679 8680 8676
f 8673 8677 8679 8675
f 8674 8676 8680 8678
g BASE_SWITCHYARD-024_D4_future_breaker_position__not_installed_
usemtl future
f 8681 8683 8684 8682
f 8685 8686 8688 8687
f 8681 8682 8686 8685
f 8683 8687 8688 8684
f 8681 8685 8687 8683
f 8682 8684 8688 8686
g BASE_SWITCHYARD-025_D5_future__CCS__breaker_position__not_installed_
usemtl future
f 8689 8691 8692 8690
f 8693 8694 8696 8695
f 8689 8690 8694 8693
f 8691 8695 8696 8692
f 8689 8693 8695 8691
f 8690 8692 8696 8694
g BASE_SWITCHYARD-026_D5_future__CCS__breaker_position__not_installed_
usemtl future
f 8697 8699 8700 8698
f 8701 8702 8704 8703
f 8697 8698 8702 8701
f 8699 8703 8704 8700
f 8697 8701 8703 8699
f 8698 8700 8704 8702
g BASE_SWITCHYARD-027_D5_future__CCS__breaker_position__not_installed_
usemtl future
f 8705 8707 8708 8706
f 8709 8710 8712 8711
f 8705 8706 8710 8709
f 8707 8711 8712 8708
f 8705 8709 8711 8707
f 8706 8708 8712 8710
g BASE_SWITCHYARD-028_Line_1_230_kV_line_take_off_tower
usemtl steel
f 8713 8715 8716 8714
f 8717 8718 8720 8719
f 8713 8714 8718 8717
f 8715 8719 8720 8716
f 8713 8717 8719 8715
f 8714 8716 8720 8718
g BASE_SWITCHYARD-029_Line_2_230_kV_line_take_off_tower
usemtl steel
f 8721 8723 8724 8722
f 8725 8726 8728 8727
f 8721 8722 8726 8725
f 8723 8727 8728 8724
f 8721 8725 8727 8723
f 8722 8724 8728 8726
g BASE_SWITCHYARD-030_RH__switchyard_relay___control_house__52_x_70_ft_
usemtl ehouse
f 8729 8731 8732 8730
f 8733 8734 8736 8735
f 8729 8730 8734 8733
f 8731 8735 8736 8732
f 8729 8733 8735 8731
f 8730 8732 8736 8734
g BASE_SWITCHYARD-031_Reserved_230_kV_corridor_COR_HMOD__modular_tie_
usemtl corridor
f 8737 8739 8740 8738
f 8741 8742 8744 8743
f 8737 8738 8742 8741
f 8739 8743 8744 8740
f 8737 8741 8743 8739
f 8738 8740 8744 8742
g BASE_SWITCHYARD-032_Reserved_230_kV_corridor_COR_HMOD__modular_tie_
usemtl corridor
f 8745 8747 8748 8746
f 8749 8750 8752 8751
f 8745 8746 8750 8749
f 8747 8751 8752 8748
f 8745 8749 8751 8747
f 8746 8748 8752 8750
g BASE_SERVICES-001_Parking
usemtl road
f 8753 8755 8756 8754
f 8757 8758 8760 8759
f 8753 8754 8758 8757
f 8755 8759 8760 8756
f 8753 8757 8759 8755
f 8754 8756 8760 8758
g BASE_SERVICES-002_Gatehouse
usemtl building
f 8761 8763 8764 8762
f 8765 8766 8768 8767
f 8761 8762 8766 8765
f 8763 8767 8768 8764
f 8761 8765 8767 8763
f 8762 8764 8768 8766
g BASE_SERVICES-003_Control___admin_building__main_control_room_
usemtl building
f 8769 8771 8772 8770
f 8773 8774 8776 8775
f 8769 8770 8774 8773
f 8771 8775 8776 8772
f 8769 8773 8775 8771
f 8770 8772 8776 8774
g BASE_SERVICES-004_Warehouse
usemtl building
f 8777 8779 8780 8778
f 8781 8782 8784 8783
f 8777 8778 8782 8781
f 8779 8783 8784 8780
f 8777 8781 8783 8779
f 8778 8780 8784 8782
g BASE_SERVICES-005_Maintenance_building___workshop
usemtl building
f 8785 8787 8788 8786
f 8789 8790 8792 8791
f 8785 8786 8790 8789
f 8787 8791 8792 8788
f 8785 8789 8791 8787
f 8786 8788 8792 8790
g BASE_SERVICES-006_Comms_tower__lattice_
usemtl steel
f 8793 8795 8796 8794
f 8797 8798 8800 8799
f 8793 8794 8798 8797
f 8795 8799 8800 8796
f 8793 8797 8799 8795
f 8794 8796 8800 8798
g BASE_SERVICES-007_Cable_reel_yard___outage_laydown
usemtl pad
f 8801 8803 8804 8802
f 8805 8806 8808 8807
f 8801 8802 8806 8805
f 8803 8807 8808 8804
f 8801 8805 8807 8803
f 8802 8804 8808 8806
g BASE_SERVICES-008_Stormwater_basin
usemtl water
f 8809 8811 8812 8810
f 8813 8814 8816 8815
f 8809 8810 8814 8813
f 8811 8815 8816 8812
f 8809 8813 8815 8811
f 8810 8812 8816 8814
g BASE_WATER-001_Water_treatment_building__incl__R_WT_electrical_room_
usemtl building
f 8817 8819 8820 8818
f 8821 8822 8824 8823
f 8817 8818 8822 8821
f 8819 8823 8824 8820
f 8817 8821 8823 8819
f 8818 8820 8824 8822
g BASE_WATER-002_Wastewater_treatment
usemtl building
f 8825 8827 8828 8826
f 8829 8830 8832 8831
f 8825 8826 8830 8829
f 8827 8831 8832 8828
f 8825 8829 8831 8827
f 8826 8828 8832 8830
g BASE_WATER-003_Raw_water_tank
usemtl tank
f 8833 8834 8866 8865
f 8834 8835 8867 8866
f 8835 8836 8868 8867
f 8836 8837 8869 8868
f 8837 8838 8870 8869
f 8838 8839 8871 8870
f 8839 8840 8872 8871
f 8840 8841 8873 8872
f 8841 8842 8874 8873
f 8842 8843 8875 8874
f 8843 8844 8876 8875
f 8844 8845 8877 8876
f 8845 8846 8878 8877
f 8846 8847 8879 8878
f 8847 8848 8880 8879
f 8848 8849 8881 8880
f 8849 8850 8882 8881
f 8850 8851 8883 8882
f 8851 8852 8884 8883
f 8852 8853 8885 8884
f 8853 8854 8886 8885
f 8854 8855 8887 8886
f 8855 8856 8888 8887
f 8856 8857 8889 8888
f 8857 8858 8890 8889
f 8858 8859 8891 8890
f 8859 8860 8892 8891
f 8860 8861 8893 8892
f 8861 8862 8894 8893
f 8862 8863 8895 8894
f 8863 8864 8896 8895
f 8864 8833 8865 8896
f 8864 8863 8862 8861 8860 8859 8858 8857 8856 8855 8854 8853 8852 8851 8850 8849 8848 8847 8846 8845 8844 8843 8842 8841 8840 8839 8838 8837 8836 8835 8834 8833
f 8865 8866 8867 8868 8869 8870 8871 8872 8873 8874 8875 8876 8877 8878 8879 8880 8881 8882 8883 8884 8885 8886 8887 8888 8889 8890 8891 8892 8893 8894 8895 8896
g BASE_WATER-004_Fire___service_water_tank
usemtl tank
f 8897 8898 8930 8929
f 8898 8899 8931 8930
f 8899 8900 8932 8931
f 8900 8901 8933 8932
f 8901 8902 8934 8933
f 8902 8903 8935 8934
f 8903 8904 8936 8935
f 8904 8905 8937 8936
f 8905 8906 8938 8937
f 8906 8907 8939 8938
f 8907 8908 8940 8939
f 8908 8909 8941 8940
f 8909 8910 8942 8941
f 8910 8911 8943 8942
f 8911 8912 8944 8943
f 8912 8913 8945 8944
f 8913 8914 8946 8945
f 8914 8915 8947 8946
f 8915 8916 8948 8947
f 8916 8917 8949 8948
f 8917 8918 8950 8949
f 8918 8919 8951 8950
f 8919 8920 8952 8951
f 8920 8921 8953 8952
f 8921 8922 8954 8953
f 8922 8923 8955 8954
f 8923 8924 8956 8955
f 8924 8925 8957 8956
f 8925 8926 8958 8957
f 8926 8927 8959 8958
f 8927 8928 8960 8959
f 8928 8897 8929 8960
f 8928 8927 8926 8925 8924 8923 8922 8921 8920 8919 8918 8917 8916 8915 8914 8913 8912 8911 8910 8909 8908 8907 8906 8905 8904 8903 8902 8901 8900 8899 8898 8897
f 8929 8930 8931 8932 8933 8934 8935 8936 8937 8938 8939 8940 8941 8942 8943 8944 8945 8946 8947 8948 8949 8950 8951 8952 8953 8954 8955 8956 8957 8958 8959 8960
g BASE_WATER-005_Demineralised_water_tank
usemtl tank
f 8961 8962 8994 8993
f 8962 8963 8995 8994
f 8963 8964 8996 8995
f 8964 8965 8997 8996
f 8965 8966 8998 8997
f 8966 8967 8999 8998
f 8967 8968 9000 8999
f 8968 8969 9001 9000
f 8969 8970 9002 9001
f 8970 8971 9003 9002
f 8971 8972 9004 9003
f 8972 8973 9005 9004
f 8973 8974 9006 9005
f 8974 8975 9007 9006
f 8975 8976 9008 9007
f 8976 8977 9009 9008
f 8977 8978 9010 9009
f 8978 8979 9011 9010
f 8979 8980 9012 9011
f 8980 8981 9013 9012
f 8981 8982 9014 9013
f 8982 8983 9015 9014
f 8983 8984 9016 9015
f 8984 8985 9017 9016
f 8985 8986 9018 9017
f 8986 8987 9019 9018
f 8987 8988 9020 9019
f 8988 8989 9021 9020
f 8989 8990 9022 9021
f 8990 8991 9023 9022
f 8991 8992 9024 9023
f 8992 8961 8993 9024
f 8992 8991 8990 8989 8988 8987 8986 8985 8984 8983 8982 8981 8980 8979 8978 8977 8976 8975 8974 8973 8972 8971 8970 8969 8968 8967 8966 8965 8964 8963 8962 8961
f 8993 8994 8995 8996 8997 8998 8999 9000 9001 9002 9003 9004 9005 9006 9007 9008 9009 9010 9011 9012 9013 9014 9015 9016 9017 9018 9019 9020 9021 9022 9023 9024
g BASE_WATER-006_Fire_pump_house
usemtl building
f 9025 9027 9028 9026
f 9029 9030 9032 9031
f 9025 9026 9030 9029
f 9027 9031 9032 9028
f 9025 9029 9031 9027
f 9026 9028 9032 9030
g BASE_WATER-007_Ammonia_storage__aqueous__SCR_reagent_
usemtl concrete
f 9033 9035 9036 9034
f 9037 9038 9040 9039
f 9033 9034 9038 9037
f 9035 9039 9040 9036
f 9033 9037 9039 9035
f 9034 9036 9040 9038
g BASE_WATER-008_Ammonia_storage_tank
usemtl tank
f 9041 9042 9058 9057
f 9042 9043 9059 9058
f 9043 9044 9060 9059
f 9044 9045 9061 9060
f 9045 9046 9062 9061
f 9046 9047 9063 9062
f 9047 9048 9064 9063
f 9048 9049 9065 9064
f 9049 9050 9066 9065
f 9050 9051 9067 9066
f 9051 9052 9068 9067
f 9052 9053 9069 9068
f 9053 9054 9070 9069
f 9054 9055 9071 9070
f 9055 9056 9072 9071
f 9056 9041 9057 9072
f 9056 9055 9054 9053 9052 9051 9050 9049 9048 9047 9046 9045 9044 9043 9042 9041
f 9057 9058 9059 9060 9061 9062 9063 9064 9065 9066 9067 9068 9069 9070 9071 9072
g BASE_WATER-009_Auxiliary_boiler
usemtl building
f 9073 9075 9076 9074
f 9077 9078 9080 9079
f 9073 9074 9078 9077
f 9075 9079 9080 9076
f 9073 9077 9079 9075
f 9074 9076 9080 9078
g BASE_WATER-010_Aux_boiler_stack
usemtl stack
f 9081 9082 9098 9097
f 9082 9083 9099 9098
f 9083 9084 9100 9099
f 9084 9085 9101 9100
f 9085 9086 9102 9101
f 9086 9087 9103 9102
f 9087 9088 9104 9103
f 9088 9089 9105 9104
f 9089 9090 9106 9105
f 9090 9091 9107 9106
f 9091 9092 9108 9107
f 9092 9093 9109 9108
f 9093 9094 9110 9109
f 9094 9095 9111 9110
f 9095 9096 9112 9111
f 9096 9081 9097 9112
f 9096 9095 9094 9093 9092 9091 9090 9089 9088 9087 9086 9085 9084 9083 9082 9081
f 9097 9098 9099 9100 9101 9102 9103 9104 9105 9106 9107 9108 9109 9110 9111 9112
g BASE_WATER-011_H2___CO2_storage__generator_gas_
usemtl tank
f 9113 9115 9116 9114
f 9117 9118 9120 9119
f 9113 9114 9118 9117
f 9115 9119 9120 9116
f 9113 9117 9119 9115
f 9114 9116 9120 9118
g BASE_WATER-012_Oil_water_separator
usemtl tank
f 9121 9123 9124 9122
f 9125 9126 9128 9127
f 9121 9122 9126 9125
f 9123 9127 9128 9124
f 9121 9125 9127 9123
f 9122 9124 9128 9126
g BASE_FUEL-001_Plant_gas_yard__pad_
usemtl gravel
f 9129 9131 9132 9130
f 9133 9134 9136 9135
f 9129 9130 9134 9133
f 9131 9135 9136 9132
f 9129 9133 9135 9131
f 9130 9132 9136 9134
g BASE_FUEL-002_Gas_yard_filter_separators
usemtl tank
f 9137 9139 9140 9138
f 9141 9142 9144 9143
f 9137 9138 9142 9141
f 9139 9143 9144 9140
f 9137 9141 9143 9139
f 9138 9140 9144 9142
g BASE_FUEL-003_Fuel_gas_performance_heater
usemtl equip
f 9145 9147 9148 9146
f 9149 9150 9152 9151
f 9145 9146 9150 9149
f 9147 9151 9152 9148
f 9145 9149 9151 9147
f 9146 9148 9152 9150
g BASE_FUEL-004_Gas_metering_skid
usemtl equip
f 9153 9155 9156 9154
f 9157 9158 9160 9159
f 9153 9154 9158 9157
f 9155 9159 9160 9156
f 9153 9157 9159 9155
f 9154 9156 9160 9158
g BASE_FUEL-005_Gas_pressure_regulation_skid
usemtl equip
f 9161 9163 9164 9162
f 9165 9166 9168 9167
f 9161 9162 9166 9165
f 9163 9167 9168 9164
f 9161 9165 9167 9163
f 9162 9164 9168 9166
g BASE_FUEL-006_Gas_yard_local_control_enclosure
usemtl ehouse
f 9169 9171 9172 9170
f 9173 9174 9176 9175
f 9169 9170 9174 9173
f 9171 9175 9176 9172
f 9169 9173 9175 9171
f 9170 9172 9176 9174
g BASE_FUEL-007_CONDITIONAL__fuel_gas_compressors
usemtl conditional
f 9177 9179 9180 9178
f 9181 9182 9184 9183
f 9177 9178 9182 9181
f 9179 9183 9184 9180
f 9177 9181 9183 9179
f 9178 9180 9184 9182
g BASE_FUEL-008_CONDITIONAL__backup_fuel_oil__ULSD__unloading___forwarding
usemtl conditional
f 9185 9187 9188 9186
f 9189 9190 9192 9191
f 9185 9186 9190 9189
f 9187 9191 9192 9188
f 9185 9189 9191 9187
f 9186 9188 9192 9190
g BASE_FUEL-009_CONDITIONAL__ULSD_backup_fuel_oil_tank
usemtl conditional
f 9193 9194 9226 9225
f 9194 9195 9227 9226
f 9195 9196 9228 9227
f 9196 9197 9229 9228
f 9197 9198 9230 9229
f 9198 9199 9231 9230
f 9199 9200 9232 9231
f 9200 9201 9233 9232
f 9201 9202 9234 9233
f 9202 9203 9235 9234
f 9203 9204 9236 9235
f 9204 9205 9237 9236
f 9205 9206 9238 9237
f 9206 9207 9239 9238
f 9207 9208 9240 9239
f 9208 9209 9241 9240
f 9209 9210 9242 9241
f 9210 9211 9243 9242
f 9211 9212 9244 9243
f 9212 9213 9245 9244
f 9213 9214 9246 9245
f 9214 9215 9247 9246
f 9215 9216 9248 9247
f 9216 9217 9249 9248
f 9217 9218 9250 9249
f 9218 9219 9251 9250
f 9219 9220 9252 9251
f 9220 9221 9253 9252
f 9221 9222 9254 9253
f 9222 9223 9255 9254
f 9223 9224 9256 9255
f 9224 9193 9225 9256
f 9224 9223 9222 9221 9220 9219 9218 9217 9216 9215 9214 9213 9212 9211 9210 9209 9208 9207 9206 9205 9204 9203 9202 9201 9200 9199 9198 9197 9196 9195 9194 9193
f 9225 9226 9227 9228 9229 9230 9231 9232 9233 9234 9235 9236 9237 9238 9239 9240 9241 9242 9243 9244 9245 9246 9247 9248 9249 9250 9251 9252 9253 9254 9255 9256
g ADJ_MR-001_Pipeline_M_R_station__by_pipeline_operator_
usemtl gravel
f 9257 9259 9260 9258
f 9261 9262 9264 9263
f 9257 9258 9262 9261
f 9259 9263 9264 9260
f 9257 9261 9263 9259
f 9258 9260 9264 9262
g ADJ_MR-002_1_Pig_receiver__lateral_terminus
usemtl tank
f 9265 9267 9268 9266
f 9269 9270 9272 9271
f 9265 9266 9270 9269
f 9267 9271 9272 9268
f 9265 9269 9271 9267
f 9266 9268 9272 9270
g ADJ_MR-003_2_Insulating_joint___ESD_valve
usemtl equip
f 9273 9275 9276 9274
f 9277 9278 9280 9279
f 9273 9274 9278 9277
f 9275 9279 9280 9276
f 9273 9277 9279 9275
f 9274 9276 9280 9278
g ADJ_MR-004_3_Horizontal_filter_separator
usemtl tank
f 9281 9282 9298 9297
f 9282 9283 9299 9298
f 9283 9284 9300 9299
f 9284 9285 9301 9300
f 9285 9286 9302 9301
f 9286 9287 9303 9302
f 9287 9288 9304 9303
f 9288 9289 9305 9304
f 9289 9290 9306 9305
f 9290 9291 9307 9306
f 9291 9292 9308 9307
f 9292 9293 9309 9308
f 9293 9294 9310 9309
f 9294 9295 9311 9310
f 9295 9296 9312 9311
f 9296 9281 9297 9312
f 9296 9295 9294 9293 9292 9291 9290 9289 9288 9287 9286 9285 9284 9283 9282 9281
f 9297 9298 9299 9300 9301 9302 9303 9304 9305 9306 9307 9308 9309 9310 9311 9312
g ADJ_MR-005_4_Line_heater_1__water_bath_
usemtl tank
f 9313 9314 9330 9329
f 9314 9315 9331 9330
f 9315 9316 9332 9331
f 9316 9317 9333 9332
f 9317 9318 9334 9333
f 9318 9319 9335 9334
f 9319 9320 9336 9335
f 9320 9321 9337 9336
f 9321 9322 9338 9337
f 9322 9323 9339 9338
f 9323 9324 9340 9339
f 9324 9325 9341 9340
f 9325 9326 9342 9341
f 9326 9327 9343 9342
f 9327 9328 9344 9343
f 9328 9313 9329 9344
f 9328 9327 9326 9325 9324 9323 9322 9321 9320 9319 9318 9317 9316 9315 9314 9313
f 9329 9330 9331 9332 9333 9334 9335 9336 9337 9338 9339 9340 9341 9342 9343 9344
g ADJ_MR-006_4_Line_heater_2__water_bath_
usemtl tank
f 9345 9346 9362 9361
f 9346 9347 9363 9362
f 9347 9348 9364 9363
f 9348 9349 9365 9364
f 9349 9350 9366 9365
f 9350 9351 9367 9366
f 9351 9352 9368 9367
f 9352 9353 9369 9368
f 9353 9354 9370 9369
f 9354 9355 9371 9370
f 9355 9356 9372 9371
f 9356 9357 9373 9372
f 9357 9358 9374 9373
f 9358 9359 9375 9374
f 9359 9360 9376 9375
f 9360 9345 9361 9376
f 9360 9359 9358 9357 9356 9355 9354 9353 9352 9351 9350 9349 9348 9347 9346 9345
f 9361 9362 9363 9364 9365 9366 9367 9368 9369 9370 9371 9372 9373 9374 9375 9376
g ADJ_MR-007_4_Line_heater_3__water_bath_
usemtl tank
f 9377 9378 9394 9393
f 9378 9379 9395 9394
f 9379 9380 9396 9395
f 9380 9381 9397 9396
f 9381 9382 9398 9397
f 9382 9383 9399 9398
f 9383 9384 9400 9399
f 9384 9385 9401 9400
f 9385 9386 9402 9401
f 9386 9387 9403 9402
f 9387 9388 9404 9403
f 9388 9389 9405 9404
f 9389 9390 9406 9405
f 9390 9391 9407 9406
f 9391 9392 9408 9407
f 9392 9377 9393 9408
f 9392 9391 9390 9389 9388 9387 9386 9385 9384 9383 9382 9381 9380 9379 9378 9377
f 9393 9394 9395 9396 9397 9398 9399 9400 9401 9402 9403 9404 9405 9406 9407 9408
g ADJ_MR-008_5_Ultrasonic_meters__2_runs__custody_
usemtl equip
f 9409 9411 9412 9410
f 9413 9414 9416 9415
f 9409 9410 9414 9413
f 9411 9415 9416 9412
f 9409 9413 9415 9411
f 9410 9412 9416 9414
g ADJ_MR-009_6_Regulation___flow_control_building__30_x_30_ft_
usemtl building
f 9417 9419 9420 9418
f 9421 9422 9424 9423
f 9417 9418 9422 9421
f 9419 9423 9424 9420
f 9417 9421 9423 9419
f 9418 9420 9424 9422
g ADJ_MR-010_7_Gas_quality___measurement_building__8_x_16_ft_
usemtl building
f 9425 9427 9428 9426
f 9429 9430 9432 9431
f 9425 9426 9430 9429
f 9427 9431 9432 9428
f 9425 9429 9431 9427
f 9426 9428 9432 9430
g ADJ_MR-011_8_Condensate_tank
usemtl tank
f 9433 9434 9450 9449
f 9434 9435 9451 9450
f 9435 9436 9452 9451
f 9436 9437 9453 9452
f 9437 9438 9454 9453
f 9438 9439 9455 9454
f 9439 9440 9456 9455
f 9440 9441 9457 9456
f 9441 9442 9458 9457
f 9442 9443 9459 9458
f 9443 9444 9460 9459
f 9444 9445 9461 9460
f 9445 9446 9462 9461
f 9446 9447 9463 9462
f 9447 9448 9464 9463
f 9448 9433 9449 9464
f 9448 9447 9446 9445 9444 9443 9442 9441 9440 9439 9438 9437 9436 9435 9434 9433
f 9449 9450 9451 9452 9453 9454 9455 9456 9457 9458 9459 9460 9461 9462 9463 9464
g ADJ_MR-012_9_Service_panel___UPS__SCADA_RTU__CP
usemtl ehouse
f 9465 9467 9468 9466
f 9469 9470 9472 9471
f 9465 9466 9470 9469
f 9467 9471 9472 9468
f 9465 9469 9471 9467
f 9466 9468 9472 9470
g OPT_CCS-001_DMP_A__diverter___bypass_damper
usemtl duct
f 9473 9475 9476 9474
f 9477 9478 9480 9479
f 9473 9474 9478 9477
f 9475 9479 9480 9476
f 9473 9477 9479 9475
f 9474 9476 9480 9478
g OPT_CCS-002_Flue_gas_duct_HRSG_1_to_DCC_A
usemtl duct
f 9481 9483 9484 9482
f 9485 9486 9488 9487
f 9481 9482 9486 9485
f 9483 9487 9488 9484
f 9481 9485 9487 9483
f 9482 9484 9488 9486
g OPT_CCS-003_DCC_A__direct_contact_cooler__quench_
usemtl ccs
f 9489 9491 9492 9490
f 9493 9494 9496 9495
f 9489 9490 9494 9493
f 9491 9495 9496 9492
f 9489 9493 9495 9491
f 9490 9492 9496 9494
g OPT_CCS-004_DCC_A_pumps___water_filter
usemtl motor
f 9497 9499 9500 9498
f 9501 9502 9504 9503
f 9497 9498 9502 9501
f 9499 9503 9504 9500
f 9497 9501 9503 9499
f 9498 9500 9504 9502
g OPT_CCS-005_BF_A__booster_fan___16_MW_
usemtl motor
f 9505 9507 9508 9506
f 9509 9510 9512 9511
f 9505 9506 9510 9509
f 9507 9511 9512 9508
f 9505 9509 9511 9507
f 9506 9508 9512 9510
g OPT_CCS-006_Rich_lean_pumps___cross_exchanger___lean_cooler_A
usemtl equip
f 9513 9515 9516 9514
f 9517 9518 9520 9519
f 9513 9514 9518 9517
f 9515 9519 9520 9516
f 9513 9517 9519 9515
f 9514 9516 9520 9518
g OPT_CCS-007_Absorber_A__62_ft_dia_x_262_ft_
usemtl ccs
f 9521 9522 9554 9553
f 9522 9523 9555 9554
f 9523 9524 9556 9555
f 9524 9525 9557 9556
f 9525 9526 9558 9557
f 9526 9527 9559 9558
f 9527 9528 9560 9559
f 9528 9529 9561 9560
f 9529 9530 9562 9561
f 9530 9531 9563 9562
f 9531 9532 9564 9563
f 9532 9533 9565 9564
f 9533 9534 9566 9565
f 9534 9535 9567 9566
f 9535 9536 9568 9567
f 9536 9537 9569 9568
f 9537 9538 9570 9569
f 9538 9539 9571 9570
f 9539 9540 9572 9571
f 9540 9541 9573 9572
f 9541 9542 9574 9573
f 9542 9543 9575 9574
f 9543 9544 9576 9575
f 9544 9545 9577 9576
f 9545 9546 9578 9577
f 9546 9547 9579 9578
f 9547 9548 9580 9579
f 9548 9549 9581 9580
f 9549 9550 9582 9581
f 9550 9551 9583 9582
f 9551 9552 9584 9583
f 9552 9521 9553 9584
f 9552 9551 9550 9549 9548 9547 9546 9545 9544 9543 9542 9541 9540 9539 9538 9537 9536 9535 9534 9533 9532 9531 9530 9529 9528 9527 9526 9525 9524 9523 9522 9521
f 9553 9554 9555 9556 9557 9558 9559 9560 9561 9562 9563 9564 9565 9566 9567 9568 9569 9570 9571 9572 9573 9574 9575 9576 9577 9578 9579 9580 9581 9582 9583 9584
g OPT_CCS-008_Absorber_A_stack__to_313_ft_
usemtl stack
f 9585 9586 9602 9601
f 9586 9587 9603 9602
f 9587 9588 9604 9603
f 9588 9589 9605 9604
f 9589 9590 9606 9605
f 9590 9591 9607 9606
f 9591 9592 9608 9607
f 9592 9593 9609 9608
f 9593 9594 9610 9609
f 9594 9595 9611 9610
f 9595 9596 9612 9611
f 9596 9597 9613 9612
f 9597 9598 9614 9613
f 9598 9599 9615 9614
f 9599 9600 9616 9615
f 9600 9585 9601 9616
f 9600 9599 9598 9597 9596 9595 9594 9593 9592 9591 9590 9589 9588 9587 9586 9585
f 9601 9602 9603 9604 9605 9606 9607 9608 9609 9610 9611 9612 9613 9614 9615 9616
g OPT_CCS-009_Water_wash_pumps_A
usemtl motor
f 9617 9619 9620 9618
f 9621 9622 9624 9623
f 9617 9618 9622 9621
f 9619 9623 9624 9620
f 9617 9621 9623 9619
f 9618 9620 9624 9622
g OPT_CCS-010_DMP_B__diverter___bypass_damper
usemtl duct
f 9625 9627 9628 9626
f 9629 9630 9632 9631
f 9625 9626 9630 9629
f 9627 9631 9632 9628
f 9625 9629 9631 9627
f 9626 9628 9632 9630
g OPT_CCS-011_Flue_gas_duct_HRSG_2_to_DCC_B
usemtl duct
f 9633 9635 9636 9634
f 9637 9638 9640 9639
f 9633 9634 9638 9637
f 9635 9639 9640 9636
f 9633 9637 9639 9635
f 9634 9636 9640 9638
g OPT_CCS-012_DCC_B__direct_contact_cooler__quench_
usemtl ccs
f 9641 9643 9644 9642
f 9645 9646 9648 9647
f 9641 9642 9646 9645
f 9643 9647 9648 9644
f 9641 9645 9647 9643
f 9642 9644 9648 9646
g OPT_CCS-013_DCC_B_pumps___water_filter
usemtl motor
f 9649 9651 9652 9650
f 9653 9654 9656 9655
f 9649 9650 9654 9653
f 9651 9655 9656 9652
f 9649 9653 9655 9651
f 9650 9652 9656 9654
g OPT_CCS-014_BF_B__booster_fan___16_MW_
usemtl motor
f 9657 9659 9660 9658
f 9661 9662 9664 9663
f 9657 9658 9662 9661
f 9659 9663 9664 9660
f 9657 9661 9663 9659
f 9658 9660 9664 9662
g OPT_CCS-015_Rich_lean_pumps___cross_exchanger___lean_cooler_B
usemtl equip
f 9665 9667 9668 9666
f 9669 9670 9672 9671
f 9665 9666 9670 9669
f 9667 9671 9672 9668
f 9665 9669 9671 9667
f 9666 9668 9672 9670
g OPT_CCS-016_Absorber_B__62_ft_dia_x_262_ft_
usemtl ccs
f 9673 9674 9706 9705
f 9674 9675 9707 9706
f 9675 9676 9708 9707
f 9676 9677 9709 9708
f 9677 9678 9710 9709
f 9678 9679 9711 9710
f 9679 9680 9712 9711
f 9680 9681 9713 9712
f 9681 9682 9714 9713
f 9682 9683 9715 9714
f 9683 9684 9716 9715
f 9684 9685 9717 9716
f 9685 9686 9718 9717
f 9686 9687 9719 9718
f 9687 9688 9720 9719
f 9688 9689 9721 9720
f 9689 9690 9722 9721
f 9690 9691 9723 9722
f 9691 9692 9724 9723
f 9692 9693 9725 9724
f 9693 9694 9726 9725
f 9694 9695 9727 9726
f 9695 9696 9728 9727
f 9696 9697 9729 9728
f 9697 9698 9730 9729
f 9698 9699 9731 9730
f 9699 9700 9732 9731
f 9700 9701 9733 9732
f 9701 9702 9734 9733
f 9702 9703 9735 9734
f 9703 9704 9736 9735
f 9704 9673 9705 9736
f 9704 9703 9702 9701 9700 9699 9698 9697 9696 9695 9694 9693 9692 9691 9690 9689 9688 9687 9686 9685 9684 9683 9682 9681 9680 9679 9678 9677 9676 9675 9674 9673
f 9705 9706 9707 9708 9709 9710 9711 9712 9713 9714 9715 9716 9717 9718 9719 9720 9721 9722 9723 9724 9725 9726 9727 9728 9729 9730 9731 9732 9733 9734 9735 9736
g OPT_CCS-017_Absorber_B_stack__to_313_ft_
usemtl stack
f 9737 9738 9754 9753
f 9738 9739 9755 9754
f 9739 9740 9756 9755
f 9740 9741 9757 9756
f 9741 9742 9758 9757
f 9742 9743 9759 9758
f 9743 9744 9760 9759
f 9744 9745 9761 9760
f 9745 9746 9762 9761
f 9746 9747 9763 9762
f 9747 9748 9764 9763
f 9748 9749 9765 9764
f 9749 9750 9766 9765
f 9750 9751 9767 9766
f 9751 9752 9768 9767
f 9752 9737 9753 9768
f 9752 9751 9750 9749 9748 9747 9746 9745 9744 9743 9742 9741 9740 9739 9738 9737
f 9753 9754 9755 9756 9757 9758 9759 9760 9761 9762 9763 9764 9765 9766 9767 9768
g OPT_CCS-018_Water_wash_pumps_B
usemtl motor
f 9769 9771 9772 9770
f 9773 9774 9776 9775
f 9769 9770 9774 9773
f 9771 9775 9776 9772
f 9769 9773 9775 9771
f 9770 9772 9776 9774
g OPT_CCS-019_DMP_C__diverter___bypass_damper
usemtl duct
f 9777 9779 9780 9778
f 9781 9782 9784 9783
f 9777 9778 9782 9781
f 9779 9783 9784 9780
f 9777 9781 9783 9779
f 9778 9780 9784 9782
g OPT_CCS-020_Flue_gas_duct_HRSG_3_to_DCC_C
usemtl duct
f 9785 9787 9788 9786
f 9789 9790 9792 9791
f 9785 9786 9790 9789
f 9787 9791 9792 9788
f 9785 9789 9791 9787
f 9786 9788 9792 9790
g OPT_CCS-021_DCC_C__direct_contact_cooler__quench_
usemtl ccs
f 9793 9795 9796 9794
f 9797 9798 9800 9799
f 9793 9794 9798 9797
f 9795 9799 9800 9796
f 9793 9797 9799 9795
f 9794 9796 9800 9798
g OPT_CCS-022_DCC_C_pumps___water_filter
usemtl motor
f 9801 9803 9804 9802
f 9805 9806 9808 9807
f 9801 9802 9806 9805
f 9803 9807 9808 9804
f 9801 9805 9807 9803
f 9802 9804 9808 9806
g OPT_CCS-023_BF_C__booster_fan___16_MW_
usemtl motor
f 9809 9811 9812 9810
f 9813 9814 9816 9815
f 9809 9810 9814 9813
f 9811 9815 9816 9812
f 9809 9813 9815 9811
f 9810 9812 9816 9814
g OPT_CCS-024_Rich_lean_pumps___cross_exchanger___lean_cooler_C
usemtl equip
f 9817 9819 9820 9818
f 9821 9822 9824 9823
f 9817 9818 9822 9821
f 9819 9823 9824 9820
f 9817 9821 9823 9819
f 9818 9820 9824 9822
g OPT_CCS-025_Absorber_C__62_ft_dia_x_262_ft_
usemtl ccs
f 9825 9826 9858 9857
f 9826 9827 9859 9858
f 9827 9828 9860 9859
f 9828 9829 9861 9860
f 9829 9830 9862 9861
f 9830 9831 9863 9862
f 9831 9832 9864 9863
f 9832 9833 9865 9864
f 9833 9834 9866 9865
f 9834 9835 9867 9866
f 9835 9836 9868 9867
f 9836 9837 9869 9868
f 9837 9838 9870 9869
f 9838 9839 9871 9870
f 9839 9840 9872 9871
f 9840 9841 9873 9872
f 9841 9842 9874 9873
f 9842 9843 9875 9874
f 9843 9844 9876 9875
f 9844 9845 9877 9876
f 9845 9846 9878 9877
f 9846 9847 9879 9878
f 9847 9848 9880 9879
f 9848 9849 9881 9880
f 9849 9850 9882 9881
f 9850 9851 9883 9882
f 9851 9852 9884 9883
f 9852 9853 9885 9884
f 9853 9854 9886 9885
f 9854 9855 9887 9886
f 9855 9856 9888 9887
f 9856 9825 9857 9888
f 9856 9855 9854 9853 9852 9851 9850 9849 9848 9847 9846 9845 9844 9843 9842 9841 9840 9839 9838 9837 9836 9835 9834 9833 9832 9831 9830 9829 9828 9827 9826 9825
f 9857 9858 9859 9860 9861 9862 9863 9864 9865 9866 9867 9868 9869 9870 9871 9872 9873 9874 9875 9876 9877 9878 9879 9880 9881 9882 9883 9884 9885 9886 9887 9888
g OPT_CCS-026_Absorber_C_stack__to_313_ft_
usemtl stack
f 9889 9890 9906 9905
f 9890 9891 9907 9906
f 9891 9892 9908 9907
f 9892 9893 9909 9908
f 9893 9894 9910 9909
f 9894 9895 9911 9910
f 9895 9896 9912 9911
f 9896 9897 9913 9912
f 9897 9898 9914 9913
f 9898 9899 9915 9914
f 9899 9900 9916 9915
f 9900 9901 9917 9916
f 9901 9902 9918 9917
f 9902 9903 9919 9918
f 9903 9904 9920 9919
f 9904 9889 9905 9920
f 9904 9903 9902 9901 9900 9899 9898 9897 9896 9895 9894 9893 9892 9891 9890 9889
f 9905 9906 9907 9908 9909 9910 9911 9912 9913 9914 9915 9916 9917 9918 9919 9920
g OPT_CCS-027_Water_wash_pumps_C
usemtl motor
f 9921 9923 9924 9922
f 9925 9926 9928 9927
f 9921 9922 9926 9925
f 9923 9927 9928 9924
f 9921 9925 9927 9923
f 9922 9924 9928 9926
g OPT_CCS-028_STR_A__stripper___regenerator__45_ft_dia_x_207_ft_
usemtl ccs
f 9929 9930 9962 9961
f 9930 9931 9963 9962
f 9931 9932 9964 9963
f 9932 9933 9965 9964
f 9933 9934 9966 9965
f 9934 9935 9967 9966
f 9935 9936 9968 9967
f 9936 9937 9969 9968
f 9937 9938 9970 9969
f 9938 9939 9971 9970
f 9939 9940 9972 9971
f 9940 9941 9973 9972
f 9941 9942 9974 9973
f 9942 9943 9975 9974
f 9943 9944 9976 9975
f 9944 9945 9977 9976
f 9945 9946 9978 9977
f 9946 9947 9979 9978
f 9947 9948 9980 9979
f 9948 9949 9981 9980
f 9949 9950 9982 9981
f 9950 9951 9983 9982
f 9951 9952 9984 9983
f 9952 9953 9985 9984
f 9953 9954 9986 9985
f 9954 9955 9987 9986
f 9955 9956 9988 9987
f 9956 9957 9989 9988
f 9957 9958 9990 9989
f 9958 9959 9991 9990
f 9959 9960 9992 9991
f 9960 9929 9961 9992
f 9960 9959 9958 9957 9956 9955 9954 9953 9952 9951 9950 9949 9948 9947 9946 9945 9944 9943 9942 9941 9940 9939 9938 9937 9936 9935 9934 9933 9932 9931 9930 9929
f 9961 9962 9963 9964 9965 9966 9967 9968 9969 9970 9971 9972 9973 9974 9975 9976 9977 9978 9979 9980 9981 9982 9983 9984 9985 9986 9987 9988 9989 9990 9991 9992
g OPT_CCS-029_RB_A__reboiler__LP_steam_from_ST_extraction_
usemtl equip
f 9993 9995 9996 9994
f 9997 9998 10000 9999
f 9993 9994 9998 9997
f 9995 9999 10000 9996
f 9993 9997 9999 9995
f 9994 9996 10000 9998
g OPT_CCS-030_STR_B__stripper___regenerator__45_ft_dia_x_207_ft_
usemtl ccs
f 10001 10002 10034 10033
f 10002 10003 10035 10034
f 10003 10004 10036 10035
f 10004 10005 10037 10036
f 10005 10006 10038 10037
f 10006 10007 10039 10038
f 10007 10008 10040 10039
f 10008 10009 10041 10040
f 10009 10010 10042 10041
f 10010 10011 10043 10042
f 10011 10012 10044 10043
f 10012 10013 10045 10044
f 10013 10014 10046 10045
f 10014 10015 10047 10046
f 10015 10016 10048 10047
f 10016 10017 10049 10048
f 10017 10018 10050 10049
f 10018 10019 10051 10050
f 10019 10020 10052 10051
f 10020 10021 10053 10052
f 10021 10022 10054 10053
f 10022 10023 10055 10054
f 10023 10024 10056 10055
f 10024 10025 10057 10056
f 10025 10026 10058 10057
f 10026 10027 10059 10058
f 10027 10028 10060 10059
f 10028 10029 10061 10060
f 10029 10030 10062 10061
f 10030 10031 10063 10062
f 10031 10032 10064 10063
f 10032 10001 10033 10064
f 10032 10031 10030 10029 10028 10027 10026 10025 10024 10023 10022 10021 10020 10019 10018 10017 10016 10015 10014 10013 10012 10011 10010 10009 10008 10007 10006 10005 10004 10003 10002 10001
f 10033 10034 10035 10036 10037 10038 10039 10040 10041 10042 10043 10044 10045 10046 10047 10048 10049 10050 10051 10052 10053 10054 10055 10056 10057 10058 10059 10060 10061 10062 10063 10064
g OPT_CCS-031_RB_B__reboiler__LP_steam_from_ST_extraction_
usemtl equip
f 10065 10067 10068 10066
f 10069 10070 10072 10071
f 10065 10066 10070 10069
f 10067 10071 10072 10068
f 10065 10069 10071 10067
f 10066 10068 10072 10070
g OPT_CCS-032_STR_C__stripper___regenerator__45_ft_dia_x_207_ft_
usemtl ccs
f 10073 10074 10106 10105
f 10074 10075 10107 10106
f 10075 10076 10108 10107
f 10076 10077 10109 10108
f 10077 10078 10110 10109
f 10078 10079 10111 10110
f 10079 10080 10112 10111
f 10080 10081 10113 10112
f 10081 10082 10114 10113
f 10082 10083 10115 10114
f 10083 10084 10116 10115
f 10084 10085 10117 10116
f 10085 10086 10118 10117
f 10086 10087 10119 10118
f 10087 10088 10120 10119
f 10088 10089 10121 10120
f 10089 10090 10122 10121
f 10090 10091 10123 10122
f 10091 10092 10124 10123
f 10092 10093 10125 10124
f 10093 10094 10126 10125
f 10094 10095 10127 10126
f 10095 10096 10128 10127
f 10096 10097 10129 10128
f 10097 10098 10130 10129
f 10098 10099 10131 10130
f 10099 10100 10132 10131
f 10100 10101 10133 10132
f 10101 10102 10134 10133
f 10102 10103 10135 10134
f 10103 10104 10136 10135
f 10104 10073 10105 10136
f 10104 10103 10102 10101 10100 10099 10098 10097 10096 10095 10094 10093 10092 10091 10090 10089 10088 10087 10086 10085 10084 10083 10082 10081 10080 10079 10078 10077 10076 10075 10074 10073
f 10105 10106 10107 10108 10109 10110 10111 10112 10113 10114 10115 10116 10117 10118 10119 10120 10121 10122 10123 10124 10125 10126 10127 10128 10129 10130 10131 10132 10133 10134 10135 10136
g OPT_CCS-033_RB_C__reboiler__LP_steam_from_ST_extraction_
usemtl equip
f 10137 10139 10140 10138
f 10141 10142 10144 10143
f 10137 10138 10142 10141
f 10139 10143 10144 10140
f 10137 10141 10143 10139
f 10138 10140 10144 10142
g OPT_CCS-034_Reclaimer__thermal__intermittent_
usemtl equip
f 10145 10147 10148 10146
f 10149 10150 10152 10151
f 10145 10146 10150 10149
f 10147 10151 10152 10148
f 10145 10149 10151 10147
f 10146 10148 10152 10150
g OPT_CCS-035_Solvent___NaOH_storage
usemtl tank
f 10153 10155 10156 10154
f 10157 10158 10160 10159
f 10153 10154 10158 10157
f 10155 10159 10160 10156
f 10153 10157 10159 10155
f 10154 10156 10160 10158
g OPT_CCS-036_Activated_carbon_filter
usemtl equip
f 10161 10163 10164 10162
f 10165 10166 10168 10167
f 10161 10162 10166 10165
f 10163 10167 10168 10164
f 10161 10165 10167 10163
f 10162 10164 10168 10166
g OPT_CCS-037_CO2_compression_3_x__19_MW___dehydration
usemtl building
f 10169 10171 10172 10170
f 10173 10174 10176 10175
f 10169 10170 10174 10173
f 10171 10175 10176 10172
f 10169 10173 10175 10171
f 10170 10172 10176 10174
g OPT_CCS-038_CONDITIONAL__HP_export_compressor___metering
usemtl conditional
f 10177 10179 10180 10178
f 10181 10182 10184 10183
f 10177 10178 10182 10181
f 10179 10183 10184 10180
f 10177 10181 10183 10179
f 10178 10180 10184 10182
g OPT_CCS-039_CCS_MV_switchgear_building__VFDs_
usemtl ehouse
f 10185 10187 10188 10186
f 10189 10190 10192 10191
f 10185 10186 10190 10189
f 10187 10191 10192 10188
f 10185 10189 10191 10187
f 10186 10188 10192 10190
g OPT_CCS-040_CCS_T_1__230_13_8_kV
usemtl xfmr
f 10193 10195 10196 10194
f 10197 10198 10200 10199
f 10193 10194 10198 10197
f 10195 10199 10200 10196
f 10193 10197 10199 10195
f 10194 10196 10200 10198
g OPT_CCS-041_CCS_T_2__230_13_8_kV
usemtl xfmr
f 10201 10203 10204 10202
f 10205 10206 10208 10207
f 10201 10202 10206 10205
f 10203 10207 10208 10204
f 10201 10205 10207 10203
f 10202 10204 10208 10206
g OPT_CCS-042_CCS_instrument_air
usemtl equip
f 10209 10211 10212 10210
f 10213 10214 10216 10215
f 10209 10210 10214 10213
f 10211 10215 10216 10212
f 10209 10213 10215 10211
f 10210 10212 10216 10214
g OPT_CCS-043_CCS_F_G___control
usemtl ehouse
f 10217 10219 10220 10218
f 10221 10222 10224 10223
f 10217 10218 10222 10221
f 10219 10223 10224 10220
f 10217 10221 10223 10219
f 10218 10220 10224 10222
g OPT_CCSU-001_CCS_cooling_tower___30_cells____CCS_process_cooling_only
usemtl tower
f 10225 10227 10228 10226
f 10229 10230 10232 10231
f 10225 10226 10230 10229
f 10227 10231 10232 10228
f 10225 10229 10231 10227
f 10226 10228 10232 10230
g OPT_CCSU-002_CCS_tower_fan_stack
usemtl tower
f 10233 10234 10266 10265
f 10234 10235 10267 10266
f 10235 10236 10268 10267
f 10236 10237 10269 10268
f 10237 10238 10270 10269
f 10238 10239 10271 10270
f 10239 10240 10272 10271
f 10240 10241 10273 10272
f 10241 10242 10274 10273
f 10242 10243 10275 10274
f 10243 10244 10276 10275
f 10244 10245 10277 10276
f 10245 10246 10278 10277
f 10246 10247 10279 10278
f 10247 10248 10280 10279
f 10248 10249 10281 10280
f 10249 10250 10282 10281
f 10250 10251 10283 10282
f 10251 10252 10284 10283
f 10252 10253 10285 10284
f 10253 10254 10286 10285
f 10254 10255 10287 10286
f 10255 10256 10288 10287
f 10256 10257 10289 10288
f 10257 10258 10290 10289
f 10258 10259 10291 10290
f 10259 10260 10292 10291
f 10260 10261 10293 10292
f 10261 10262 10294 10293
f 10262 10263 10295 10294
f 10263 10264 10296 10295
f 10264 10233 10265 10296
f 10264 10263 10262 10261 10260 10259 10258 10257 10256 10255 10254 10253 10252 10251 10250 10249 10248 10247 10246 10245 10244 10243 10242 10241 10240 10239 10238 10237 10236 10235 10234 10233
f 10265 10266 10267 10268 10269 10270 10271 10272 10273 10274 10275 10276 10277 10278 10279 10280 10281 10282 10283 10284 10285 10286 10287 10288 10289 10290 10291 10292 10293 10294 10295 10296
g OPT_CCSU-003_CCS_tower_fan_stack
usemtl tower
f 10297 10298 10330 10329
f 10298 10299 10331 10330
f 10299 10300 10332 10331
f 10300 10301 10333 10332
f 10301 10302 10334 10333
f 10302 10303 10335 10334
f 10303 10304 10336 10335
f 10304 10305 10337 10336
f 10305 10306 10338 10337
f 10306 10307 10339 10338
f 10307 10308 10340 10339
f 10308 10309 10341 10340
f 10309 10310 10342 10341
f 10310 10311 10343 10342
f 10311 10312 10344 10343
f 10312 10313 10345 10344
f 10313 10314 10346 10345
f 10314 10315 10347 10346
f 10315 10316 10348 10347
f 10316 10317 10349 10348
f 10317 10318 10350 10349
f 10318 10319 10351 10350
f 10319 10320 10352 10351
f 10320 10321 10353 10352
f 10321 10322 10354 10353
f 10322 10323 10355 10354
f 10323 10324 10356 10355
f 10324 10325 10357 10356
f 10325 10326 10358 10357
f 10326 10327 10359 10358
f 10327 10328 10360 10359
f 10328 10297 10329 10360
f 10328 10327 10326 10325 10324 10323 10322 10321 10320 10319 10318 10317 10316 10315 10314 10313 10312 10311 10310 10309 10308 10307 10306 10305 10304 10303 10302 10301 10300 10299 10298 10297
f 10329 10330 10331 10332 10333 10334 10335 10336 10337 10338 10339 10340 10341 10342 10343 10344 10345 10346 10347 10348 10349 10350 10351 10352 10353 10354 10355 10356 10357 10358 10359 10360
g OPT_CCSU-004_CCS_tower_fan_stack
usemtl tower
f 10361 10362 10394 10393
f 10362 10363 10395 10394
f 10363 10364 10396 10395
f 10364 10365 10397 10396
f 10365 10366 10398 10397
f 10366 10367 10399 10398
f 10367 10368 10400 10399
f 10368 10369 10401 10400
f 10369 10370 10402 10401
f 10370 10371 10403 10402
f 10371 10372 10404 10403
f 10372 10373 10405 10404
f 10373 10374 10406 10405
f 10374 10375 10407 10406
f 10375 10376 10408 10407
f 10376 10377 10409 10408
f 10377 10378 10410 10409
f 10378 10379 10411 10410
f 10379 10380 10412 10411
f 10380 10381 10413 10412
f 10381 10382 10414 10413
f 10382 10383 10415 10414
f 10383 10384 10416 10415
f 10384 10385 10417 10416
f 10385 10386 10418 10417
f 10386 10387 10419 10418
f 10387 10388 10420 10419
f 10388 10389 10421 10420
f 10389 10390 10422 10421
f 10390 10391 10423 10422
f 10391 10392 10424 10423
f 10392 10361 10393 10424
f 10392 10391 10390 10389 10388 10387 10386 10385 10384 10383 10382 10381 10380 10379 10378 10377 10376 10375 10374 10373 10372 10371 10370 10369 10368 10367 10366 10365 10364 10363 10362 10361
f 10393 10394 10395 10396 10397 10398 10399 10400 10401 10402 10403 10404 10405 10406 10407 10408 10409 10410 10411 10412 10413 10414 10415 10416 10417 10418 10419 10420 10421 10422 10423 10424
g OPT_CCSU-005_CCS_tower_fan_stack
usemtl tower
f 10425 10426 10458 10457
f 10426 10427 10459 10458
f 10427 10428 10460 10459
f 10428 10429 10461 10460
f 10429 10430 10462 10461
f 10430 10431 10463 10462
f 10431 10432 10464 10463
f 10432 10433 10465 10464
f 10433 10434 10466 10465
f 10434 10435 10467 10466
f 10435 10436 10468 10467
f 10436 10437 10469 10468
f 10437 10438 10470 10469
f 10438 10439 10471 10470
f 10439 10440 10472 10471
f 10440 10441 10473 10472
f 10441 10442 10474 10473
f 10442 10443 10475 10474
f 10443 10444 10476 10475
f 10444 10445 10477 10476
f 10445 10446 10478 10477
f 10446 10447 10479 10478
f 10447 10448 10480 10479
f 10448 10449 10481 10480
f 10449 10450 10482 10481
f 10450 10451 10483 10482
f 10451 10452 10484 10483
f 10452 10453 10485 10484
f 10453 10454 10486 10485
f 10454 10455 10487 10486
f 10455 10456 10488 10487
f 10456 10425 10457 10488
f 10456 10455 10454 10453 10452 10451 10450 10449 10448 10447 10446 10445 10444 10443 10442 10441 10440 10439 10438 10437 10436 10435 10434 10433 10432 10431 10430 10429 10428 10427 10426 10425
f 10457 10458 10459 10460 10461 10462 10463 10464 10465 10466 10467 10468 10469 10470 10471 10472 10473 10474 10475 10476 10477 10478 10479 10480 10481 10482 10483 10484 10485 10486 10487 10488
g OPT_CCSU-006_CCS_tower_fan_stack
usemtl tower
f 10489 10490 10522 10521
f 10490 10491 10523 10522
f 10491 10492 10524 10523
f 10492 10493 10525 10524
f 10493 10494 10526 10525
f 10494 10495 10527 10526
f 10495 10496 10528 10527
f 10496 10497 10529 10528
f 10497 10498 10530 10529
f 10498 10499 10531 10530
f 10499 10500 10532 10531
f 10500 10501 10533 10532
f 10501 10502 10534 10533
f 10502 10503 10535 10534
f 10503 10504 10536 10535
f 10504 10505 10537 10536
f 10505 10506 10538 10537
f 10506 10507 10539 10538
f 10507 10508 10540 10539
f 10508 10509 10541 10540
f 10509 10510 10542 10541
f 10510 10511 10543 10542
f 10511 10512 10544 10543
f 10512 10513 10545 10544
f 10513 10514 10546 10545
f 10514 10515 10547 10546
f 10515 10516 10548 10547
f 10516 10517 10549 10548
f 10517 10518 10550 10549
f 10518 10519 10551 10550
f 10519 10520 10552 10551
f 10520 10489 10521 10552
f 10520 10519 10518 10517 10516 10515 10514 10513 10512 10511 10510 10509 10508 10507 10506 10505 10504 10503 10502 10501 10500 10499 10498 10497 10496 10495 10494 10493 10492 10491 10490 10489
f 10521 10522 10523 10524 10525 10526 10527 10528 10529 10530 10531 10532 10533 10534 10535 10536 10537 10538 10539 10540 10541 10542 10543 10544 10545 10546 10547 10548 10549 10550 10551 10552
g OPT_CCSU-007_CCS_tower_fan_stack
usemtl tower
f 10553 10554 10586 10585
f 10554 10555 10587 10586
f 10555 10556 10588 10587
f 10556 10557 10589 10588
f 10557 10558 10590 10589
f 10558 10559 10591 10590
f 10559 10560 10592 10591
f 10560 10561 10593 10592
f 10561 10562 10594 10593
f 10562 10563 10595 10594
f 10563 10564 10596 10595
f 10564 10565 10597 10596
f 10565 10566 10598 10597
f 10566 10567 10599 10598
f 10567 10568 10600 10599
f 10568 10569 10601 10600
f 10569 10570 10602 10601
f 10570 10571 10603 10602
f 10571 10572 10604 10603
f 10572 10573 10605 10604
f 10573 10574 10606 10605
f 10574 10575 10607 10606
f 10575 10576 10608 10607
f 10576 10577 10609 10608
f 10577 10578 10610 10609
f 10578 10579 10611 10610
f 10579 10580 10612 10611
f 10580 10581 10613 10612
f 10581 10582 10614 10613
f 10582 10583 10615 10614
f 10583 10584 10616 10615
f 10584 10553 10585 10616
f 10584 10583 10582 10581 10580 10579 10578 10577 10576 10575 10574 10573 10572 10571 10570 10569 10568 10567 10566 10565 10564 10563 10562 10561 10560 10559 10558 10557 10556 10555 10554 10553
f 10585 10586 10587 10588 10589 10590 10591 10592 10593 10594 10595 10596 10597 10598 10599 10600 10601 10602 10603 10604 10605 10606 10607 10608 10609 10610 10611 10612 10613 10614 10615 10616
g OPT_CCSU-008_CCS_tower_fan_stack
usemtl tower
f 10617 10618 10650 10649
f 10618 10619 10651 10650
f 10619 10620 10652 10651
f 10620 10621 10653 10652
f 10621 10622 10654 10653
f 10622 10623 10655 10654
f 10623 10624 10656 10655
f 10624 10625 10657 10656
f 10625 10626 10658 10657
f 10626 10627 10659 10658
f 10627 10628 10660 10659
f 10628 10629 10661 10660
f 10629 10630 10662 10661
f 10630 10631 10663 10662
f 10631 10632 10664 10663
f 10632 10633 10665 10664
f 10633 10634 10666 10665
f 10634 10635 10667 10666
f 10635 10636 10668 10667
f 10636 10637 10669 10668
f 10637 10638 10670 10669
f 10638 10639 10671 10670
f 10639 10640 10672 10671
f 10640 10641 10673 10672
f 10641 10642 10674 10673
f 10642 10643 10675 10674
f 10643 10644 10676 10675
f 10644 10645 10677 10676
f 10645 10646 10678 10677
f 10646 10647 10679 10678
f 10647 10648 10680 10679
f 10648 10617 10649 10680
f 10648 10647 10646 10645 10644 10643 10642 10641 10640 10639 10638 10637 10636 10635 10634 10633 10632 10631 10630 10629 10628 10627 10626 10625 10624 10623 10622 10621 10620 10619 10618 10617
f 10649 10650 10651 10652 10653 10654 10655 10656 10657 10658 10659 10660 10661 10662 10663 10664 10665 10666 10667 10668 10669 10670 10671 10672 10673 10674 10675 10676 10677 10678 10679 10680
g OPT_CCSU-009_CCS_tower_fan_stack
usemtl tower
f 10681 10682 10714 10713
f 10682 10683 10715 10714
f 10683 10684 10716 10715
f 10684 10685 10717 10716
f 10685 10686 10718 10717
f 10686 10687 10719 10718
f 10687 10688 10720 10719
f 10688 10689 10721 10720
f 10689 10690 10722 10721
f 10690 10691 10723 10722
f 10691 10692 10724 10723
f 10692 10693 10725 10724
f 10693 10694 10726 10725
f 10694 10695 10727 10726
f 10695 10696 10728 10727
f 10696 10697 10729 10728
f 10697 10698 10730 10729
f 10698 10699 10731 10730
f 10699 10700 10732 10731
f 10700 10701 10733 10732
f 10701 10702 10734 10733
f 10702 10703 10735 10734
f 10703 10704 10736 10735
f 10704 10705 10737 10736
f 10705 10706 10738 10737
f 10706 10707 10739 10738
f 10707 10708 10740 10739
f 10708 10709 10741 10740
f 10709 10710 10742 10741
f 10710 10711 10743 10742
f 10711 10712 10744 10743
f 10712 10681 10713 10744
f 10712 10711 10710 10709 10708 10707 10706 10705 10704 10703 10702 10701 10700 10699 10698 10697 10696 10695 10694 10693 10692 10691 10690 10689 10688 10687 10686 10685 10684 10683 10682 10681
f 10713 10714 10715 10716 10717 10718 10719 10720 10721 10722 10723 10724 10725 10726 10727 10728 10729 10730 10731 10732 10733 10734 10735 10736 10737 10738 10739 10740 10741 10742 10743 10744
g OPT_CCSU-010_CCS_tower_fan_stack
usemtl tower
f 10745 10746 10778 10777
f 10746 10747 10779 10778
f 10747 10748 10780 10779
f 10748 10749 10781 10780
f 10749 10750 10782 10781
f 10750 10751 10783 10782
f 10751 10752 10784 10783
f 10752 10753 10785 10784
f 10753 10754 10786 10785
f 10754 10755 10787 10786
f 10755 10756 10788 10787
f 10756 10757 10789 10788
f 10757 10758 10790 10789
f 10758 10759 10791 10790
f 10759 10760 10792 10791
f 10760 10761 10793 10792
f 10761 10762 10794 10793
f 10762 10763 10795 10794
f 10763 10764 10796 10795
f 10764 10765 10797 10796
f 10765 10766 10798 10797
f 10766 10767 10799 10798
f 10767 10768 10800 10799
f 10768 10769 10801 10800
f 10769 10770 10802 10801
f 10770 10771 10803 10802
f 10771 10772 10804 10803
f 10772 10773 10805 10804
f 10773 10774 10806 10805
f 10774 10775 10807 10806
f 10775 10776 10808 10807
f 10776 10745 10777 10808
f 10776 10775 10774 10773 10772 10771 10770 10769 10768 10767 10766 10765 10764 10763 10762 10761 10760 10759 10758 10757 10756 10755 10754 10753 10752 10751 10750 10749 10748 10747 10746 10745
f 10777 10778 10779 10780 10781 10782 10783 10784 10785 10786 10787 10788 10789 10790 10791 10792 10793 10794 10795 10796 10797 10798 10799 10800 10801 10802 10803 10804 10805 10806 10807 10808
g OPT_CCSU-011_CCS_tower_fan_stack
usemtl tower
f 10809 10810 10842 10841
f 10810 10811 10843 10842
f 10811 10812 10844 10843
f 10812 10813 10845 10844
f 10813 10814 10846 10845
f 10814 10815 10847 10846
f 10815 10816 10848 10847
f 10816 10817 10849 10848
f 10817 10818 10850 10849
f 10818 10819 10851 10850
f 10819 10820 10852 10851
f 10820 10821 10853 10852
f 10821 10822 10854 10853
f 10822 10823 10855 10854
f 10823 10824 10856 10855
f 10824 10825 10857 10856
f 10825 10826 10858 10857
f 10826 10827 10859 10858
f 10827 10828 10860 10859
f 10828 10829 10861 10860
f 10829 10830 10862 10861
f 10830 10831 10863 10862
f 10831 10832 10864 10863
f 10832 10833 10865 10864
f 10833 10834 10866 10865
f 10834 10835 10867 10866
f 10835 10836 10868 10867
f 10836 10837 10869 10868
f 10837 10838 10870 10869
f 10838 10839 10871 10870
f 10839 10840 10872 10871
f 10840 10809 10841 10872
f 10840 10839 10838 10837 10836 10835 10834 10833 10832 10831 10830 10829 10828 10827 10826 10825 10824 10823 10822 10821 10820 10819 10818 10817 10816 10815 10814 10813 10812 10811 10810 10809
f 10841 10842 10843 10844 10845 10846 10847 10848 10849 10850 10851 10852 10853 10854 10855 10856 10857 10858 10859 10860 10861 10862 10863 10864 10865 10866 10867 10868 10869 10870 10871 10872
g OPT_CCSU-012_CCS_tower_fan_stack
usemtl tower
f 10873 10874 10906 10905
f 10874 10875 10907 10906
f 10875 10876 10908 10907
f 10876 10877 10909 10908
f 10877 10878 10910 10909
f 10878 10879 10911 10910
f 10879 10880 10912 10911
f 10880 10881 10913 10912
f 10881 10882 10914 10913
f 10882 10883 10915 10914
f 10883 10884 10916 10915
f 10884 10885 10917 10916
f 10885 10886 10918 10917
f 10886 10887 10919 10918
f 10887 10888 10920 10919
f 10888 10889 10921 10920
f 10889 10890 10922 10921
f 10890 10891 10923 10922
f 10891 10892 10924 10923
f 10892 10893 10925 10924
f 10893 10894 10926 10925
f 10894 10895 10927 10926
f 10895 10896 10928 10927
f 10896 10897 10929 10928
f 10897 10898 10930 10929
f 10898 10899 10931 10930
f 10899 10900 10932 10931
f 10900 10901 10933 10932
f 10901 10902 10934 10933
f 10902 10903 10935 10934
f 10903 10904 10936 10935
f 10904 10873 10905 10936
f 10904 10903 10902 10901 10900 10899 10898 10897 10896 10895 10894 10893 10892 10891 10890 10889 10888 10887 10886 10885 10884 10883 10882 10881 10880 10879 10878 10877 10876 10875 10874 10873
f 10905 10906 10907 10908 10909 10910 10911 10912 10913 10914 10915 10916 10917 10918 10919 10920 10921 10922 10923 10924 10925 10926 10927 10928 10929 10930 10931 10932 10933 10934 10935 10936
g OPT_CCSU-013_CCS_tower_fan_stack
usemtl tower
f 10937 10938 10970 10969
f 10938 10939 10971 10970
f 10939 10940 10972 10971
f 10940 10941 10973 10972
f 10941 10942 10974 10973
f 10942 10943 10975 10974
f 10943 10944 10976 10975
f 10944 10945 10977 10976
f 10945 10946 10978 10977
f 10946 10947 10979 10978
f 10947 10948 10980 10979
f 10948 10949 10981 10980
f 10949 10950 10982 10981
f 10950 10951 10983 10982
f 10951 10952 10984 10983
f 10952 10953 10985 10984
f 10953 10954 10986 10985
f 10954 10955 10987 10986
f 10955 10956 10988 10987
f 10956 10957 10989 10988
f 10957 10958 10990 10989
f 10958 10959 10991 10990
f 10959 10960 10992 10991
f 10960 10961 10993 10992
f 10961 10962 10994 10993
f 10962 10963 10995 10994
f 10963 10964 10996 10995
f 10964 10965 10997 10996
f 10965 10966 10998 10997
f 10966 10967 10999 10998
f 10967 10968 11000 10999
f 10968 10937 10969 11000
f 10968 10967 10966 10965 10964 10963 10962 10961 10960 10959 10958 10957 10956 10955 10954 10953 10952 10951 10950 10949 10948 10947 10946 10945 10944 10943 10942 10941 10940 10939 10938 10937
f 10969 10970 10971 10972 10973 10974 10975 10976 10977 10978 10979 10980 10981 10982 10983 10984 10985 10986 10987 10988 10989 10990 10991 10992 10993 10994 10995 10996 10997 10998 10999 11000
g OPT_CCSU-014_CCS_tower_fan_stack
usemtl tower
f 11001 11002 11034 11033
f 11002 11003 11035 11034
f 11003 11004 11036 11035
f 11004 11005 11037 11036
f 11005 11006 11038 11037
f 11006 11007 11039 11038
f 11007 11008 11040 11039
f 11008 11009 11041 11040
f 11009 11010 11042 11041
f 11010 11011 11043 11042
f 11011 11012 11044 11043
f 11012 11013 11045 11044
f 11013 11014 11046 11045
f 11014 11015 11047 11046
f 11015 11016 11048 11047
f 11016 11017 11049 11048
f 11017 11018 11050 11049
f 11018 11019 11051 11050
f 11019 11020 11052 11051
f 11020 11021 11053 11052
f 11021 11022 11054 11053
f 11022 11023 11055 11054
f 11023 11024 11056 11055
f 11024 11025 11057 11056
f 11025 11026 11058 11057
f 11026 11027 11059 11058
f 11027 11028 11060 11059
f 11028 11029 11061 11060
f 11029 11030 11062 11061
f 11030 11031 11063 11062
f 11031 11032 11064 11063
f 11032 11001 11033 11064
f 11032 11031 11030 11029 11028 11027 11026 11025 11024 11023 11022 11021 11020 11019 11018 11017 11016 11015 11014 11013 11012 11011 11010 11009 11008 11007 11006 11005 11004 11003 11002 11001
f 11033 11034 11035 11036 11037 11038 11039 11040 11041 11042 11043 11044 11045 11046 11047 11048 11049 11050 11051 11052 11053 11054 11055 11056 11057 11058 11059 11060 11061 11062 11063 11064
g OPT_CCSU-015_CCS_tower_fan_stack
usemtl tower
f 11065 11066 11098 11097
f 11066 11067 11099 11098
f 11067 11068 11100 11099
f 11068 11069 11101 11100
f 11069 11070 11102 11101
f 11070 11071 11103 11102
f 11071 11072 11104 11103
f 11072 11073 11105 11104
f 11073 11074 11106 11105
f 11074 11075 11107 11106
f 11075 11076 11108 11107
f 11076 11077 11109 11108
f 11077 11078 11110 11109
f 11078 11079 11111 11110
f 11079 11080 11112 11111
f 11080 11081 11113 11112
f 11081 11082 11114 11113
f 11082 11083 11115 11114
f 11083 11084 11116 11115
f 11084 11085 11117 11116
f 11085 11086 11118 11117
f 11086 11087 11119 11118
f 11087 11088 11120 11119
f 11088 11089 11121 11120
f 11089 11090 11122 11121
f 11090 11091 11123 11122
f 11091 11092 11124 11123
f 11092 11093 11125 11124
f 11093 11094 11126 11125
f 11094 11095 11127 11126
f 11095 11096 11128 11127
f 11096 11065 11097 11128
f 11096 11095 11094 11093 11092 11091 11090 11089 11088 11087 11086 11085 11084 11083 11082 11081 11080 11079 11078 11077 11076 11075 11074 11073 11072 11071 11070 11069 11068 11067 11066 11065
f 11097 11098 11099 11100 11101 11102 11103 11104 11105 11106 11107 11108 11109 11110 11111 11112 11113 11114 11115 11116 11117 11118 11119 11120 11121 11122 11123 11124 11125 11126 11127 11128
g OPT_CCSU-016_CCS_tower_fan_stack
usemtl tower
f 11129 11130 11162 11161
f 11130 11131 11163 11162
f 11131 11132 11164 11163
f 11132 11133 11165 11164
f 11133 11134 11166 11165
f 11134 11135 11167 11166
f 11135 11136 11168 11167
f 11136 11137 11169 11168
f 11137 11138 11170 11169
f 11138 11139 11171 11170
f 11139 11140 11172 11171
f 11140 11141 11173 11172
f 11141 11142 11174 11173
f 11142 11143 11175 11174
f 11143 11144 11176 11175
f 11144 11145 11177 11176
f 11145 11146 11178 11177
f 11146 11147 11179 11178
f 11147 11148 11180 11179
f 11148 11149 11181 11180
f 11149 11150 11182 11181
f 11150 11151 11183 11182
f 11151 11152 11184 11183
f 11152 11153 11185 11184
f 11153 11154 11186 11185
f 11154 11155 11187 11186
f 11155 11156 11188 11187
f 11156 11157 11189 11188
f 11157 11158 11190 11189
f 11158 11159 11191 11190
f 11159 11160 11192 11191
f 11160 11129 11161 11192
f 11160 11159 11158 11157 11156 11155 11154 11153 11152 11151 11150 11149 11148 11147 11146 11145 11144 11143 11142 11141 11140 11139 11138 11137 11136 11135 11134 11133 11132 11131 11130 11129
f 11161 11162 11163 11164 11165 11166 11167 11168 11169 11170 11171 11172 11173 11174 11175 11176 11177 11178 11179 11180 11181 11182 11183 11184 11185 11186 11187 11188 11189 11190 11191 11192
g OPT_CCSU-017_CCS_tower_fan_stack
usemtl tower
f 11193 11194 11226 11225
f 11194 11195 11227 11226
f 11195 11196 11228 11227
f 11196 11197 11229 11228
f 11197 11198 11230 11229
f 11198 11199 11231 11230
f 11199 11200 11232 11231
f 11200 11201 11233 11232
f 11201 11202 11234 11233
f 11202 11203 11235 11234
f 11203 11204 11236 11235
f 11204 11205 11237 11236
f 11205 11206 11238 11237
f 11206 11207 11239 11238
f 11207 11208 11240 11239
f 11208 11209 11241 11240
f 11209 11210 11242 11241
f 11210 11211 11243 11242
f 11211 11212 11244 11243
f 11212 11213 11245 11244
f 11213 11214 11246 11245
f 11214 11215 11247 11246
f 11215 11216 11248 11247
f 11216 11217 11249 11248
f 11217 11218 11250 11249
f 11218 11219 11251 11250
f 11219 11220 11252 11251
f 11220 11221 11253 11252
f 11221 11222 11254 11253
f 11222 11223 11255 11254
f 11223 11224 11256 11255
f 11224 11193 11225 11256
f 11224 11223 11222 11221 11220 11219 11218 11217 11216 11215 11214 11213 11212 11211 11210 11209 11208 11207 11206 11205 11204 11203 11202 11201 11200 11199 11198 11197 11196 11195 11194 11193
f 11225 11226 11227 11228 11229 11230 11231 11232 11233 11234 11235 11236 11237 11238 11239 11240 11241 11242 11243 11244 11245 11246 11247 11248 11249 11250 11251 11252 11253 11254 11255 11256
g OPT_CCSU-018_CCS_tower_fan_stack
usemtl tower
f 11257 11258 11290 11289
f 11258 11259 11291 11290
f 11259 11260 11292 11291
f 11260 11261 11293 11292
f 11261 11262 11294 11293
f 11262 11263 11295 11294
f 11263 11264 11296 11295
f 11264 11265 11297 11296
f 11265 11266 11298 11297
f 11266 11267 11299 11298
f 11267 11268 11300 11299
f 11268 11269 11301 11300
f 11269 11270 11302 11301
f 11270 11271 11303 11302
f 11271 11272 11304 11303
f 11272 11273 11305 11304
f 11273 11274 11306 11305
f 11274 11275 11307 11306
f 11275 11276 11308 11307
f 11276 11277 11309 11308
f 11277 11278 11310 11309
f 11278 11279 11311 11310
f 11279 11280 11312 11311
f 11280 11281 11313 11312
f 11281 11282 11314 11313
f 11282 11283 11315 11314
f 11283 11284 11316 11315
f 11284 11285 11317 11316
f 11285 11286 11318 11317
f 11286 11287 11319 11318
f 11287 11288 11320 11319
f 11288 11257 11289 11320
f 11288 11287 11286 11285 11284 11283 11282 11281 11280 11279 11278 11277 11276 11275 11274 11273 11272 11271 11270 11269 11268 11267 11266 11265 11264 11263 11262 11261 11260 11259 11258 11257
f 11289 11290 11291 11292 11293 11294 11295 11296 11297 11298 11299 11300 11301 11302 11303 11304 11305 11306 11307 11308 11309 11310 11311 11312 11313 11314 11315 11316 11317 11318 11319 11320
g OPT_CCSU-019_CCS_tower_fan_stack
usemtl tower
f 11321 11322 11354 11353
f 11322 11323 11355 11354
f 11323 11324 11356 11355
f 11324 11325 11357 11356
f 11325 11326 11358 11357
f 11326 11327 11359 11358
f 11327 11328 11360 11359
f 11328 11329 11361 11360
f 11329 11330 11362 11361
f 11330 11331 11363 11362
f 11331 11332 11364 11363
f 11332 11333 11365 11364
f 11333 11334 11366 11365
f 11334 11335 11367 11366
f 11335 11336 11368 11367
f 11336 11337 11369 11368
f 11337 11338 11370 11369
f 11338 11339 11371 11370
f 11339 11340 11372 11371
f 11340 11341 11373 11372
f 11341 11342 11374 11373
f 11342 11343 11375 11374
f 11343 11344 11376 11375
f 11344 11345 11377 11376
f 11345 11346 11378 11377
f 11346 11347 11379 11378
f 11347 11348 11380 11379
f 11348 11349 11381 11380
f 11349 11350 11382 11381
f 11350 11351 11383 11382
f 11351 11352 11384 11383
f 11352 11321 11353 11384
f 11352 11351 11350 11349 11348 11347 11346 11345 11344 11343 11342 11341 11340 11339 11338 11337 11336 11335 11334 11333 11332 11331 11330 11329 11328 11327 11326 11325 11324 11323 11322 11321
f 11353 11354 11355 11356 11357 11358 11359 11360 11361 11362 11363 11364 11365 11366 11367 11368 11369 11370 11371 11372 11373 11374 11375 11376 11377 11378 11379 11380 11381 11382 11383 11384
g OPT_CCSU-020_CCS_tower_fan_stack
usemtl tower
f 11385 11386 11418 11417
f 11386 11387 11419 11418
f 11387 11388 11420 11419
f 11388 11389 11421 11420
f 11389 11390 11422 11421
f 11390 11391 11423 11422
f 11391 11392 11424 11423
f 11392 11393 11425 11424
f 11393 11394 11426 11425
f 11394 11395 11427 11426
f 11395 11396 11428 11427
f 11396 11397 11429 11428
f 11397 11398 11430 11429
f 11398 11399 11431 11430
f 11399 11400 11432 11431
f 11400 11401 11433 11432
f 11401 11402 11434 11433
f 11402 11403 11435 11434
f 11403 11404 11436 11435
f 11404 11405 11437 11436
f 11405 11406 11438 11437
f 11406 11407 11439 11438
f 11407 11408 11440 11439
f 11408 11409 11441 11440
f 11409 11410 11442 11441
f 11410 11411 11443 11442
f 11411 11412 11444 11443
f 11412 11413 11445 11444
f 11413 11414 11446 11445
f 11414 11415 11447 11446
f 11415 11416 11448 11447
f 11416 11385 11417 11448
f 11416 11415 11414 11413 11412 11411 11410 11409 11408 11407 11406 11405 11404 11403 11402 11401 11400 11399 11398 11397 11396 11395 11394 11393 11392 11391 11390 11389 11388 11387 11386 11385
f 11417 11418 11419 11420 11421 11422 11423 11424 11425 11426 11427 11428 11429 11430 11431 11432 11433 11434 11435 11436 11437 11438 11439 11440 11441 11442 11443 11444 11445 11446 11447 11448
g OPT_CCSU-021_CCS_tower_fan_stack
usemtl tower
f 11449 11450 11482 11481
f 11450 11451 11483 11482
f 11451 11452 11484 11483
f 11452 11453 11485 11484
f 11453 11454 11486 11485
f 11454 11455 11487 11486
f 11455 11456 11488 11487
f 11456 11457 11489 11488
f 11457 11458 11490 11489
f 11458 11459 11491 11490
f 11459 11460 11492 11491
f 11460 11461 11493 11492
f 11461 11462 11494 11493
f 11462 11463 11495 11494
f 11463 11464 11496 11495
f 11464 11465 11497 11496
f 11465 11466 11498 11497
f 11466 11467 11499 11498
f 11467 11468 11500 11499
f 11468 11469 11501 11500
f 11469 11470 11502 11501
f 11470 11471 11503 11502
f 11471 11472 11504 11503
f 11472 11473 11505 11504
f 11473 11474 11506 11505
f 11474 11475 11507 11506
f 11475 11476 11508 11507
f 11476 11477 11509 11508
f 11477 11478 11510 11509
f 11478 11479 11511 11510
f 11479 11480 11512 11511
f 11480 11449 11481 11512
f 11480 11479 11478 11477 11476 11475 11474 11473 11472 11471 11470 11469 11468 11467 11466 11465 11464 11463 11462 11461 11460 11459 11458 11457 11456 11455 11454 11453 11452 11451 11450 11449
f 11481 11482 11483 11484 11485 11486 11487 11488 11489 11490 11491 11492 11493 11494 11495 11496 11497 11498 11499 11500 11501 11502 11503 11504 11505 11506 11507 11508 11509 11510 11511 11512
g OPT_CCSU-022_CCS_tower_fan_stack
usemtl tower
f 11513 11514 11546 11545
f 11514 11515 11547 11546
f 11515 11516 11548 11547
f 11516 11517 11549 11548
f 11517 11518 11550 11549
f 11518 11519 11551 11550
f 11519 11520 11552 11551
f 11520 11521 11553 11552
f 11521 11522 11554 11553
f 11522 11523 11555 11554
f 11523 11524 11556 11555
f 11524 11525 11557 11556
f 11525 11526 11558 11557
f 11526 11527 11559 11558
f 11527 11528 11560 11559
f 11528 11529 11561 11560
f 11529 11530 11562 11561
f 11530 11531 11563 11562
f 11531 11532 11564 11563
f 11532 11533 11565 11564
f 11533 11534 11566 11565
f 11534 11535 11567 11566
f 11535 11536 11568 11567
f 11536 11537 11569 11568
f 11537 11538 11570 11569
f 11538 11539 11571 11570
f 11539 11540 11572 11571
f 11540 11541 11573 11572
f 11541 11542 11574 11573
f 11542 11543 11575 11574
f 11543 11544 11576 11575
f 11544 11513 11545 11576
f 11544 11543 11542 11541 11540 11539 11538 11537 11536 11535 11534 11533 11532 11531 11530 11529 11528 11527 11526 11525 11524 11523 11522 11521 11520 11519 11518 11517 11516 11515 11514 11513
f 11545 11546 11547 11548 11549 11550 11551 11552 11553 11554 11555 11556 11557 11558 11559 11560 11561 11562 11563 11564 11565 11566 11567 11568 11569 11570 11571 11572 11573 11574 11575 11576
g OPT_CCSU-023_CCS_tower_fan_stack
usemtl tower
f 11577 11578 11610 11609
f 11578 11579 11611 11610
f 11579 11580 11612 11611
f 11580 11581 11613 11612
f 11581 11582 11614 11613
f 11582 11583 11615 11614
f 11583 11584 11616 11615
f 11584 11585 11617 11616
f 11585 11586 11618 11617
f 11586 11587 11619 11618
f 11587 11588 11620 11619
f 11588 11589 11621 11620
f 11589 11590 11622 11621
f 11590 11591 11623 11622
f 11591 11592 11624 11623
f 11592 11593 11625 11624
f 11593 11594 11626 11625
f 11594 11595 11627 11626
f 11595 11596 11628 11627
f 11596 11597 11629 11628
f 11597 11598 11630 11629
f 11598 11599 11631 11630
f 11599 11600 11632 11631
f 11600 11601 11633 11632
f 11601 11602 11634 11633
f 11602 11603 11635 11634
f 11603 11604 11636 11635
f 11604 11605 11637 11636
f 11605 11606 11638 11637
f 11606 11607 11639 11638
f 11607 11608 11640 11639
f 11608 11577 11609 11640
f 11608 11607 11606 11605 11604 11603 11602 11601 11600 11599 11598 11597 11596 11595 11594 11593 11592 11591 11590 11589 11588 11587 11586 11585 11584 11583 11582 11581 11580 11579 11578 11577
f 11609 11610 11611 11612 11613 11614 11615 11616 11617 11618 11619 11620 11621 11622 11623 11624 11625 11626 11627 11628 11629 11630 11631 11632 11633 11634 11635 11636 11637 11638 11639 11640
g OPT_CCSU-024_CCS_tower_fan_stack
usemtl tower
f 11641 11642 11674 11673
f 11642 11643 11675 11674
f 11643 11644 11676 11675
f 11644 11645 11677 11676
f 11645 11646 11678 11677
f 11646 11647 11679 11678
f 11647 11648 11680 11679
f 11648 11649 11681 11680
f 11649 11650 11682 11681
f 11650 11651 11683 11682
f 11651 11652 11684 11683
f 11652 11653 11685 11684
f 11653 11654 11686 11685
f 11654 11655 11687 11686
f 11655 11656 11688 11687
f 11656 11657 11689 11688
f 11657 11658 11690 11689
f 11658 11659 11691 11690
f 11659 11660 11692 11691
f 11660 11661 11693 11692
f 11661 11662 11694 11693
f 11662 11663 11695 11694
f 11663 11664 11696 11695
f 11664 11665 11697 11696
f 11665 11666 11698 11697
f 11666 11667 11699 11698
f 11667 11668 11700 11699
f 11668 11669 11701 11700
f 11669 11670 11702 11701
f 11670 11671 11703 11702
f 11671 11672 11704 11703
f 11672 11641 11673 11704
f 11672 11671 11670 11669 11668 11667 11666 11665 11664 11663 11662 11661 11660 11659 11658 11657 11656 11655 11654 11653 11652 11651 11650 11649 11648 11647 11646 11645 11644 11643 11642 11641
f 11673 11674 11675 11676 11677 11678 11679 11680 11681 11682 11683 11684 11685 11686 11687 11688 11689 11690 11691 11692 11693 11694 11695 11696 11697 11698 11699 11700 11701 11702 11703 11704
g OPT_CCSU-025_CCS_tower_fan_stack
usemtl tower
f 11705 11706 11738 11737
f 11706 11707 11739 11738
f 11707 11708 11740 11739
f 11708 11709 11741 11740
f 11709 11710 11742 11741
f 11710 11711 11743 11742
f 11711 11712 11744 11743
f 11712 11713 11745 11744
f 11713 11714 11746 11745
f 11714 11715 11747 11746
f 11715 11716 11748 11747
f 11716 11717 11749 11748
f 11717 11718 11750 11749
f 11718 11719 11751 11750
f 11719 11720 11752 11751
f 11720 11721 11753 11752
f 11721 11722 11754 11753
f 11722 11723 11755 11754
f 11723 11724 11756 11755
f 11724 11725 11757 11756
f 11725 11726 11758 11757
f 11726 11727 11759 11758
f 11727 11728 11760 11759
f 11728 11729 11761 11760
f 11729 11730 11762 11761
f 11730 11731 11763 11762
f 11731 11732 11764 11763
f 11732 11733 11765 11764
f 11733 11734 11766 11765
f 11734 11735 11767 11766
f 11735 11736 11768 11767
f 11736 11705 11737 11768
f 11736 11735 11734 11733 11732 11731 11730 11729 11728 11727 11726 11725 11724 11723 11722 11721 11720 11719 11718 11717 11716 11715 11714 11713 11712 11711 11710 11709 11708 11707 11706 11705
f 11737 11738 11739 11740 11741 11742 11743 11744 11745 11746 11747 11748 11749 11750 11751 11752 11753 11754 11755 11756 11757 11758 11759 11760 11761 11762 11763 11764 11765 11766 11767 11768
g OPT_CCSU-026_CCS_tower_fan_stack
usemtl tower
f 11769 11770 11802 11801
f 11770 11771 11803 11802
f 11771 11772 11804 11803
f 11772 11773 11805 11804
f 11773 11774 11806 11805
f 11774 11775 11807 11806
f 11775 11776 11808 11807
f 11776 11777 11809 11808
f 11777 11778 11810 11809
f 11778 11779 11811 11810
f 11779 11780 11812 11811
f 11780 11781 11813 11812
f 11781 11782 11814 11813
f 11782 11783 11815 11814
f 11783 11784 11816 11815
f 11784 11785 11817 11816
f 11785 11786 11818 11817
f 11786 11787 11819 11818
f 11787 11788 11820 11819
f 11788 11789 11821 11820
f 11789 11790 11822 11821
f 11790 11791 11823 11822
f 11791 11792 11824 11823
f 11792 11793 11825 11824
f 11793 11794 11826 11825
f 11794 11795 11827 11826
f 11795 11796 11828 11827
f 11796 11797 11829 11828
f 11797 11798 11830 11829
f 11798 11799 11831 11830
f 11799 11800 11832 11831
f 11800 11769 11801 11832
f 11800 11799 11798 11797 11796 11795 11794 11793 11792 11791 11790 11789 11788 11787 11786 11785 11784 11783 11782 11781 11780 11779 11778 11777 11776 11775 11774 11773 11772 11771 11770 11769
f 11801 11802 11803 11804 11805 11806 11807 11808 11809 11810 11811 11812 11813 11814 11815 11816 11817 11818 11819 11820 11821 11822 11823 11824 11825 11826 11827 11828 11829 11830 11831 11832
g OPT_CCSU-027_CCS_tower_fan_stack
usemtl tower
f 11833 11834 11866 11865
f 11834 11835 11867 11866
f 11835 11836 11868 11867
f 11836 11837 11869 11868
f 11837 11838 11870 11869
f 11838 11839 11871 11870
f 11839 11840 11872 11871
f 11840 11841 11873 11872
f 11841 11842 11874 11873
f 11842 11843 11875 11874
f 11843 11844 11876 11875
f 11844 11845 11877 11876
f 11845 11846 11878 11877
f 11846 11847 11879 11878
f 11847 11848 11880 11879
f 11848 11849 11881 11880
f 11849 11850 11882 11881
f 11850 11851 11883 11882
f 11851 11852 11884 11883
f 11852 11853 11885 11884
f 11853 11854 11886 11885
f 11854 11855 11887 11886
f 11855 11856 11888 11887
f 11856 11857 11889 11888
f 11857 11858 11890 11889
f 11858 11859 11891 11890
f 11859 11860 11892 11891
f 11860 11861 11893 11892
f 11861 11862 11894 11893
f 11862 11863 11895 11894
f 11863 11864 11896 11895
f 11864 11833 11865 11896
f 11864 11863 11862 11861 11860 11859 11858 11857 11856 11855 11854 11853 11852 11851 11850 11849 11848 11847 11846 11845 11844 11843 11842 11841 11840 11839 11838 11837 11836 11835 11834 11833
f 11865 11866 11867 11868 11869 11870 11871 11872 11873 11874 11875 11876 11877 11878 11879 11880 11881 11882 11883 11884 11885 11886 11887 11888 11889 11890 11891 11892 11893 11894 11895 11896
g OPT_CCSU-028_CCS_tower_fan_stack
usemtl tower
f 11897 11898 11930 11929
f 11898 11899 11931 11930
f 11899 11900 11932 11931
f 11900 11901 11933 11932
f 11901 11902 11934 11933
f 11902 11903 11935 11934
f 11903 11904 11936 11935
f 11904 11905 11937 11936
f 11905 11906 11938 11937
f 11906 11907 11939 11938
f 11907 11908 11940 11939
f 11908 11909 11941 11940
f 11909 11910 11942 11941
f 11910 11911 11943 11942
f 11911 11912 11944 11943
f 11912 11913 11945 11944
f 11913 11914 11946 11945
f 11914 11915 11947 11946
f 11915 11916 11948 11947
f 11916 11917 11949 11948
f 11917 11918 11950 11949
f 11918 11919 11951 11950
f 11919 11920 11952 11951
f 11920 11921 11953 11952
f 11921 11922 11954 11953
f 11922 11923 11955 11954
f 11923 11924 11956 11955
f 11924 11925 11957 11956
f 11925 11926 11958 11957
f 11926 11927 11959 11958
f 11927 11928 11960 11959
f 11928 11897 11929 11960
f 11928 11927 11926 11925 11924 11923 11922 11921 11920 11919 11918 11917 11916 11915 11914 11913 11912 11911 11910 11909 11908 11907 11906 11905 11904 11903 11902 11901 11900 11899 11898 11897
f 11929 11930 11931 11932 11933 11934 11935 11936 11937 11938 11939 11940 11941 11942 11943 11944 11945 11946 11947 11948 11949 11950 11951 11952 11953 11954 11955 11956 11957 11958 11959 11960
g OPT_CCSU-029_CCS_tower_fan_stack
usemtl tower
f 11961 11962 11994 11993
f 11962 11963 11995 11994
f 11963 11964 11996 11995
f 11964 11965 11997 11996
f 11965 11966 11998 11997
f 11966 11967 11999 11998
f 11967 11968 12000 11999
f 11968 11969 12001 12000
f 11969 11970 12002 12001
f 11970 11971 12003 12002
f 11971 11972 12004 12003
f 11972 11973 12005 12004
f 11973 11974 12006 12005
f 11974 11975 12007 12006
f 11975 11976 12008 12007
f 11976 11977 12009 12008
f 11977 11978 12010 12009
f 11978 11979 12011 12010
f 11979 11980 12012 12011
f 11980 11981 12013 12012
f 11981 11982 12014 12013
f 11982 11983 12015 12014
f 11983 11984 12016 12015
f 11984 11985 12017 12016
f 11985 11986 12018 12017
f 11986 11987 12019 12018
f 11987 11988 12020 12019
f 11988 11989 12021 12020
f 11989 11990 12022 12021
f 11990 11991 12023 12022
f 11991 11992 12024 12023
f 11992 11961 11993 12024
f 11992 11991 11990 11989 11988 11987 11986 11985 11984 11983 11982 11981 11980 11979 11978 11977 11976 11975 11974 11973 11972 11971 11970 11969 11968 11967 11966 11965 11964 11963 11962 11961
f 11993 11994 11995 11996 11997 11998 11999 12000 12001 12002 12003 12004 12005 12006 12007 12008 12009 12010 12011 12012 12013 12014 12015 12016 12017 12018 12019 12020 12021 12022 12023 12024
g OPT_CCSU-030_CCS_tower_fan_stack
usemtl tower
f 12025 12026 12058 12057
f 12026 12027 12059 12058
f 12027 12028 12060 12059
f 12028 12029 12061 12060
f 12029 12030 12062 12061
f 12030 12031 12063 12062
f 12031 12032 12064 12063
f 12032 12033 12065 12064
f 12033 12034 12066 12065
f 12034 12035 12067 12066
f 12035 12036 12068 12067
f 12036 12037 12069 12068
f 12037 12038 12070 12069
f 12038 12039 12071 12070
f 12039 12040 12072 12071
f 12040 12041 12073 12072
f 12041 12042 12074 12073
f 12042 12043 12075 12074
f 12043 12044 12076 12075
f 12044 12045 12077 12076
f 12045 12046 12078 12077
f 12046 12047 12079 12078
f 12047 12048 12080 12079
f 12048 12049 12081 12080
f 12049 12050 12082 12081
f 12050 12051 12083 12082
f 12051 12052 12084 12083
f 12052 12053 12085 12084
f 12053 12054 12086 12085
f 12054 12055 12087 12086
f 12055 12056 12088 12087
f 12056 12025 12057 12088
f 12056 12055 12054 12053 12052 12051 12050 12049 12048 12047 12046 12045 12044 12043 12042 12041 12040 12039 12038 12037 12036 12035 12034 12033 12032 12031 12030 12029 12028 12027 12026 12025
f 12057 12058 12059 12060 12061 12062 12063 12064 12065 12066 12067 12068 12069 12070 12071 12072 12073 12074 12075 12076 12077 12078 12079 12080 12081 12082 12083 12084 12085 12086 12087 12088
g OPT_CCSU-031_CCS_tower_fan_stack
usemtl tower
f 12089 12090 12122 12121
f 12090 12091 12123 12122
f 12091 12092 12124 12123
f 12092 12093 12125 12124
f 12093 12094 12126 12125
f 12094 12095 12127 12126
f 12095 12096 12128 12127
f 12096 12097 12129 12128
f 12097 12098 12130 12129
f 12098 12099 12131 12130
f 12099 12100 12132 12131
f 12100 12101 12133 12132
f 12101 12102 12134 12133
f 12102 12103 12135 12134
f 12103 12104 12136 12135
f 12104 12105 12137 12136
f 12105 12106 12138 12137
f 12106 12107 12139 12138
f 12107 12108 12140 12139
f 12108 12109 12141 12140
f 12109 12110 12142 12141
f 12110 12111 12143 12142
f 12111 12112 12144 12143
f 12112 12113 12145 12144
f 12113 12114 12146 12145
f 12114 12115 12147 12146
f 12115 12116 12148 12147
f 12116 12117 12149 12148
f 12117 12118 12150 12149
f 12118 12119 12151 12150
f 12119 12120 12152 12151
f 12120 12089 12121 12152
f 12120 12119 12118 12117 12116 12115 12114 12113 12112 12111 12110 12109 12108 12107 12106 12105 12104 12103 12102 12101 12100 12099 12098 12097 12096 12095 12094 12093 12092 12091 12090 12089
f 12121 12122 12123 12124 12125 12126 12127 12128 12129 12130 12131 12132 12133 12134 12135 12136 12137 12138 12139 12140 12141 12142 12143 12144 12145 12146 12147 12148 12149 12150 12151 12152
g OPT_CCSU-032_CCS_circulating_water_pumps
usemtl motor
f 12153 12155 12156 12154
f 12157 12158 12160 12159
f 12153 12154 12158 12157
f 12155 12159 12160 12156
f 12153 12157 12159 12155
f 12154 12156 12160 12158
g OPT_CCSU-033_CT_MCC___VFD_e_house
usemtl ehouse
f 12161 12163 12164 12162
f 12165 12166 12168 12167
f 12161 12162 12166 12165
f 12163 12167 12168 12164
f 12161 12165 12167 12163
f 12162 12164 12168 12166
g OPT_CCSU-034_CCS_wastewater__DCC___tower_blowdown_
usemtl building
f 12169 12171 12172 12170
f 12173 12174 12176 12175
f 12169 12170 12174 12173
f 12171 12175 12176 12172
f 12169 12173 12175 12171
f 12170 12172 12176 12174
g OPT_BESS-001_BESS_container__ISO_40_ft_HC_
usemtl bess
f 12177 12179 12180 12178
f 12181 12182 12184 12183
f 12177 12178 12182 12181
f 12179 12183 12184 12180
f 12177 12181 12183 12179
f 12178 12180 12184 12182
g OPT_BESS-002_BESS_container__ISO_40_ft_HC_
usemtl bess
f 12185 12187 12188 12186
f 12189 12190 12192 12191
f 12185 12186 12190 12189
f 12187 12191 12192 12188
f 12185 12189 12191 12187
f 12186 12188 12192 12190
g OPT_BESS-003_BESS_container__ISO_40_ft_HC_
usemtl bess
f 12193 12195 12196 12194
f 12197 12198 12200 12199
f 12193 12194 12198 12197
f 12195 12199 12200 12196
f 12193 12197 12199 12195
f 12194 12196 12200 12198
g OPT_BESS-004_BESS_container__ISO_40_ft_HC_
usemtl bess
f 12201 12203 12204 12202
f 12205 12206 12208 12207
f 12201 12202 12206 12205
f 12203 12207 12208 12204
f 12201 12205 12207 12203
f 12202 12204 12208 12206
g OPT_BESS-005_BESS_container__ISO_40_ft_HC_
usemtl bess
f 12209 12211 12212 12210
f 12213 12214 12216 12215
f 12209 12210 12214 12213
f 12211 12215 12216 12212
f 12209 12213 12215 12211
f 12210 12212 12216 12214
g OPT_BESS-006_BESS_container__ISO_40_ft_HC_
usemtl bess
f 12217 12219 12220 12218
f 12221 12222 12224 12223
f 12217 12218 12222 12221
f 12219 12223 12224 12220
f 12217 12221 12223 12219
f 12218 12220 12224 12222
g OPT_BESS-007_BESS_PCS___MV_skid
usemtl xfmr
f 12225 12227 12228 12226
f 12229 12230 12232 12231
f 12225 12226 12230 12229
f 12227 12231 12232 12228
f 12225 12229 12231 12227
f 12226 12228 12232 12230
g OPT_BESS-008_BESS_PCS___MV_skid
usemtl xfmr
f 12233 12235 12236 12234
f 12237 12238 12240 12239
f 12233 12234 12238 12237
f 12235 12239 12240 12236
f 12233 12237 12239 12235
f 12234 12236 12240 12238
g OPT_BESS-009_BESS_PCS___MV_skid
usemtl xfmr
f 12241 12243 12244 12242
f 12245 12246 12248 12247
f 12241 12242 12246 12245
f 12243 12247 12248 12244
f 12241 12245 12247 12243
f 12242 12244 12248 12246
g OPT_BESS-010_BESS_container__ISO_40_ft_HC_
usemtl bess
f 12249 12251 12252 12250
f 12253 12254 12256 12255
f 12249 12250 12254 12253
f 12251 12255 12256 12252
f 12249 12253 12255 12251
f 12250 12252 12256 12254
g OPT_BESS-011_BESS_container__ISO_40_ft_HC_
usemtl bess
f 12257 12259 12260 12258
f 12261 12262 12264 12263
f 12257 12258 12262 12261
f 12259 12263 12264 12260
f 12257 12261 12263 12259
f 12258 12260 12264 12262
g OPT_BESS-012_BESS_container__ISO_40_ft_HC_
usemtl bess
f 12265 12267 12268 12266
f 12269 12270 12272 12271
f 12265 12266 12270 12269
f 12267 12271 12272 12268
f 12265 12269 12271 12267
f 12266 12268 12272 12270
g OPT_BESS-013_BESS_container__ISO_40_ft_HC_
usemtl bess
f 12273 12275 12276 12274
f 12277 12278 12280 12279
f 12273 12274 12278 12277
f 12275 12279 12280 12276
f 12273 12277 12279 12275
f 12274 12276 12280 12278
g OPT_BESS-014_BESS_container__ISO_40_ft_HC_
usemtl bess
f 12281 12283 12284 12282
f 12285 12286 12288 12287
f 12281 12282 12286 12285
f 12283 12287 12288 12284
f 12281 12285 12287 12283
f 12282 12284 12288 12286
g OPT_BESS-015_BESS_container__ISO_40_ft_HC_
usemtl bess
f 12289 12291 12292 12290
f 12293 12294 12296 12295
f 12289 12290 12294 12293
f 12291 12295 12296 12292
f 12289 12293 12295 12291
f 12290 12292 12296 12294
g OPT_BESS-016_BESS_PCS___MV_skid
usemtl xfmr
f 12297 12299 12300 12298
f 12301 12302 12304 12303
f 12297 12298 12302 12301
f 12299 12303 12304 12300
f 12297 12301 12303 12299
f 12298 12300 12304 12302
g OPT_BESS-017_BESS_PCS___MV_skid
usemtl xfmr
f 12305 12307 12308 12306
f 12309 12310 12312 12311
f 12305 12306 12310 12309
f 12307 12311 12312 12308
f 12305 12309 12311 12307
f 12306 12308 12312 12310
g OPT_BESS-018_BESS_PCS___MV_skid
usemtl xfmr
f 12313 12315 12316 12314
f 12317 12318 12320 12319
f 12313 12314 12318 12317
f 12315 12319 12320 12316
f 12313 12317 12319 12315
f 12314 12316 12320 12318
g OPT_BESS-019_BESS_container__ISO_40_ft_HC_
usemtl bess
f 12321 12323 12324 12322
f 12325 12326 12328 12327
f 12321 12322 12326 12325
f 12323 12327 12328 12324
f 12321 12325 12327 12323
f 12322 12324 12328 12326
g OPT_BESS-020_BESS_container__ISO_40_ft_HC_
usemtl bess
f 12329 12331 12332 12330
f 12333 12334 12336 12335
f 12329 12330 12334 12333
f 12331 12335 12336 12332
f 12329 12333 12335 12331
f 12330 12332 12336 12334
g OPT_BESS-021_BESS_container__ISO_40_ft_HC_
usemtl bess
f 12337 12339 12340 12338
f 12341 12342 12344 12343
f 12337 12338 12342 12341
f 12339 12343 12344 12340
f 12337 12341 12343 12339
f 12338 12340 12344 12342
g OPT_BESS-022_BESS_container__ISO_40_ft_HC_
usemtl bess
f 12345 12347 12348 12346
f 12349 12350 12352 12351
f 12345 12346 12350 12349
f 12347 12351 12352 12348
f 12345 12349 12351 12347
f 12346 12348 12352 12350
g OPT_BESS-023_BESS_container__ISO_40_ft_HC_
usemtl bess
f 12353 12355 12356 12354
f 12357 12358 12360 12359
f 12353 12354 12358 12357
f 12355 12359 12360 12356
f 12353 12357 12359 12355
f 12354 12356 12360 12358
g OPT_BESS-024_BESS_container__ISO_40_ft_HC_
usemtl bess
f 12361 12363 12364 12362
f 12365 12366 12368 12367
f 12361 12362 12366 12365
f 12363 12367 12368 12364
f 12361 12365 12367 12363
f 12362 12364 12368 12366
g OPT_BESS-025_BESS_PCS___MV_skid
usemtl xfmr
f 12369 12371 12372 12370
f 12373 12374 12376 12375
f 12369 12370 12374 12373
f 12371 12375 12376 12372
f 12369 12373 12375 12371
f 12370 12372 12376 12374
g OPT_BESS-026_BESS_PCS___MV_skid
usemtl xfmr
f 12377 12379 12380 12378
f 12381 12382 12384 12383
f 12377 12378 12382 12381
f 12379 12383 12384 12380
f 12377 12381 12383 12379
f 12378 12380 12384 12382
g OPT_BESS-027_BESS_PCS___MV_skid
usemtl xfmr
f 12385 12387 12388 12386
f 12389 12390 12392 12391
f 12385 12386 12390 12389
f 12387 12391 12392 12388
f 12385 12389 12391 12387
f 12386 12388 12392 12390
g OPT_BESS-028_BESS_container__ISO_40_ft_HC_
usemtl bess
f 12393 12395 12396 12394
f 12397 12398 12400 12399
f 12393 12394 12398 12397
f 12395 12399 12400 12396
f 12393 12397 12399 12395
f 12394 12396 12400 12398
g OPT_BESS-029_BESS_container__ISO_40_ft_HC_
usemtl bess
f 12401 12403 12404 12402
f 12405 12406 12408 12407
f 12401 12402 12406 12405
f 12403 12407 12408 12404
f 12401 12405 12407 12403
f 12402 12404 12408 12406
g OPT_BESS-030_BESS_container__ISO_40_ft_HC_
usemtl bess
f 12409 12411 12412 12410
f 12413 12414 12416 12415
f 12409 12410 12414 12413
f 12411 12415 12416 12412
f 12409 12413 12415 12411
f 12410 12412 12416 12414
g OPT_BESS-031_BESS_container__ISO_40_ft_HC_
usemtl bess
f 12417 12419 12420 12418
f 12421 12422 12424 12423
f 12417 12418 12422 12421
f 12419 12423 12424 12420
f 12417 12421 12423 12419
f 12418 12420 12424 12422
g OPT_BESS-032_BESS_container__ISO_40_ft_HC_
usemtl bess
f 12425 12427 12428 12426
f 12429 12430 12432 12431
f 12425 12426 12430 12429
f 12427 12431 12432 12428
f 12425 12429 12431 12427
f 12426 12428 12432 12430
g OPT_BESS-033_BESS_container__ISO_40_ft_HC_
usemtl bess
f 12433 12435 12436 12434
f 12437 12438 12440 12439
f 12433 12434 12438 12437
f 12435 12439 12440 12436
f 12433 12437 12439 12435
f 12434 12436 12440 12438
g OPT_BESS-034_BESS_PCS___MV_skid
usemtl xfmr
f 12441 12443 12444 12442
f 12445 12446 12448 12447
f 12441 12442 12446 12445
f 12443 12447 12448 12444
f 12441 12445 12447 12443
f 12442 12444 12448 12446
g OPT_BESS-035_BESS_PCS___MV_skid
usemtl xfmr
f 12449 12451 12452 12450
f 12453 12454 12456 12455
f 12449 12450 12454 12453
f 12451 12455 12456 12452
f 12449 12453 12455 12451
f 12450 12452 12456 12454
g OPT_BESS-036_BESS_PCS___MV_skid
usemtl xfmr
f 12457 12459 12460 12458
f 12461 12462 12464 12463
f 12457 12458 12462 12461
f 12459 12463 12464 12460
f 12457 12461 12463 12459
f 12458 12460 12464 12462
g OPT_BESS-037_BESS_container__ISO_40_ft_HC_
usemtl bess
f 12465 12467 12468 12466
f 12469 12470 12472 12471
f 12465 12466 12470 12469
f 12467 12471 12472 12468
f 12465 12469 12471 12467
f 12466 12468 12472 12470
g OPT_BESS-038_BESS_container__ISO_40_ft_HC_
usemtl bess
f 12473 12475 12476 12474
f 12477 12478 12480 12479
f 12473 12474 12478 12477
f 12475 12479 12480 12476
f 12473 12477 12479 12475
f 12474 12476 12480 12478
g OPT_BESS-039_BESS_container__ISO_40_ft_HC_
usemtl bess
f 12481 12483 12484 12482
f 12485 12486 12488 12487
f 12481 12482 12486 12485
f 12483 12487 12488 12484
f 12481 12485 12487 12483
f 12482 12484 12488 12486
g OPT_BESS-040_BESS_container__ISO_40_ft_HC_
usemtl bess
f 12489 12491 12492 12490
f 12493 12494 12496 12495
f 12489 12490 12494 12493
f 12491 12495 12496 12492
f 12489 12493 12495 12491
f 12490 12492 12496 12494
g OPT_BESS-041_BESS_container__ISO_40_ft_HC_
usemtl bess
f 12497 12499 12500 12498
f 12501 12502 12504 12503
f 12497 12498 12502 12501
f 12499 12503 12504 12500
f 12497 12501 12503 12499
f 12498 12500 12504 12502
g OPT_BESS-042_BESS_container__ISO_40_ft_HC_
usemtl bess
f 12505 12507 12508 12506
f 12509 12510 12512 12511
f 12505 12506 12510 12509
f 12507 12511 12512 12508
f 12505 12509 12511 12507
f 12506 12508 12512 12510
g OPT_BESS-043_BESS_PCS___MV_skid
usemtl xfmr
f 12513 12515 12516 12514
f 12517 12518 12520 12519
f 12513 12514 12518 12517
f 12515 12519 12520 12516
f 12513 12517 12519 12515
f 12514 12516 12520 12518
g OPT_BESS-044_BESS_PCS___MV_skid
usemtl xfmr
f 12521 12523 12524 12522
f 12525 12526 12528 12527
f 12521 12522 12526 12525
f 12523 12527 12528 12524
f 12521 12525 12527 12523
f 12522 12524 12528 12526
g OPT_BESS-045_BESS_PCS___MV_skid
usemtl xfmr
f 12529 12531 12532 12530
f 12533 12534 12536 12535
f 12529 12530 12534 12533
f 12531 12535 12536 12532
f 12529 12533 12535 12531
f 12530 12532 12536 12534
g OPT_BESS-046_BESS_main_power_transformer_34_5_230_kV__to_D4_upper_
usemtl xfmr
f 12537 12539 12540 12538
f 12541 12542 12544 12543
f 12537 12538 12542 12541
f 12539 12543 12544 12540
f 12537 12541 12543 12539
f 12538 12540 12544 12542
g OPT_BESS-047_34_5_kV_collector_e_house__arc_resistant_
usemtl ehouse
f 12545 12547 12548 12546
f 12549 12550 12552 12551
f 12545 12546 12550 12549
f 12547 12551 12552 12548
f 12545 12549 12551 12547
f 12546 12548 12552 12550
g OPT_BESS-048_BESS_auxiliary_transformer
usemtl xfmr
f 12553 12555 12556 12554
f 12557 12558 12560 12559
f 12553 12554 12558 12557
f 12555 12559 12560 12556
f 12553 12557 12559 12555
f 12554 12556 12560 12558
g OPT_BESS-049_BESS_EMS___SCADA
usemtl ehouse
f 12561 12563 12564 12562
f 12565 12566 12568 12567
f 12561 12562 12566 12565
f 12563 12567 12568 12564
f 12561 12565 12567 12563
f 12562 12564 12568 12566
g OPT_BESS-050_CONDITIONAL__grounding_transformer
usemtl conditional
f 12569 12571 12572 12570
f 12573 12574 12576 12575
f 12569 12570 12574 12573
f 12571 12575 12576 12572
f 12569 12573 12575 12571
f 12570 12572 12576 12574
g OPT_MOD-001_RICE_engine_hall__8_engines_
usemtl hall
f 12577 12579 12580 12578
f 12581 12582 12584 12583
f 12577 12578 12582 12581
f 12579 12583 12584 12580
f 12577 12581 12583 12579
f 12578 12580 12584 12582
g OPT_MOD-002_RICE_engine_generator_1
usemtl machine
f 12585 12587 12588 12586
f 12589 12590 12592 12591
f 12585 12586 12590 12589
f 12587 12591 12592 12588
f 12585 12589 12591 12587
f 12586 12588 12592 12590
g OPT_MOD-003_SCR___oxidation_catalyst__engine_1
usemtl equip
f 12593 12595 12596 12594
f 12597 12598 12600 12599
f 12593 12594 12598 12597
f 12595 12599 12600 12596
f 12593 12597 12599 12595
f 12594 12596 12600 12598
g OPT_MOD-004_RICE_stack_1
usemtl stack
f 12601 12602 12618 12617
f 12602 12603 12619 12618
f 12603 12604 12620 12619
f 12604 12605 12621 12620
f 12605 12606 12622 12621
f 12606 12607 12623 12622
f 12607 12608 12624 12623
f 12608 12609 12625 12624
f 12609 12610 12626 12625
f 12610 12611 12627 12626
f 12611 12612 12628 12627
f 12612 12613 12629 12628
f 12613 12614 12630 12629
f 12614 12615 12631 12630
f 12615 12616 12632 12631
f 12616 12601 12617 12632
f 12616 12615 12614 12613 12612 12611 12610 12609 12608 12607 12606 12605 12604 12603 12602 12601
f 12617 12618 12619 12620 12621 12622 12623 12624 12625 12626 12627 12628 12629 12630 12631 12632
g OPT_MOD-005_RICE_radiator
usemtl acc
f 12633 12635 12636 12634
f 12637 12638 12640 12639
f 12633 12634 12638 12637
f 12635 12639 12640 12636
f 12633 12637 12639 12635
f 12634 12636 12640 12638
g OPT_MOD-006_RICE_radiator
usemtl acc
f 12641 12643 12644 12642
f 12645 12646 12648 12647
f 12641 12642 12646 12645
f 12643 12647 12648 12644
f 12641 12645 12647 12643
f 12642 12644 12648 12646
g OPT_MOD-007_RICE_radiator
usemtl acc
f 12649 12651 12652 12650
f 12653 12654 12656 12655
f 12649 12650 12654 12653
f 12651 12655 12656 12652
f 12649 12653 12655 12651
f 12650 12652 12656 12654
g OPT_MOD-008_RICE_radiator
usemtl acc
f 12657 12659 12660 12658
f 12661 12662 12664 12663
f 12657 12658 12662 12661
f 12659 12663 12664 12660
f 12657 12661 12663 12659
f 12658 12660 12664 12662
g OPT_MOD-009_RICE_radiator
usemtl acc
f 12665 12667 12668 12666
f 12669 12670 12672 12671
f 12665 12666 12670 12669
f 12667 12671 12672 12668
f 12665 12669 12671 12667
f 12666 12668 12672 12670
g OPT_MOD-010_RICE_engine_generator_2
usemtl machine
f 12673 12675 12676 12674
f 12677 12678 12680 12679
f 12673 12674 12678 12677
f 12675 12679 12680 12676
f 12673 12677 12679 12675
f 12674 12676 12680 12678
g OPT_MOD-011_SCR___oxidation_catalyst__engine_2
usemtl equip
f 12681 12683 12684 12682
f 12685 12686 12688 12687
f 12681 12682 12686 12685
f 12683 12687 12688 12684
f 12681 12685 12687 12683
f 12682 12684 12688 12686
g OPT_MOD-012_RICE_stack_2
usemtl stack
f 12689 12690 12706 12705
f 12690 12691 12707 12706
f 12691 12692 12708 12707
f 12692 12693 12709 12708
f 12693 12694 12710 12709
f 12694 12695 12711 12710
f 12695 12696 12712 12711
f 12696 12697 12713 12712
f 12697 12698 12714 12713
f 12698 12699 12715 12714
f 12699 12700 12716 12715
f 12700 12701 12717 12716
f 12701 12702 12718 12717
f 12702 12703 12719 12718
f 12703 12704 12720 12719
f 12704 12689 12705 12720
f 12704 12703 12702 12701 12700 12699 12698 12697 12696 12695 12694 12693 12692 12691 12690 12689
f 12705 12706 12707 12708 12709 12710 12711 12712 12713 12714 12715 12716 12717 12718 12719 12720
g OPT_MOD-013_RICE_radiator
usemtl acc
f 12721 12723 12724 12722
f 12725 12726 12728 12727
f 12721 12722 12726 12725
f 12723 12727 12728 12724
f 12721 12725 12727 12723
f 12722 12724 12728 12726
g OPT_MOD-014_RICE_radiator
usemtl acc
f 12729 12731 12732 12730
f 12733 12734 12736 12735
f 12729 12730 12734 12733
f 12731 12735 12736 12732
f 12729 12733 12735 12731
f 12730 12732 12736 12734
g OPT_MOD-015_RICE_radiator
usemtl acc
f 12737 12739 12740 12738
f 12741 12742 12744 12743
f 12737 12738 12742 12741
f 12739 12743 12744 12740
f 12737 12741 12743 12739
f 12738 12740 12744 12742
g OPT_MOD-016_RICE_radiator
usemtl acc
f 12745 12747 12748 12746
f 12749 12750 12752 12751
f 12745 12746 12750 12749
f 12747 12751 12752 12748
f 12745 12749 12751 12747
f 12746 12748 12752 12750
g OPT_MOD-017_RICE_radiator
usemtl acc
f 12753 12755 12756 12754
f 12757 12758 12760 12759
f 12753 12754 12758 12757
f 12755 12759 12760 12756
f 12753 12757 12759 12755
f 12754 12756 12760 12758
g OPT_MOD-018_RICE_engine_generator_3
usemtl machine
f 12761 12763 12764 12762
f 12765 12766 12768 12767
f 12761 12762 12766 12765
f 12763 12767 12768 12764
f 12761 12765 12767 12763
f 12762 12764 12768 12766
g OPT_MOD-019_SCR___oxidation_catalyst__engine_3
usemtl equip
f 12769 12771 12772 12770
f 12773 12774 12776 12775
f 12769 12770 12774 12773
f 12771 12775 12776 12772
f 12769 12773 12775 12771
f 12770 12772 12776 12774
g OPT_MOD-020_RICE_stack_3
usemtl stack
f 12777 12778 12794 12793
f 12778 12779 12795 12794
f 12779 12780 12796 12795
f 12780 12781 12797 12796
f 12781 12782 12798 12797
f 12782 12783 12799 12798
f 12783 12784 12800 12799
f 12784 12785 12801 12800
f 12785 12786 12802 12801
f 12786 12787 12803 12802
f 12787 12788 12804 12803
f 12788 12789 12805 12804
f 12789 12790 12806 12805
f 12790 12791 12807 12806
f 12791 12792 12808 12807
f 12792 12777 12793 12808
f 12792 12791 12790 12789 12788 12787 12786 12785 12784 12783 12782 12781 12780 12779 12778 12777
f 12793 12794 12795 12796 12797 12798 12799 12800 12801 12802 12803 12804 12805 12806 12807 12808
g OPT_MOD-021_RICE_radiator
usemtl acc
f 12809 12811 12812 12810
f 12813 12814 12816 12815
f 12809 12810 12814 12813
f 12811 12815 12816 12812
f 12809 12813 12815 12811
f 12810 12812 12816 12814
g OPT_MOD-022_RICE_radiator
usemtl acc
f 12817 12819 12820 12818
f 12821 12822 12824 12823
f 12817 12818 12822 12821
f 12819 12823 12824 12820
f 12817 12821 12823 12819
f 12818 12820 12824 12822
g OPT_MOD-023_RICE_radiator
usemtl acc
f 12825 12827 12828 12826
f 12829 12830 12832 12831
f 12825 12826 12830 12829
f 12827 12831 12832 12828
f 12825 12829 12831 12827
f 12826 12828 12832 12830
g OPT_MOD-024_RICE_radiator
usemtl acc
f 12833 12835 12836 12834
f 12837 12838 12840 12839
f 12833 12834 12838 12837
f 12835 12839 12840 12836
f 12833 12837 12839 12835
f 12834 12836 12840 12838
g OPT_MOD-025_RICE_radiator
usemtl acc
f 12841 12843 12844 12842
f 12845 12846 12848 12847
f 12841 12842 12846 12845
f 12843 12847 12848 12844
f 12841 12845 12847 12843
f 12842 12844 12848 12846
g OPT_MOD-026_RICE_engine_generator_4
usemtl machine
f 12849 12851 12852 12850
f 12853 12854 12856 12855
f 12849 12850 12854 12853
f 12851 12855 12856 12852
f 12849 12853 12855 12851
f 12850 12852 12856 12854
g OPT_MOD-027_SCR___oxidation_catalyst__engine_4
usemtl equip
f 12857 12859 12860 12858
f 12861 12862 12864 12863
f 12857 12858 12862 12861
f 12859 12863 12864 12860
f 12857 12861 12863 12859
f 12858 12860 12864 12862
g OPT_MOD-028_RICE_stack_4
usemtl stack
f 12865 12866 12882 12881
f 12866 12867 12883 12882
f 12867 12868 12884 12883
f 12868 12869 12885 12884
f 12869 12870 12886 12885
f 12870 12871 12887 12886
f 12871 12872 12888 12887
f 12872 12873 12889 12888
f 12873 12874 12890 12889
f 12874 12875 12891 12890
f 12875 12876 12892 12891
f 12876 12877 12893 12892
f 12877 12878 12894 12893
f 12878 12879 12895 12894
f 12879 12880 12896 12895
f 12880 12865 12881 12896
f 12880 12879 12878 12877 12876 12875 12874 12873 12872 12871 12870 12869 12868 12867 12866 12865
f 12881 12882 12883 12884 12885 12886 12887 12888 12889 12890 12891 12892 12893 12894 12895 12896
g OPT_MOD-029_RICE_radiator
usemtl acc
f 12897 12899 12900 12898
f 12901 12902 12904 12903
f 12897 12898 12902 12901
f 12899 12903 12904 12900
f 12897 12901 12903 12899
f 12898 12900 12904 12902
g OPT_MOD-030_RICE_radiator
usemtl acc
f 12905 12907 12908 12906
f 12909 12910 12912 12911
f 12905 12906 12910 12909
f 12907 12911 12912 12908
f 12905 12909 12911 12907
f 12906 12908 12912 12910
g OPT_MOD-031_RICE_radiator
usemtl acc
f 12913 12915 12916 12914
f 12917 12918 12920 12919
f 12913 12914 12918 12917
f 12915 12919 12920 12916
f 12913 12917 12919 12915
f 12914 12916 12920 12918
g OPT_MOD-032_RICE_radiator
usemtl acc
f 12921 12923 12924 12922
f 12925 12926 12928 12927
f 12921 12922 12926 12925
f 12923 12927 12928 12924
f 12921 12925 12927 12923
f 12922 12924 12928 12926
g OPT_MOD-033_RICE_radiator
usemtl acc
f 12929 12931 12932 12930
f 12933 12934 12936 12935
f 12929 12930 12934 12933
f 12931 12935 12936 12932
f 12929 12933 12935 12931
f 12930 12932 12936 12934
g OPT_MOD-034_RICE_engine_generator_5
usemtl machine
f 12937 12939 12940 12938
f 12941 12942 12944 12943
f 12937 12938 12942 12941
f 12939 12943 12944 12940
f 12937 12941 12943 12939
f 12938 12940 12944 12942
g OPT_MOD-035_SCR___oxidation_catalyst__engine_5
usemtl equip
f 12945 12947 12948 12946
f 12949 12950 12952 12951
f 12945 12946 12950 12949
f 12947 12951 12952 12948
f 12945 12949 12951 12947
f 12946 12948 12952 12950
g OPT_MOD-036_RICE_stack_5
usemtl stack
f 12953 12954 12970 12969
f 12954 12955 12971 12970
f 12955 12956 12972 12971
f 12956 12957 12973 12972
f 12957 12958 12974 12973
f 12958 12959 12975 12974
f 12959 12960 12976 12975
f 12960 12961 12977 12976
f 12961 12962 12978 12977
f 12962 12963 12979 12978
f 12963 12964 12980 12979
f 12964 12965 12981 12980
f 12965 12966 12982 12981
f 12966 12967 12983 12982
f 12967 12968 12984 12983
f 12968 12953 12969 12984
f 12968 12967 12966 12965 12964 12963 12962 12961 12960 12959 12958 12957 12956 12955 12954 12953
f 12969 12970 12971 12972 12973 12974 12975 12976 12977 12978 12979 12980 12981 12982 12983 12984
g OPT_MOD-037_RICE_radiator
usemtl acc
f 12985 12987 12988 12986
f 12989 12990 12992 12991
f 12985 12986 12990 12989
f 12987 12991 12992 12988
f 12985 12989 12991 12987
f 12986 12988 12992 12990
g OPT_MOD-038_RICE_radiator
usemtl acc
f 12993 12995 12996 12994
f 12997 12998 13000 12999
f 12993 12994 12998 12997
f 12995 12999 13000 12996
f 12993 12997 12999 12995
f 12994 12996 13000 12998
g OPT_MOD-039_RICE_radiator
usemtl acc
f 13001 13003 13004 13002
f 13005 13006 13008 13007
f 13001 13002 13006 13005
f 13003 13007 13008 13004
f 13001 13005 13007 13003
f 13002 13004 13008 13006
g OPT_MOD-040_RICE_radiator
usemtl acc
f 13009 13011 13012 13010
f 13013 13014 13016 13015
f 13009 13010 13014 13013
f 13011 13015 13016 13012
f 13009 13013 13015 13011
f 13010 13012 13016 13014
g OPT_MOD-041_RICE_radiator
usemtl acc
f 13017 13019 13020 13018
f 13021 13022 13024 13023
f 13017 13018 13022 13021
f 13019 13023 13024 13020
f 13017 13021 13023 13019
f 13018 13020 13024 13022
g OPT_MOD-042_RICE_engine_generator_6
usemtl machine
f 13025 13027 13028 13026
f 13029 13030 13032 13031
f 13025 13026 13030 13029
f 13027 13031 13032 13028
f 13025 13029 13031 13027
f 13026 13028 13032 13030
g OPT_MOD-043_SCR___oxidation_catalyst__engine_6
usemtl equip
f 13033 13035 13036 13034
f 13037 13038 13040 13039
f 13033 13034 13038 13037
f 13035 13039 13040 13036
f 13033 13037 13039 13035
f 13034 13036 13040 13038
g OPT_MOD-044_RICE_stack_6
usemtl stack
f 13041 13042 13058 13057
f 13042 13043 13059 13058
f 13043 13044 13060 13059
f 13044 13045 13061 13060
f 13045 13046 13062 13061
f 13046 13047 13063 13062
f 13047 13048 13064 13063
f 13048 13049 13065 13064
f 13049 13050 13066 13065
f 13050 13051 13067 13066
f 13051 13052 13068 13067
f 13052 13053 13069 13068
f 13053 13054 13070 13069
f 13054 13055 13071 13070
f 13055 13056 13072 13071
f 13056 13041 13057 13072
f 13056 13055 13054 13053 13052 13051 13050 13049 13048 13047 13046 13045 13044 13043 13042 13041
f 13057 13058 13059 13060 13061 13062 13063 13064 13065 13066 13067 13068 13069 13070 13071 13072
g OPT_MOD-045_RICE_radiator
usemtl acc
f 13073 13075 13076 13074
f 13077 13078 13080 13079
f 13073 13074 13078 13077
f 13075 13079 13080 13076
f 13073 13077 13079 13075
f 13074 13076 13080 13078
g OPT_MOD-046_RICE_radiator
usemtl acc
f 13081 13083 13084 13082
f 13085 13086 13088 13087
f 13081 13082 13086 13085
f 13083 13087 13088 13084
f 13081 13085 13087 13083
f 13082 13084 13088 13086
g OPT_MOD-047_RICE_radiator
usemtl acc
f 13089 13091 13092 13090
f 13093 13094 13096 13095
f 13089 13090 13094 13093
f 13091 13095 13096 13092
f 13089 13093 13095 13091
f 13090 13092 13096 13094
g OPT_MOD-048_RICE_radiator
usemtl acc
f 13097 13099 13100 13098
f 13101 13102 13104 13103
f 13097 13098 13102 13101
f 13099 13103 13104 13100
f 13097 13101 13103 13099
f 13098 13100 13104 13102
g OPT_MOD-049_RICE_radiator
usemtl acc
f 13105 13107 13108 13106
f 13109 13110 13112 13111
f 13105 13106 13110 13109
f 13107 13111 13112 13108
f 13105 13109 13111 13107
f 13106 13108 13112 13110
g OPT_MOD-050_RICE_engine_generator_7
usemtl machine
f 13113 13115 13116 13114
f 13117 13118 13120 13119
f 13113 13114 13118 13117
f 13115 13119 13120 13116
f 13113 13117 13119 13115
f 13114 13116 13120 13118
g OPT_MOD-051_SCR___oxidation_catalyst__engine_7
usemtl equip
f 13121 13123 13124 13122
f 13125 13126 13128 13127
f 13121 13122 13126 13125
f 13123 13127 13128 13124
f 13121 13125 13127 13123
f 13122 13124 13128 13126
g OPT_MOD-052_RICE_stack_7
usemtl stack
f 13129 13130 13146 13145
f 13130 13131 13147 13146
f 13131 13132 13148 13147
f 13132 13133 13149 13148
f 13133 13134 13150 13149
f 13134 13135 13151 13150
f 13135 13136 13152 13151
f 13136 13137 13153 13152
f 13137 13138 13154 13153
f 13138 13139 13155 13154
f 13139 13140 13156 13155
f 13140 13141 13157 13156
f 13141 13142 13158 13157
f 13142 13143 13159 13158
f 13143 13144 13160 13159
f 13144 13129 13145 13160
f 13144 13143 13142 13141 13140 13139 13138 13137 13136 13135 13134 13133 13132 13131 13130 13129
f 13145 13146 13147 13148 13149 13150 13151 13152 13153 13154 13155 13156 13157 13158 13159 13160
g OPT_MOD-053_RICE_radiator
usemtl acc
f 13161 13163 13164 13162
f 13165 13166 13168 13167
f 13161 13162 13166 13165
f 13163 13167 13168 13164
f 13161 13165 13167 13163
f 13162 13164 13168 13166
g OPT_MOD-054_RICE_radiator
usemtl acc
f 13169 13171 13172 13170
f 13173 13174 13176 13175
f 13169 13170 13174 13173
f 13171 13175 13176 13172
f 13169 13173 13175 13171
f 13170 13172 13176 13174
g OPT_MOD-055_RICE_radiator
usemtl acc
f 13177 13179 13180 13178
f 13181 13182 13184 13183
f 13177 13178 13182 13181
f 13179 13183 13184 13180
f 13177 13181 13183 13179
f 13178 13180 13184 13182
g OPT_MOD-056_RICE_radiator
usemtl acc
f 13185 13187 13188 13186
f 13189 13190 13192 13191
f 13185 13186 13190 13189
f 13187 13191 13192 13188
f 13185 13189 13191 13187
f 13186 13188 13192 13190
g OPT_MOD-057_RICE_radiator
usemtl acc
f 13193 13195 13196 13194
f 13197 13198 13200 13199
f 13193 13194 13198 13197
f 13195 13199 13200 13196
f 13193 13197 13199 13195
f 13194 13196 13200 13198
g OPT_MOD-058_RICE_engine_generator_8
usemtl machine
f 13201 13203 13204 13202
f 13205 13206 13208 13207
f 13201 13202 13206 13205
f 13203 13207 13208 13204
f 13201 13205 13207 13203
f 13202 13204 13208 13206
g OPT_MOD-059_SCR___oxidation_catalyst__engine_8
usemtl equip
f 13209 13211 13212 13210
f 13213 13214 13216 13215
f 13209 13210 13214 13213
f 13211 13215 13216 13212
f 13209 13213 13215 13211
f 13210 13212 13216 13214
g OPT_MOD-060_RICE_stack_8
usemtl stack
f 13217 13218 13234 13233
f 13218 13219 13235 13234
f 13219 13220 13236 13235
f 13220 13221 13237 13236
f 13221 13222 13238 13237
f 13222 13223 13239 13238
f 13223 13224 13240 13239
f 13224 13225 13241 13240
f 13225 13226 13242 13241
f 13226 13227 13243 13242
f 13227 13228 13244 13243
f 13228 13229 13245 13244
f 13229 13230 13246 13245
f 13230 13231 13247 13246
f 13231 13232 13248 13247
f 13232 13217 13233 13248
f 13232 13231 13230 13229 13228 13227 13226 13225 13224 13223 13222 13221 13220 13219 13218 13217
f 13233 13234 13235 13236 13237 13238 13239 13240 13241 13242 13243 13244 13245 13246 13247 13248
g OPT_MOD-061_RICE_radiator
usemtl acc
f 13249 13251 13252 13250
f 13253 13254 13256 13255
f 13249 13250 13254 13253
f 13251 13255 13256 13252
f 13249 13253 13255 13251
f 13250 13252 13256 13254
g OPT_MOD-062_RICE_radiator
usemtl acc
f 13257 13259 13260 13258
f 13261 13262 13264 13263
f 13257 13258 13262 13261
f 13259 13263 13264 13260
f 13257 13261 13263 13259
f 13258 13260 13264 13262
g OPT_MOD-063_RICE_radiator
usemtl acc
f 13265 13267 13268 13266
f 13269 13270 13272 13271
f 13265 13266 13270 13269
f 13267 13271 13272 13268
f 13265 13269 13271 13267
f 13266 13268 13272 13270
g OPT_MOD-064_RICE_radiator
usemtl acc
f 13273 13275 13276 13274
f 13277 13278 13280 13279
f 13273 13274 13278 13277
f 13275 13279 13280 13276
f 13273 13277 13279 13275
f 13274 13276 13280 13278
g OPT_MOD-065_RICE_radiator
usemtl acc
f 13281 13283 13284 13282
f 13285 13286 13288 13287
f 13281 13282 13286 13285
f 13283 13287 13288 13284
f 13281 13285 13287 13283
f 13282 13284 13288 13286
g OPT_MOD-066_Lube_oil___starting_air___oily_water_building
usemtl building
f 13289 13291 13292 13290
f 13293 13294 13296 13295
f 13289 13290 13294 13293
f 13291 13295 13296 13292
f 13289 13293 13295 13291
f 13290 13292 13296 13294
g OPT_MOD-067_Gas_conditioning_skid
usemtl equip
f 13297 13299 13300 13298
f 13301 13302 13304 13303
f 13297 13298 13302 13301
f 13299 13303 13304 13300
f 13297 13301 13303 13299
f 13298 13300 13304 13302
g OPT_MOD-068_Reagent_storage
usemtl tank
f 13305 13307 13308 13306
f 13309 13310 13312 13311
f 13305 13306 13310 13309
f 13307 13311 13312 13308
f 13305 13309 13311 13307
f 13306 13308 13312 13310
g OPT_MOD-069_PCM__power_control_module
usemtl ehouse
f 13313 13315 13316 13314
f 13317 13318 13320 13319
f 13313 13314 13318 13317
f 13315 13319 13320 13316
f 13313 13317 13319 13315
f 13314 13316 13320 13318
g OPT_MOD-070_RICE_CEMS
usemtl equip
f 13321 13323 13324 13322
f 13325 13326 13328 13327
f 13321 13322 13326 13325
f 13323 13327 13328 13324
f 13321 13325 13327 13323
f 13322 13324 13328 13326
g OPT_MOD-071_SC_1__aeroderivative_package__LM6000_class_
usemtl machine
f 13329 13331 13332 13330
f 13333 13334 13336 13335
f 13329 13330 13334 13333
f 13331 13335 13336 13332
f 13329 13333 13335 13331
f 13330 13332 13336 13334
g OPT_MOD-072_SC_1_SCR___CO_catalyst
usemtl equip
f 13337 13339 13340 13338
f 13341 13342 13344 13343
f 13337 13338 13342 13341
f 13339 13343 13344 13340
f 13337 13341 13343 13339
f 13338 13340 13344 13342
g OPT_MOD-073_SC_1_stack__80_ft_
usemtl stack
f 13345 13346 13362 13361
f 13346 13347 13363 13362
f 13347 13348 13364 13363
f 13348 13349 13365 13364
f 13349 13350 13366 13365
f 13350 13351 13367 13366
f 13351 13352 13368 13367
f 13352 13353 13369 13368
f 13353 13354 13370 13369
f 13354 13355 13371 13370
f 13355 13356 13372 13371
f 13356 13357 13373 13372
f 13357 13358 13374 13373
f 13358 13359 13375 13374
f 13359 13360 13376 13375
f 13360 13345 13361 13376
f 13360 13359 13358 13357 13356 13355 13354 13353 13352 13351 13350 13349 13348 13347 13346 13345
f 13361 13362 13363 13364 13365 13366 13367 13368 13369 13370 13371 13372 13373 13374 13375 13376
g OPT_MOD-074_SC_1_PCM___15_kV_GCB
usemtl ehouse
f 13377 13379 13380 13378
f 13381 13382 13384 13383
f 13377 13378 13382 13381
f 13379 13383 13384 13380
f 13377 13381 13383 13379
f 13378 13380 13384 13382
g OPT_MOD-075_SC_1_lube_oil_fin_fan_cooler
usemtl acc
f 13385 13387 13388 13386
f 13389 13390 13392 13391
f 13385 13386 13390 13389
f 13387 13391 13392 13388
f 13385 13389 13391 13387
f 13386 13388 13392 13390
g OPT_MOD-076_CONDITIONAL__SC_1_inlet_chiller___evap_cooler
usemtl conditional
f 13393 13395 13396 13394
f 13397 13398 13400 13399
f 13393 13394 13398 13397
f 13395 13399 13400 13396
f 13393 13397 13399 13395
f 13394 13396 13400 13398
g OPT_MOD-077_SC_2__aeroderivative_package__LM6000_class_
usemtl machine
f 13401 13403 13404 13402
f 13405 13406 13408 13407
f 13401 13402 13406 13405
f 13403 13407 13408 13404
f 13401 13405 13407 13403
f 13402 13404 13408 13406
g OPT_MOD-078_SC_2_SCR___CO_catalyst
usemtl equip
f 13409 13411 13412 13410
f 13413 13414 13416 13415
f 13409 13410 13414 13413
f 13411 13415 13416 13412
f 13409 13413 13415 13411
f 13410 13412 13416 13414
g OPT_MOD-079_SC_2_stack__80_ft_
usemtl stack
f 13417 13418 13434 13433
f 13418 13419 13435 13434
f 13419 13420 13436 13435
f 13420 13421 13437 13436
f 13421 13422 13438 13437
f 13422 13423 13439 13438
f 13423 13424 13440 13439
f 13424 13425 13441 13440
f 13425 13426 13442 13441
f 13426 13427 13443 13442
f 13427 13428 13444 13443
f 13428 13429 13445 13444
f 13429 13430 13446 13445
f 13430 13431 13447 13446
f 13431 13432 13448 13447
f 13432 13417 13433 13448
f 13432 13431 13430 13429 13428 13427 13426 13425 13424 13423 13422 13421 13420 13419 13418 13417
f 13433 13434 13435 13436 13437 13438 13439 13440 13441 13442 13443 13444 13445 13446 13447 13448
g OPT_MOD-080_SC_2_PCM___15_kV_GCB
usemtl ehouse
f 13449 13451 13452 13450
f 13453 13454 13456 13455
f 13449 13450 13454 13453
f 13451 13455 13456 13452
f 13449 13453 13455 13451
f 13450 13452 13456 13454
g OPT_MOD-081_SC_2_lube_oil_fin_fan_cooler
usemtl acc
f 13457 13459 13460 13458
f 13461 13462 13464 13463
f 13457 13458 13462 13461
f 13459 13463 13464 13460
f 13457 13461 13463 13459
f 13458 13460 13464 13462
g OPT_MOD-082_CONDITIONAL__SC_2_inlet_chiller___evap_cooler
usemtl conditional
f 13465 13467 13468 13466
f 13469 13470 13472 13471
f 13465 13466 13470 13469
f 13467 13471 13472 13468
f 13465 13469 13471 13467
f 13466 13468 13472 13470
g OPT_MOD-083_Fuel_gas_compressors_3_x_100__electric
usemtl building
f 13473 13475 13476 13474
f 13477 13478 13480 13479
f 13473 13474 13478 13477
f 13475 13479 13480 13476
f 13473 13477 13479 13475
f 13474 13476 13480 13478
g OPT_MOD-084_Demin_tank___trailer_pad
usemtl tank
f 13481 13483 13484 13482
f 13485 13486 13488 13487
f 13481 13482 13486 13485
f 13483 13487 13488 13484
f 13481 13485 13487 13483
f 13482 13484 13488 13486
g OPT_MOD-085_Water_injection_skid
usemtl equip
f 13489 13491 13492 13490
f 13493 13494 13496 13495
f 13489 13490 13494 13493
f 13491 13495 13496 13492
f 13489 13493 13495 13491
f 13490 13492 13496 13494
g OPT_MOD-086_Aqueous_ammonia__SC_units_
usemtl tank
f 13497 13499 13500 13498
f 13501 13502 13504 13503
f 13497 13498 13502 13501
f 13499 13503 13504 13500
f 13497 13501 13503 13499
f 13498 13500 13504 13502
g OPT_MOD-087_Black_start_gensets__proposed_
usemtl machine
f 13505 13507 13508 13506
f 13509 13510 13512 13511
f 13505 13506 13510 13509
f 13507 13511 13512 13508
f 13505 13509 13511 13507
f 13506 13508 13512 13510
g OPT_MOD-088_Black_start_gensets__proposed_
usemtl machine
f 13513 13515 13516 13514
f 13517 13518 13520 13519
f 13513 13514 13518 13517
f 13515 13519 13520 13516
f 13513 13517 13519 13515
f 13514 13516 13520 13518
g OPT_MOD-089_BS_switchgear
usemtl ehouse
f 13521 13523 13524 13522
f 13525 13526 13528 13527
f 13521 13522 13526 13525
f 13523 13527 13528 13524
f 13521 13525 13527 13523
f 13522 13524 13528 13526
g OPT_MOD-090_CONDITIONAL__BESS_black_start_alternative
usemtl conditional
f 13529 13531 13532 13530
f 13533 13534 13536 13535
f 13529 13530 13534 13533
f 13531 13535 13536 13532
f 13529 13533 13535 13531
f 13530 13532 13536 13534
g OPT_MOD-091_MOD_EH__13_8_kV_modular_collector_e_house
usemtl ehouse
f 13537 13539 13540 13538
f 13541 13542 13544 13543
f 13537 13538 13542 13541
f 13539 13543 13544 13540
f 13537 13541 13543 13539
f 13538 13540 13544 13542
g OPT_MOD-092_T_MOD_1__13_8_230_kV
usemtl xfmr
f 13545 13547 13548 13546
f 13549 13550 13552 13551
f 13545 13546 13550 13549
f 13547 13551 13552 13548
f 13545 13549 13551 13547
f 13546 13548 13552 13550
g OPT_MOD-093_T_MOD_2__13_8_230_kV
usemtl xfmr
f 13553 13555 13556 13554
f 13557 13558 13560 13559
f 13553 13554 13558 13557
f 13555 13559 13560 13556
f 13553 13557 13559 13555
f 13554 13556 13560 13558
g OPT_MOD-094_Fuel_cell_SOFC_module_1__Bloom_ES5_class_
usemtl bess
f 13561 13563 13564 13562
f 13565 13566 13568 13567
f 13561 13562 13566 13565
f 13563 13567 13568 13564
f 13561 13565 13567 13563
f 13562 13564 13568 13566
g OPT_MOD-095_Fuel_cell_SOFC_module_2__Bloom_ES5_class_
usemtl bess
f 13569 13571 13572 13570
f 13573 13574 13576 13575
f 13569 13570 13574 13573
f 13571 13575 13576 13572
f 13569 13573 13575 13571
f 13570 13572 13576 13574
g OPT_MOD-096_Fuel_cell_SOFC_module_3__Bloom_ES5_class_
usemtl bess
f 13577 13579 13580 13578
f 13581 13582 13584 13583
f 13577 13578 13582 13581
f 13579 13583 13584 13580
f 13577 13581 13583 13579
f 13578 13580 13584 13582
g OPT_MOD-097_Fuel_cell_SOFC_module_4__Bloom_ES5_class_
usemtl bess
f 13585 13587 13588 13586
f 13589 13590 13592 13591
f 13585 13586 13590 13589
f 13587 13591 13592 13588
f 13585 13589 13591 13587
f 13586 13588 13592 13590
g OPT_MOD-098_Fuel_cell_inverter___AC_cabinet___desulfurizer
usemtl ehouse
f 13593 13595 13596 13594
f 13597 13598 13600 13599
f 13593 13594 13598 13597
f 13595 13599 13600 13596
f 13593 13597 13599 13595
f 13594 13596 13600 13598
g OPT_MOD-099_Microturbine_1__1_MW__Capstone_C1000_class_
usemtl machine
f 13601 13603 13604 13602
f 13605 13606 13608 13607
f 13601 13602 13606 13605
f 13603 13607 13608 13604
f 13601 13605 13607 13603
f 13602 13604 13608 13606
g OPT_MOD-100_Microturbine_2__1_MW__Capstone_C1000_class_
usemtl machine
f 13609 13611 13612 13610
f 13613 13614 13616 13615
f 13609 13610 13614 13613
f 13611 13615 13616 13612
f 13609 13613 13615 13611
f 13610 13612 13616 13614
g OPT_MOD-101_Microturbine_3__1_MW__Capstone_C1000_class_
usemtl machine
f 13617 13619 13620 13618
f 13621 13622 13624 13623
f 13617 13618 13622 13621
f 13619 13623 13624 13620
f 13617 13621 13623 13619
f 13618 13620 13624 13622
g OPT_MOD-102_MOD_LV_480_V_board___step_up
usemtl ehouse
f 13625 13627 13628 13626
f 13629 13630 13632 13631
f 13625 13626 13630 13629
f 13627 13631 13632 13628
f 13625 13629 13631 13627
f 13626 13628 13632 13630
g OPT_TMP-001_Portable_pad_lane
usemtl road
f 13633 13635 13636 13634
f 13637 13638 13640 13639
f 13633 13634 13638 13637
f 13635 13639 13640 13636
f 13633 13637 13639 13635
f 13634 13636 13640 13638
g OPT_TMP-002_Portable_pad_lane
usemtl road
f 13641 13643 13644 13642
f 13645 13646 13648 13647
f 13641 13642 13646 13645
f 13643 13647 13648 13644
f 13641 13645 13647 13643
f 13642 13644 13648 13646
g OPT_TMP-003_Drive_over_cable_ramp
usemtl amber
f 13649 13651 13652 13650
f 13653 13654 13656 13655
f 13649 13650 13654 13653
f 13651 13655 13656 13652
f 13649 13653 13655 13651
f 13650 13652 13656 13654
g OPT_TMP-004_CONT_1__containerized_genset_13_8_kV__40_ft_
usemtl machine
f 13657 13659 13660 13658
f 13661 13662 13664 13663
f 13657 13658 13662 13661
f 13659 13663 13664 13660
f 13657 13661 13663 13659
f 13658 13660 13664 13662
g OPT_TMP-005_CONT_2__containerized_genset_13_8_kV__40_ft_
usemtl machine
f 13665 13667 13668 13666
f 13669 13670 13672 13671
f 13665 13666 13670 13669
f 13667 13671 13672 13668
f 13665 13669 13671 13667
f 13666 13668 13672 13670
g OPT_TMP-006_GSP_1_gen__breaker___protection
usemtl ehouse
f 13673 13675 13676 13674
f 13677 13678 13680 13679
f 13673 13674 13678 13677
f 13675 13679 13680 13676
f 13673 13677 13679 13675
f 13674 13676 13680 13678
g OPT_TMP-007_GSP_2_gen__breaker___protection
usemtl ehouse
f 13681 13683 13684 13682
f 13685 13686 13688 13687
f 13681 13682 13686 13685
f 13683 13687 13688 13684
f 13681 13685 13687 13683
f 13682 13684 13688 13686
g OPT_TMP-008_MOB_1__trailer_genset
usemtl machine
f 13689 13691 13692 13690
f 13693 13694 13696 13695
f 13689 13690 13694 13693
f 13691 13695 13696 13692
f 13689 13693 13695 13691
f 13690 13692 13696 13694
g OPT_TMP-009_PIC__portable_input_cabinet
usemtl ehouse
f 13697 13699 13700 13698
f 13701 13702 13704 13703
f 13697 13698 13702 13701
f 13699 13703 13704 13700
f 13697 13701 13703 13699
f 13698 13700 13704 13702
g OPT_TMP-010_Commissioning_load_bank__trailer_
usemtl equip
f 13705 13707 13708 13706
f 13709 13710 13712 13711
f 13705 13706 13710 13709
f 13707 13711 13712 13708
f 13705 13709 13711 13707
f 13706 13708 13712 13710
g OPT_TMP-011_GEN_E__enclosed_industrial_gas_genset_2_MW
usemtl machine
f 13713 13715 13716 13714
f 13717 13718 13720 13719
f 13713 13714 13718 13717
f 13715 13719 13720 13716
f 13713 13717 13719 13715
f 13714 13716 13720 13718
g OPT_TMP-012_GEN_O__open_engine_generator_skid
usemtl machine
f 13721 13723 13724 13722
f 13725 13726 13728 13727
f 13721 13722 13726 13725
f 13723 13727 13728 13724
f 13721 13725 13727 13723
f 13722 13724 13728 13726
g OPT_TMP-013_PAD_LV_480_V_paralleling_switchboard
usemtl ehouse
f 13729 13731 13732 13730
f 13733 13734 13736 13735
f 13729 13730 13734 13733
f 13731 13735 13736 13732
f 13729 13733 13735 13731
f 13730 13732 13736 13734
g OPT_TMP-014_PAD_TX_480_V___13_8_kV
usemtl xfmr
f 13737 13739 13740 13738
f 13741 13742 13744 13743
f 13737 13738 13742 13741
f 13739 13743 13744 13740
f 13737 13741 13743 13739
f 13738 13740 13744 13742
g OPT_TMP-015_PAD_EH_13_8_kV_switchgear_e_house
usemtl ehouse
f 13745 13747 13748 13746
f 13749 13750 13752 13751
f 13745 13746 13750 13749
f 13747 13751 13752 13748
f 13745 13749 13751 13747
f 13746 13748 13752 13750
g OPT_TMP-016_Portable_pad_gas_conditioning_skid
usemtl equip
f 13753 13755 13756 13754
f 13757 13758 13760 13759
f 13753 13754 13758 13757
f 13755 13759 13760 13756
f 13753 13757 13759 13755
f 13754 13756 13760 13758
g OPT_IC-001_Inlet_chilling_tower__12_cells____chiller_heat_rejection
usemtl tower
f 13761 13763 13764 13762
f 13765 13766 13768 13767
f 13761 13762 13766 13765
f 13763 13767 13768 13764
f 13761 13765 13767 13763
f 13762 13764 13768 13766
g OPT_IC-002_Inlet_chilling_tower_fan_stack
usemtl tower
f 13769 13770 13802 13801
f 13770 13771 13803 13802
f 13771 13772 13804 13803
f 13772 13773 13805 13804
f 13773 13774 13806 13805
f 13774 13775 13807 13806
f 13775 13776 13808 13807
f 13776 13777 13809 13808
f 13777 13778 13810 13809
f 13778 13779 13811 13810
f 13779 13780 13812 13811
f 13780 13781 13813 13812
f 13781 13782 13814 13813
f 13782 13783 13815 13814
f 13783 13784 13816 13815
f 13784 13785 13817 13816
f 13785 13786 13818 13817
f 13786 13787 13819 13818
f 13787 13788 13820 13819
f 13788 13789 13821 13820
f 13789 13790 13822 13821
f 13790 13791 13823 13822
f 13791 13792 13824 13823
f 13792 13793 13825 13824
f 13793 13794 13826 13825
f 13794 13795 13827 13826
f 13795 13796 13828 13827
f 13796 13797 13829 13828
f 13797 13798 13830 13829
f 13798 13799 13831 13830
f 13799 13800 13832 13831
f 13800 13769 13801 13832
f 13800 13799 13798 13797 13796 13795 13794 13793 13792 13791 13790 13789 13788 13787 13786 13785 13784 13783 13782 13781 13780 13779 13778 13777 13776 13775 13774 13773 13772 13771 13770 13769
f 13801 13802 13803 13804 13805 13806 13807 13808 13809 13810 13811 13812 13813 13814 13815 13816 13817 13818 13819 13820 13821 13822 13823 13824 13825 13826 13827 13828 13829 13830 13831 13832
g OPT_IC-003_Inlet_chilling_tower_fan_stack
usemtl tower
f 13833 13834 13866 13865
f 13834 13835 13867 13866
f 13835 13836 13868 13867
f 13836 13837 13869 13868
f 13837 13838 13870 13869
f 13838 13839 13871 13870
f 13839 13840 13872 13871
f 13840 13841 13873 13872
f 13841 13842 13874 13873
f 13842 13843 13875 13874
f 13843 13844 13876 13875
f 13844 13845 13877 13876
f 13845 13846 13878 13877
f 13846 13847 13879 13878
f 13847 13848 13880 13879
f 13848 13849 13881 13880
f 13849 13850 13882 13881
f 13850 13851 13883 13882
f 13851 13852 13884 13883
f 13852 13853 13885 13884
f 13853 13854 13886 13885
f 13854 13855 13887 13886
f 13855 13856 13888 13887
f 13856 13857 13889 13888
f 13857 13858 13890 13889
f 13858 13859 13891 13890
f 13859 13860 13892 13891
f 13860 13861 13893 13892
f 13861 13862 13894 13893
f 13862 13863 13895 13894
f 13863 13864 13896 13895
f 13864 13833 13865 13896
f 13864 13863 13862 13861 13860 13859 13858 13857 13856 13855 13854 13853 13852 13851 13850 13849 13848 13847 13846 13845 13844 13843 13842 13841 13840 13839 13838 13837 13836 13835 13834 13833
f 13865 13866 13867 13868 13869 13870 13871 13872 13873 13874 13875 13876 13877 13878 13879 13880 13881 13882 13883 13884 13885 13886 13887 13888 13889 13890 13891 13892 13893 13894 13895 13896
g OPT_IC-004_Inlet_chilling_tower_fan_stack
usemtl tower
f 13897 13898 13930 13929
f 13898 13899 13931 13930
f 13899 13900 13932 13931
f 13900 13901 13933 13932
f 13901 13902 13934 13933
f 13902 13903 13935 13934
f 13903 13904 13936 13935
f 13904 13905 13937 13936
f 13905 13906 13938 13937
f 13906 13907 13939 13938
f 13907 13908 13940 13939
f 13908 13909 13941 13940
f 13909 13910 13942 13941
f 13910 13911 13943 13942
f 13911 13912 13944 13943
f 13912 13913 13945 13944
f 13913 13914 13946 13945
f 13914 13915 13947 13946
f 13915 13916 13948 13947
f 13916 13917 13949 13948
f 13917 13918 13950 13949
f 13918 13919 13951 13950
f 13919 13920 13952 13951
f 13920 13921 13953 13952
f 13921 13922 13954 13953
f 13922 13923 13955 13954
f 13923 13924 13956 13955
f 13924 13925 13957 13956
f 13925 13926 13958 13957
f 13926 13927 13959 13958
f 13927 13928 13960 13959
f 13928 13897 13929 13960
f 13928 13927 13926 13925 13924 13923 13922 13921 13920 13919 13918 13917 13916 13915 13914 13913 13912 13911 13910 13909 13908 13907 13906 13905 13904 13903 13902 13901 13900 13899 13898 13897
f 13929 13930 13931 13932 13933 13934 13935 13936 13937 13938 13939 13940 13941 13942 13943 13944 13945 13946 13947 13948 13949 13950 13951 13952 13953 13954 13955 13956 13957 13958 13959 13960
g OPT_IC-005_Inlet_chilling_tower_fan_stack
usemtl tower
f 13961 13962 13994 13993
f 13962 13963 13995 13994
f 13963 13964 13996 13995
f 13964 13965 13997 13996
f 13965 13966 13998 13997
f 13966 13967 13999 13998
f 13967 13968 14000 13999
f 13968 13969 14001 14000
f 13969 13970 14002 14001
f 13970 13971 14003 14002
f 13971 13972 14004 14003
f 13972 13973 14005 14004
f 13973 13974 14006 14005
f 13974 13975 14007 14006
f 13975 13976 14008 14007
f 13976 13977 14009 14008
f 13977 13978 14010 14009
f 13978 13979 14011 14010
f 13979 13980 14012 14011
f 13980 13981 14013 14012
f 13981 13982 14014 14013
f 13982 13983 14015 14014
f 13983 13984 14016 14015
f 13984 13985 14017 14016
f 13985 13986 14018 14017
f 13986 13987 14019 14018
f 13987 13988 14020 14019
f 13988 13989 14021 14020
f 13989 13990 14022 14021
f 13990 13991 14023 14022
f 13991 13992 14024 14023
f 13992 13961 13993 14024
f 13992 13991 13990 13989 13988 13987 13986 13985 13984 13983 13982 13981 13980 13979 13978 13977 13976 13975 13974 13973 13972 13971 13970 13969 13968 13967 13966 13965 13964 13963 13962 13961
f 13993 13994 13995 13996 13997 13998 13999 14000 14001 14002 14003 14004 14005 14006 14007 14008 14009 14010 14011 14012 14013 14014 14015 14016 14017 14018 14019 14020 14021 14022 14023 14024
g OPT_IC-006_Inlet_chilling_tower_fan_stack
usemtl tower
f 14025 14026 14058 14057
f 14026 14027 14059 14058
f 14027 14028 14060 14059
f 14028 14029 14061 14060
f 14029 14030 14062 14061
f 14030 14031 14063 14062
f 14031 14032 14064 14063
f 14032 14033 14065 14064
f 14033 14034 14066 14065
f 14034 14035 14067 14066
f 14035 14036 14068 14067
f 14036 14037 14069 14068
f 14037 14038 14070 14069
f 14038 14039 14071 14070
f 14039 14040 14072 14071
f 14040 14041 14073 14072
f 14041 14042 14074 14073
f 14042 14043 14075 14074
f 14043 14044 14076 14075
f 14044 14045 14077 14076
f 14045 14046 14078 14077
f 14046 14047 14079 14078
f 14047 14048 14080 14079
f 14048 14049 14081 14080
f 14049 14050 14082 14081
f 14050 14051 14083 14082
f 14051 14052 14084 14083
f 14052 14053 14085 14084
f 14053 14054 14086 14085
f 14054 14055 14087 14086
f 14055 14056 14088 14087
f 14056 14025 14057 14088
f 14056 14055 14054 14053 14052 14051 14050 14049 14048 14047 14046 14045 14044 14043 14042 14041 14040 14039 14038 14037 14036 14035 14034 14033 14032 14031 14030 14029 14028 14027 14026 14025
f 14057 14058 14059 14060 14061 14062 14063 14064 14065 14066 14067 14068 14069 14070 14071 14072 14073 14074 14075 14076 14077 14078 14079 14080 14081 14082 14083 14084 14085 14086 14087 14088
g OPT_IC-007_Inlet_chilling_tower_fan_stack
usemtl tower
f 14089 14090 14122 14121
f 14090 14091 14123 14122
f 14091 14092 14124 14123
f 14092 14093 14125 14124
f 14093 14094 14126 14125
f 14094 14095 14127 14126
f 14095 14096 14128 14127
f 14096 14097 14129 14128
f 14097 14098 14130 14129
f 14098 14099 14131 14130
f 14099 14100 14132 14131
f 14100 14101 14133 14132
f 14101 14102 14134 14133
f 14102 14103 14135 14134
f 14103 14104 14136 14135
f 14104 14105 14137 14136
f 14105 14106 14138 14137
f 14106 14107 14139 14138
f 14107 14108 14140 14139
f 14108 14109 14141 14140
f 14109 14110 14142 14141
f 14110 14111 14143 14142
f 14111 14112 14144 14143
f 14112 14113 14145 14144
f 14113 14114 14146 14145
f 14114 14115 14147 14146
f 14115 14116 14148 14147
f 14116 14117 14149 14148
f 14117 14118 14150 14149
f 14118 14119 14151 14150
f 14119 14120 14152 14151
f 14120 14089 14121 14152
f 14120 14119 14118 14117 14116 14115 14114 14113 14112 14111 14110 14109 14108 14107 14106 14105 14104 14103 14102 14101 14100 14099 14098 14097 14096 14095 14094 14093 14092 14091 14090 14089
f 14121 14122 14123 14124 14125 14126 14127 14128 14129 14130 14131 14132 14133 14134 14135 14136 14137 14138 14139 14140 14141 14142 14143 14144 14145 14146 14147 14148 14149 14150 14151 14152
g OPT_IC-008_Inlet_chilling_tower_fan_stack
usemtl tower
f 14153 14154 14186 14185
f 14154 14155 14187 14186
f 14155 14156 14188 14187
f 14156 14157 14189 14188
f 14157 14158 14190 14189
f 14158 14159 14191 14190
f 14159 14160 14192 14191
f 14160 14161 14193 14192
f 14161 14162 14194 14193
f 14162 14163 14195 14194
f 14163 14164 14196 14195
f 14164 14165 14197 14196
f 14165 14166 14198 14197
f 14166 14167 14199 14198
f 14167 14168 14200 14199
f 14168 14169 14201 14200
f 14169 14170 14202 14201
f 14170 14171 14203 14202
f 14171 14172 14204 14203
f 14172 14173 14205 14204
f 14173 14174 14206 14205
f 14174 14175 14207 14206
f 14175 14176 14208 14207
f 14176 14177 14209 14208
f 14177 14178 14210 14209
f 14178 14179 14211 14210
f 14179 14180 14212 14211
f 14180 14181 14213 14212
f 14181 14182 14214 14213
f 14182 14183 14215 14214
f 14183 14184 14216 14215
f 14184 14153 14185 14216
f 14184 14183 14182 14181 14180 14179 14178 14177 14176 14175 14174 14173 14172 14171 14170 14169 14168 14167 14166 14165 14164 14163 14162 14161 14160 14159 14158 14157 14156 14155 14154 14153
f 14185 14186 14187 14188 14189 14190 14191 14192 14193 14194 14195 14196 14197 14198 14199 14200 14201 14202 14203 14204 14205 14206 14207 14208 14209 14210 14211 14212 14213 14214 14215 14216
g OPT_IC-009_Inlet_chilling_tower_fan_stack
usemtl tower
f 14217 14218 14250 14249
f 14218 14219 14251 14250
f 14219 14220 14252 14251
f 14220 14221 14253 14252
f 14221 14222 14254 14253
f 14222 14223 14255 14254
f 14223 14224 14256 14255
f 14224 14225 14257 14256
f 14225 14226 14258 14257
f 14226 14227 14259 14258
f 14227 14228 14260 14259
f 14228 14229 14261 14260
f 14229 14230 14262 14261
f 14230 14231 14263 14262
f 14231 14232 14264 14263
f 14232 14233 14265 14264
f 14233 14234 14266 14265
f 14234 14235 14267 14266
f 14235 14236 14268 14267
f 14236 14237 14269 14268
f 14237 14238 14270 14269
f 14238 14239 14271 14270
f 14239 14240 14272 14271
f 14240 14241 14273 14272
f 14241 14242 14274 14273
f 14242 14243 14275 14274
f 14243 14244 14276 14275
f 14244 14245 14277 14276
f 14245 14246 14278 14277
f 14246 14247 14279 14278
f 14247 14248 14280 14279
f 14248 14217 14249 14280
f 14248 14247 14246 14245 14244 14243 14242 14241 14240 14239 14238 14237 14236 14235 14234 14233 14232 14231 14230 14229 14228 14227 14226 14225 14224 14223 14222 14221 14220 14219 14218 14217
f 14249 14250 14251 14252 14253 14254 14255 14256 14257 14258 14259 14260 14261 14262 14263 14264 14265 14266 14267 14268 14269 14270 14271 14272 14273 14274 14275 14276 14277 14278 14279 14280
g OPT_IC-010_Inlet_chilling_tower_fan_stack
usemtl tower
f 14281 14282 14314 14313
f 14282 14283 14315 14314
f 14283 14284 14316 14315
f 14284 14285 14317 14316
f 14285 14286 14318 14317
f 14286 14287 14319 14318
f 14287 14288 14320 14319
f 14288 14289 14321 14320
f 14289 14290 14322 14321
f 14290 14291 14323 14322
f 14291 14292 14324 14323
f 14292 14293 14325 14324
f 14293 14294 14326 14325
f 14294 14295 14327 14326
f 14295 14296 14328 14327
f 14296 14297 14329 14328
f 14297 14298 14330 14329
f 14298 14299 14331 14330
f 14299 14300 14332 14331
f 14300 14301 14333 14332
f 14301 14302 14334 14333
f 14302 14303 14335 14334
f 14303 14304 14336 14335
f 14304 14305 14337 14336
f 14305 14306 14338 14337
f 14306 14307 14339 14338
f 14307 14308 14340 14339
f 14308 14309 14341 14340
f 14309 14310 14342 14341
f 14310 14311 14343 14342
f 14311 14312 14344 14343
f 14312 14281 14313 14344
f 14312 14311 14310 14309 14308 14307 14306 14305 14304 14303 14302 14301 14300 14299 14298 14297 14296 14295 14294 14293 14292 14291 14290 14289 14288 14287 14286 14285 14284 14283 14282 14281
f 14313 14314 14315 14316 14317 14318 14319 14320 14321 14322 14323 14324 14325 14326 14327 14328 14329 14330 14331 14332 14333 14334 14335 14336 14337 14338 14339 14340 14341 14342 14343 14344
g OPT_IC-011_Inlet_chilling_tower_fan_stack
usemtl tower
f 14345 14346 14378 14377
f 14346 14347 14379 14378
f 14347 14348 14380 14379
f 14348 14349 14381 14380
f 14349 14350 14382 14381
f 14350 14351 14383 14382
f 14351 14352 14384 14383
f 14352 14353 14385 14384
f 14353 14354 14386 14385
f 14354 14355 14387 14386
f 14355 14356 14388 14387
f 14356 14357 14389 14388
f 14357 14358 14390 14389
f 14358 14359 14391 14390
f 14359 14360 14392 14391
f 14360 14361 14393 14392
f 14361 14362 14394 14393
f 14362 14363 14395 14394
f 14363 14364 14396 14395
f 14364 14365 14397 14396
f 14365 14366 14398 14397
f 14366 14367 14399 14398
f 14367 14368 14400 14399
f 14368 14369 14401 14400
f 14369 14370 14402 14401
f 14370 14371 14403 14402
f 14371 14372 14404 14403
f 14372 14373 14405 14404
f 14373 14374 14406 14405
f 14374 14375 14407 14406
f 14375 14376 14408 14407
f 14376 14345 14377 14408
f 14376 14375 14374 14373 14372 14371 14370 14369 14368 14367 14366 14365 14364 14363 14362 14361 14360 14359 14358 14357 14356 14355 14354 14353 14352 14351 14350 14349 14348 14347 14346 14345
f 14377 14378 14379 14380 14381 14382 14383 14384 14385 14386 14387 14388 14389 14390 14391 14392 14393 14394 14395 14396 14397 14398 14399 14400 14401 14402 14403 14404 14405 14406 14407 14408
g OPT_IC-012_Inlet_chilling_tower_fan_stack
usemtl tower
f 14409 14410 14442 14441
f 14410 14411 14443 14442
f 14411 14412 14444 14443
f 14412 14413 14445 14444
f 14413 14414 14446 14445
f 14414 14415 14447 14446
f 14415 14416 14448 14447
f 14416 14417 14449 14448
f 14417 14418 14450 14449
f 14418 14419 14451 14450
f 14419 14420 14452 14451
f 14420 14421 14453 14452
f 14421 14422 14454 14453
f 14422 14423 14455 14454
f 14423 14424 14456 14455
f 14424 14425 14457 14456
f 14425 14426 14458 14457
f 14426 14427 14459 14458
f 14427 14428 14460 14459
f 14428 14429 14461 14460
f 14429 14430 14462 14461
f 14430 14431 14463 14462
f 14431 14432 14464 14463
f 14432 14433 14465 14464
f 14433 14434 14466 14465
f 14434 14435 14467 14466
f 14435 14436 14468 14467
f 14436 14437 14469 14468
f 14437 14438 14470 14469
f 14438 14439 14471 14470
f 14439 14440 14472 14471
f 14440 14409 14441 14472
f 14440 14439 14438 14437 14436 14435 14434 14433 14432 14431 14430 14429 14428 14427 14426 14425 14424 14423 14422 14421 14420 14419 14418 14417 14416 14415 14414 14413 14412 14411 14410 14409
f 14441 14442 14443 14444 14445 14446 14447 14448 14449 14450 14451 14452 14453 14454 14455 14456 14457 14458 14459 14460 14461 14462 14463 14464 14465 14466 14467 14468 14469 14470 14471 14472
g OPT_IC-013_Inlet_chilling_tower_fan_stack
usemtl tower
f 14473 14474 14506 14505
f 14474 14475 14507 14506
f 14475 14476 14508 14507
f 14476 14477 14509 14508
f 14477 14478 14510 14509
f 14478 14479 14511 14510
f 14479 14480 14512 14511
f 14480 14481 14513 14512
f 14481 14482 14514 14513
f 14482 14483 14515 14514
f 14483 14484 14516 14515
f 14484 14485 14517 14516
f 14485 14486 14518 14517
f 14486 14487 14519 14518
f 14487 14488 14520 14519
f 14488 14489 14521 14520
f 14489 14490 14522 14521
f 14490 14491 14523 14522
f 14491 14492 14524 14523
f 14492 14493 14525 14524
f 14493 14494 14526 14525
f 14494 14495 14527 14526
f 14495 14496 14528 14527
f 14496 14497 14529 14528
f 14497 14498 14530 14529
f 14498 14499 14531 14530
f 14499 14500 14532 14531
f 14500 14501 14533 14532
f 14501 14502 14534 14533
f 14502 14503 14535 14534
f 14503 14504 14536 14535
f 14504 14473 14505 14536
f 14504 14503 14502 14501 14500 14499 14498 14497 14496 14495 14494 14493 14492 14491 14490 14489 14488 14487 14486 14485 14484 14483 14482 14481 14480 14479 14478 14477 14476 14475 14474 14473
f 14505 14506 14507 14508 14509 14510 14511 14512 14513 14514 14515 14516 14517 14518 14519 14520 14521 14522 14523 14524 14525 14526 14527 14528 14529 14530 14531 14532 14533 14534 14535 14536
g OPT_IC-014_Chillers_x6__water_cooled_
usemtl building
f 14537 14539 14540 14538
f 14541 14542 14544 14543
f 14537 14538 14542 14541
f 14539 14543 14544 14540
f 14537 14541 14543 14539
f 14538 14540 14544 14542
g OPT_IC-015_CHW___CW_pumps
usemtl motor
f 14545 14547 14548 14546
f 14549 14550 14552 14551
f 14545 14546 14550 14549
f 14547 14551 14552 14548
f 14545 14549 14551 14547
f 14546 14548 14552 14550
g OPT_IC-016_Inlet_chilling_e_house___transformer
usemtl ehouse
f 14553 14555 14556 14554
f 14557 14558 14560 14559
f 14553 14554 14558 14557
f 14555 14559 14560 14556
f 14553 14557 14559 14555
f 14554 14556 14560 14558
g OPT_IC-017_CHW_pumps
usemtl motor
f 14561 14563 14564 14562
f 14565 14566 14568 14567
f 14561 14562 14566 14565
f 14563 14567 14568 14564
f 14561 14565 14567 14563
f 14562 14564 14568 14566
g OPT_IC-018_CONDITIONAL__TES_chilled_water_tank
usemtl conditional
f 14569 14570 14602 14601
f 14570 14571 14603 14602
f 14571 14572 14604 14603
f 14572 14573 14605 14604
f 14573 14574 14606 14605
f 14574 14575 14607 14606
f 14575 14576 14608 14607
f 14576 14577 14609 14608
f 14577 14578 14610 14609
f 14578 14579 14611 14610
f 14579 14580 14612 14611
f 14580 14581 14613 14612
f 14581 14582 14614 14613
f 14582 14583 14615 14614
f 14583 14584 14616 14615
f 14584 14585 14617 14616
f 14585 14586 14618 14617
f 14586 14587 14619 14618
f 14587 14588 14620 14619
f 14588 14589 14621 14620
f 14589 14590 14622 14621
f 14590 14591 14623 14622
f 14591 14592 14624 14623
f 14592 14593 14625 14624
f 14593 14594 14626 14625
f 14594 14595 14627 14626
f 14595 14596 14628 14627
f 14596 14597 14629 14628
f 14597 14598 14630 14629
f 14598 14599 14631 14630
f 14599 14600 14632 14631
f 14600 14569 14601 14632
f 14600 14599 14598 14597 14596 14595 14594 14593 14592 14591 14590 14589 14588 14587 14586 14585 14584 14583 14582 14581 14580 14579 14578 14577 14576 14575 14574 14573 14572 14571 14570 14569
f 14601 14602 14603 14604 14605 14606 14607 14608 14609 14610 14611 14612 14613 14614 14615 14616 14617 14618 14619 14620 14621 14622 14623 14624 14625 14626 14627 14628 14629 14630 14631 14632
g OPT_LNG-001_12_Spill_impoundment__NFPA_59A__to_verify_
usemtl concrete
f 14633 14635 14636 14634
f 14637 14638 14640 14639
f 14633 14634 14638 14637
f 14635 14639 14640 14636
f 14633 14637 14639 14635
f 14634 14636 14640 14638
g OPT_LNG-002_11_LNG_tank_1__Chart_HS_50000__51_780_gal_
usemtl tank
f 14641 14642 14658 14657
f 14642 14643 14659 14658
f 14643 14644 14660 14659
f 14644 14645 14661 14660
f 14645 14646 14662 14661
f 14646 14647 14663 14662
f 14647 14648 14664 14663
f 14648 14649 14665 14664
f 14649 14650 14666 14665
f 14650 14651 14667 14666
f 14651 14652 14668 14667
f 14652 14653 14669 14668
f 14653 14654 14670 14669
f 14654 14655 14671 14670
f 14655 14656 14672 14671
f 14656 14641 14657 14672
f 14656 14655 14654 14653 14652 14651 14650 14649 14648 14647 14646 14645 14644 14643 14642 14641
f 14657 14658 14659 14660 14661 14662 14663 14664 14665 14666 14667 14668 14669 14670 14671 14672
g OPT_LNG-003_11_LNG_tank_2__Chart_HS_50000__51_780_gal_
usemtl tank
f 14673 14674 14690 14689
f 14674 14675 14691 14690
f 14675 14676 14692 14691
f 14676 14677 14693 14692
f 14677 14678 14694 14693
f 14678 14679 14695 14694
f 14679 14680 14696 14695
f 14680 14681 14697 14696
f 14681 14682 14698 14697
f 14682 14683 14699 14698
f 14683 14684 14700 14699
f 14684 14685 14701 14700
f 14685 14686 14702 14701
f 14686 14687 14703 14702
f 14687 14688 14704 14703
f 14688 14673 14689 14704
f 14688 14687 14686 14685 14684 14683 14682 14681 14680 14679 14678 14677 14676 14675 14674 14673
f 14689 14690 14691 14692 14693 14694 14695 14696 14697 14698 14699 14700 14701 14702 14703 14704
g OPT_LNG-004_11_LNG_tank_3__Chart_HS_50000__51_780_gal_
usemtl tank
f 14705 14706 14722 14721
f 14706 14707 14723 14722
f 14707 14708 14724 14723
f 14708 14709 14725 14724
f 14709 14710 14726 14725
f 14710 14711 14727 14726
f 14711 14712 14728 14727
f 14712 14713 14729 14728
f 14713 14714 14730 14729
f 14714 14715 14731 14730
f 14715 14716 14732 14731
f 14716 14717 14733 14732
f 14717 14718 14734 14733
f 14718 14719 14735 14734
f 14719 14720 14736 14735
f 14720 14705 14721 14736
f 14720 14719 14718 14717 14716 14715 14714 14713 14712 14711 14710 14709 14708 14707 14706 14705
f 14721 14722 14723 14724 14725 14726 14727 14728 14729 14730 14731 14732 14733 14734 14735 14736
g OPT_LNG-005_11_LNG_tank_4__Chart_HS_50000__51_780_gal_
usemtl tank
f 14737 14738 14754 14753
f 14738 14739 14755 14754
f 14739 14740 14756 14755
f 14740 14741 14757 14756
f 14741 14742 14758 14757
f 14742 14743 14759 14758
f 14743 14744 14760 14759
f 14744 14745 14761 14760
f 14745 14746 14762 14761
f 14746 14747 14763 14762
f 14747 14748 14764 14763
f 14748 14749 14765 14764
f 14749 14750 14766 14765
f 14750 14751 14767 14766
f 14751 14752 14768 14767
f 14752 14737 14753 14768
f 14752 14751 14750 14749 14748 14747 14746 14745 14744 14743 14742 14741 14740 14739 14738 14737
f 14753 14754 14755 14756 14757 14758 14759 14760 14761 14762 14763 14764 14765 14766 14767 14768
g OPT_LNG-006_11_LNG_tank_5__Chart_HS_50000__51_780_gal_
usemtl tank
f 14769 14770 14786 14785
f 14770 14771 14787 14786
f 14771 14772 14788 14787
f 14772 14773 14789 14788
f 14773 14774 14790 14789
f 14774 14775 14791 14790
f 14775 14776 14792 14791
f 14776 14777 14793 14792
f 14777 14778 14794 14793
f 14778 14779 14795 14794
f 14779 14780 14796 14795
f 14780 14781 14797 14796
f 14781 14782 14798 14797
f 14782 14783 14799 14798
f 14783 14784 14800 14799
f 14784 14769 14785 14800
f 14784 14783 14782 14781 14780 14779 14778 14777 14776 14775 14774 14773 14772 14771 14770 14769
f 14785 14786 14787 14788 14789 14790 14791 14792 14793 14794 14795 14796 14797 14798 14799 14800
g OPT_LNG-007_11_LNG_tank_6__Chart_HS_50000__51_780_gal_
usemtl tank
f 14801 14802 14818 14817
f 14802 14803 14819 14818
f 14803 14804 14820 14819
f 14804 14805 14821 14820
f 14805 14806 14822 14821
f 14806 14807 14823 14822
f 14807 14808 14824 14823
f 14808 14809 14825 14824
f 14809 14810 14826 14825
f 14810 14811 14827 14826
f 14811 14812 14828 14827
f 14812 14813 14829 14828
f 14813 14814 14830 14829
f 14814 14815 14831 14830
f 14815 14816 14832 14831
f 14816 14801 14817 14832
f 14816 14815 14814 14813 14812 14811 14810 14809 14808 14807 14806 14805 14804 14803 14802 14801
f 14817 14818 14819 14820 14821 14822 14823 14824 14825 14826 14827 14828 14829 14830 14831 14832
g OPT_LNG-008_11_LNG_tank_7__Chart_HS_50000__51_780_gal_
usemtl tank
f 14833 14834 14850 14849
f 14834 14835 14851 14850
f 14835 14836 14852 14851
f 14836 14837 14853 14852
f 14837 14838 14854 14853
f 14838 14839 14855 14854
f 14839 14840 14856 14855
f 14840 14841 14857 14856
f 14841 14842 14858 14857
f 14842 14843 14859 14858
f 14843 14844 14860 14859
f 14844 14845 14861 14860
f 14845 14846 14862 14861
f 14846 14847 14863 14862
f 14847 14848 14864 14863
f 14848 14833 14849 14864
f 14848 14847 14846 14845 14844 14843 14842 14841 14840 14839 14838 14837 14836 14835 14834 14833
f 14849 14850 14851 14852 14853 14854 14855 14856 14857 14858 14859 14860 14861 14862 14863 14864
g OPT_LNG-009_11_LNG_tank_8__Chart_HS_50000__51_780_gal_
usemtl tank
f 14865 14866 14882 14881
f 14866 14867 14883 14882
f 14867 14868 14884 14883
f 14868 14869 14885 14884
f 14869 14870 14886 14885
f 14870 14871 14887 14886
f 14871 14872 14888 14887
f 14872 14873 14889 14888
f 14873 14874 14890 14889
f 14874 14875 14891 14890
f 14875 14876 14892 14891
f 14876 14877 14893 14892
f 14877 14878 14894 14893
f 14878 14879 14895 14894
f 14879 14880 14896 14895
f 14880 14865 14881 14896
f 14880 14879 14878 14877 14876 14875 14874 14873 14872 14871 14870 14869 14868 14867 14866 14865
f 14881 14882 14883 14884 14885 14886 14887 14888 14889 14890 14891 14892 14893 14894 14895 14896
g OPT_LNG-010_10_LNG_truck_unloading_bay_1
usemtl road
f 14897 14899 14900 14898
f 14901 14902 14904 14903
f 14897 14898 14902 14901
f 14899 14903 14904 14900
f 14897 14901 14903 14899
f 14898 14900 14904 14902
g OPT_LNG-011_10_LNG_truck_unloading_bay_2
usemtl road
f 14905 14907 14908 14906
f 14909 14910 14912 14911
f 14905 14906 14910 14909
f 14907 14911 14912 14908
f 14905 14909 14911 14907
f 14906 14908 14912 14910
g OPT_LNG-012_10_Unloading_skid
usemtl equip
f 14913 14915 14916 14914
f 14917 14918 14920 14919
f 14913 14914 14918 14917
f 14915 14919 14920 14916
f 14913 14917 14919 14915
f 14914 14916 14920 14918
g OPT_LNG-013_14_Vaporizers___glycol_heater
usemtl equip
f 14921 14923 14924 14922
f 14925 14926 14928 14927
f 14921 14922 14926 14925
f 14923 14927 14928 14924
f 14921 14925 14927 14923
f 14922 14924 14928 14926
g OPT_LNG-014_13_Send_out_pumps_2_x_100_
usemtl motor
f 14929 14931 14932 14930
f 14933 14934 14936 14935
f 14929 14930 14934 14933
f 14931 14935 14936 14932
f 14929 14933 14935 14931
f 14930 14932 14936 14934
g OPT_LNG-015_15_Boil_off_gas_compressor
usemtl motor
f 14937 14939 14940 14938
f 14941 14942 14944 14943
f 14937 14938 14942 14941
f 14939 14943 14944 14940
f 14937 14941 14943 14939
f 14938 14940 14944 14942
g OPT_LNG-016_16_Send_out_metering___pressure_control
usemtl equip
f 14945 14947 14948 14946
f 14949 14950 14952 14951
f 14945 14946 14950 14949
f 14947 14951 14952 14948
f 14945 14949 14951 14947
f 14946 14948 14952 14950
g OPT_LNG-017_LNG_impoundment_sump_pump
usemtl equip
f 14953 14955 14956 14954
f 14957 14958 14960 14959
f 14953 14954 14958 14957
f 14955 14959 14960 14956
f 14953 14957 14959 14955
f 14954 14956 14960 14958
g OPT_LNG-018_17_LNG_e_house__13_8_kV___480_V_
usemtl ehouse
f 14961 14963 14964 14962
f 14965 14966 14968 14967
f 14961 14962 14966 14965
f 14963 14967 14968 14964
f 14961 14965 14967 14963
f 14962 14964 14968 14966
g OPT_LNG-019_18_LNG_vent_stack
usemtl stack
f 14969 14970 14986 14985
f 14970 14971 14987 14986
f 14971 14972 14988 14987
f 14972 14973 14989 14988
f 14973 14974 14990 14989
f 14974 14975 14991 14990
f 14975 14976 14992 14991
f 14976 14977 14993 14992
f 14977 14978 14994 14993
f 14978 14979 14995 14994
f 14979 14980 14996 14995
f 14980 14981 14997 14996
f 14981 14982 14998 14997
f 14982 14983 14999 14998
f 14983 14984 15000 14999
f 14984 14969 14985 15000
f 14984 14983 14982 14981 14980 14979 14978 14977 14976 14975 14974 14973 14972 14971 14970 14969
f 14985 14986 14987 14988 14989 14990 14991 14992 14993 14994 14995 14996 14997 14998 14999 15000
g OPT_H2-001_22_Electrolyzer_building__5_x_HyLYZER_1000___5_rectifiers
usemtl hall
f 15001 15003 15004 15002
f 15005 15006 15008 15007
f 15001 15002 15006 15005
f 15003 15007 15008 15004
f 15001 15005 15007 15003
f 15002 15004 15008 15006
g OPT_H2-002_PEM_electrolyzer_1__HyLYZER_1000_
usemtl bess
f 15009 15011 15012 15010
f 15013 15014 15016 15015
f 15009 15010 15014 15013
f 15011 15015 15016 15012
f 15009 15013 15015 15011
f 15010 15012 15016 15014
g OPT_H2-003_Rectifier_1__7_MVA_
usemtl ehouse
f 15017 15019 15020 15018
f 15021 15022 15024 15023
f 15017 15018 15022 15021
f 15019 15023 15024 15020
f 15017 15021 15023 15019
f 15018 15020 15024 15022
g OPT_H2-004_21_Rectifier_transformer_1__7_MVA_
usemtl xfmr
f 15025 15027 15028 15026
f 15029 15030 15032 15031
f 15025 15026 15030 15029
f 15027 15031 15032 15028
f 15025 15029 15031 15027
f 15026 15028 15032 15030
g OPT_H2-005_PEM_electrolyzer_2__HyLYZER_1000_
usemtl bess
f 15033 15035 15036 15034
f 15037 15038 15040 15039
f 15033 15034 15038 15037
f 15035 15039 15040 15036
f 15033 15037 15039 15035
f 15034 15036 15040 15038
g OPT_H2-006_Rectifier_2__7_MVA_
usemtl ehouse
f 15041 15043 15044 15042
f 15045 15046 15048 15047
f 15041 15042 15046 15045
f 15043 15047 15048 15044
f 15041 15045 15047 15043
f 15042 15044 15048 15046
g OPT_H2-007_21_Rectifier_transformer_2__7_MVA_
usemtl xfmr
f 15049 15051 15052 15050
f 15053 15054 15056 15055
f 15049 15050 15054 15053
f 15051 15055 15056 15052
f 15049 15053 15055 15051
f 15050 15052 15056 15054
g OPT_H2-008_PEM_electrolyzer_3__HyLYZER_1000_
usemtl bess
f 15057 15059 15060 15058
f 15061 15062 15064 15063
f 15057 15058 15062 15061
f 15059 15063 15064 15060
f 15057 15061 15063 15059
f 15058 15060 15064 15062
g OPT_H2-009_Rectifier_3__7_MVA_
usemtl ehouse
f 15065 15067 15068 15066
f 15069 15070 15072 15071
f 15065 15066 15070 15069
f 15067 15071 15072 15068
f 15065 15069 15071 15067
f 15066 15068 15072 15070
g OPT_H2-010_21_Rectifier_transformer_3__7_MVA_
usemtl xfmr
f 15073 15075 15076 15074
f 15077 15078 15080 15079
f 15073 15074 15078 15077
f 15075 15079 15080 15076
f 15073 15077 15079 15075
f 15074 15076 15080 15078
g OPT_H2-011_PEM_electrolyzer_4__HyLYZER_1000_
usemtl bess
f 15081 15083 15084 15082
f 15085 15086 15088 15087
f 15081 15082 15086 15085
f 15083 15087 15088 15084
f 15081 15085 15087 15083
f 15082 15084 15088 15086
g OPT_H2-012_Rectifier_4__7_MVA_
usemtl ehouse
f 15089 15091 15092 15090
f 15093 15094 15096 15095
f 15089 15090 15094 15093
f 15091 15095 15096 15092
f 15089 15093 15095 15091
f 15090 15092 15096 15094
g OPT_H2-013_21_Rectifier_transformer_4__7_MVA_
usemtl xfmr
f 15097 15099 15100 15098
f 15101 15102 15104 15103
f 15097 15098 15102 15101
f 15099 15103 15104 15100
f 15097 15101 15103 15099
f 15098 15100 15104 15102
g OPT_H2-014_PEM_electrolyzer_5__HyLYZER_1000_
usemtl bess
f 15105 15107 15108 15106
f 15109 15110 15112 15111
f 15105 15106 15110 15109
f 15107 15111 15112 15108
f 15105 15109 15111 15107
f 15106 15108 15112 15110
g OPT_H2-015_Rectifier_5__7_MVA_
usemtl ehouse
f 15113 15115 15116 15114
f 15117 15118 15120 15119
f 15113 15114 15118 15117
f 15115 15119 15120 15116
f 15113 15117 15119 15115
f 15114 15116 15120 15118
g OPT_H2-016_21_Rectifier_transformer_5__7_MVA_
usemtl xfmr
f 15121 15123 15124 15122
f 15125 15126 15128 15127
f 15121 15122 15126 15125
f 15123 15127 15128 15124
f 15121 15125 15127 15123
f 15122 15124 15128 15126
g OPT_H2-017_24_Water_purification__RO___EDI_
usemtl equip
f 15129 15131 15132 15130
f 15133 15134 15136 15135
f 15129 15130 15134 15133
f 15131 15135 15136 15132
f 15129 15133 15135 15131
f 15130 15132 15136 15134
g OPT_H2-018_20_H2_13_8_kV_e_house
usemtl ehouse
f 15137 15139 15140 15138
f 15141 15142 15144 15143
f 15137 15138 15142 15141
f 15139 15143 15144 15140
f 15137 15141 15143 15139
f 15138 15140 15144 15142
g OPT_H2-019_19_T_H2_230_13_8_kV___40_MVA_
usemtl xfmr
f 15145 15147 15148 15146
f 15149 15150 15152 15151
f 15145 15146 15150 15149
f 15147 15151 15152 15148
f 15145 15149 15151 15147
f 15146 15148 15152 15150
g OPT_H2-020_23_Dry_coolers
usemtl acc
f 15153 15155 15156 15154
f 15157 15158 15160 15159
f 15153 15154 15158 15157
f 15155 15159 15160 15156
f 15153 15157 15159 15155
f 15154 15156 15160 15158
g OPT_H2-021_25_H2_dryer___purification
usemtl equip
f 15161 15163 15164 15162
f 15165 15166 15168 15167
f 15161 15162 15166 15165
f 15163 15167 15168 15164
f 15161 15165 15167 15163
f 15162 15164 15168 15166
g OPT_H2-022_28_N2_purge_supply
usemtl tank
f 15169 15171 15172 15170
f 15173 15174 15176 15175
f 15169 15170 15174 15173
f 15171 15175 15176 15172
f 15169 15173 15175 15171
f 15170 15172 15176 15174
g OPT_H2-023_26_H2_compressor_1__40_ft_ISO_
usemtl machine
f 15177 15179 15180 15178
f 15181 15182 15184 15183
f 15177 15178 15182 15181
f 15179 15183 15184 15180
f 15177 15181 15183 15179
f 15178 15180 15184 15182
g OPT_H2-024_26_H2_compressor_2__40_ft_ISO_
usemtl machine
f 15185 15187 15188 15186
f 15189 15190 15192 15191
f 15185 15186 15190 15189
f 15187 15191 15192 15188
f 15185 15189 15191 15187
f 15186 15188 15192 15190
g OPT_H2-025_27_H2_storage_tube_bank___40_ft_tubes_
usemtl tank
f 15193 15194 15210 15209
f 15194 15195 15211 15210
f 15195 15196 15212 15211
f 15196 15197 15213 15212
f 15197 15198 15214 15213
f 15198 15199 15215 15214
f 15199 15200 15216 15215
f 15200 15201 15217 15216
f 15201 15202 15218 15217
f 15202 15203 15219 15218
f 15203 15204 15220 15219
f 15204 15205 15221 15220
f 15205 15206 15222 15221
f 15206 15207 15223 15222
f 15207 15208 15224 15223
f 15208 15193 15209 15224
f 15208 15207 15206 15205 15204 15203 15202 15201 15200 15199 15198 15197 15196 15195 15194 15193
f 15209 15210 15211 15212 15213 15214 15215 15216 15217 15218 15219 15220 15221 15222 15223 15224
g OPT_H2-026_27_H2_storage_tube_bank___40_ft_tubes_
usemtl tank
f 15225 15226 15242 15241
f 15226 15227 15243 15242
f 15227 15228 15244 15243
f 15228 15229 15245 15244
f 15229 15230 15246 15245
f 15230 15231 15247 15246
f 15231 15232 15248 15247
f 15232 15233 15249 15248
f 15233 15234 15250 15249
f 15234 15235 15251 15250
f 15235 15236 15252 15251
f 15236 15237 15253 15252
f 15237 15238 15254 15253
f 15238 15239 15255 15254
f 15239 15240 15256 15255
f 15240 15225 15241 15256
f 15240 15239 15238 15237 15236 15235 15234 15233 15232 15231 15230 15229 15228 15227 15226 15225
f 15241 15242 15243 15244 15245 15246 15247 15248 15249 15250 15251 15252 15253 15254 15255 15256
g OPT_H2-027_27_H2_storage_tube_bank___40_ft_tubes_
usemtl tank
f 15257 15258 15274 15273
f 15258 15259 15275 15274
f 15259 15260 15276 15275
f 15260 15261 15277 15276
f 15261 15262 15278 15277
f 15262 15263 15279 15278
f 15263 15264 15280 15279
f 15264 15265 15281 15280
f 15265 15266 15282 15281
f 15266 15267 15283 15282
f 15267 15268 15284 15283
f 15268 15269 15285 15284
f 15269 15270 15286 15285
f 15270 15271 15287 15286
f 15271 15272 15288 15287
f 15272 15257 15273 15288
f 15272 15271 15270 15269 15268 15267 15266 15265 15264 15263 15262 15261 15260 15259 15258 15257
f 15273 15274 15275 15276 15277 15278 15279 15280 15281 15282 15283 15284 15285 15286 15287 15288
g OPT_H2-028_27_H2_storage_tube_bank___40_ft_tubes_
usemtl tank
f 15289 15290 15306 15305
f 15290 15291 15307 15306
f 15291 15292 15308 15307
f 15292 15293 15309 15308
f 15293 15294 15310 15309
f 15294 15295 15311 15310
f 15295 15296 15312 15311
f 15296 15297 15313 15312
f 15297 15298 15314 15313
f 15298 15299 15315 15314
f 15299 15300 15316 15315
f 15300 15301 15317 15316
f 15301 15302 15318 15317
f 15302 15303 15319 15318
f 15303 15304 15320 15319
f 15304 15289 15305 15320
f 15304 15303 15302 15301 15300 15299 15298 15297 15296 15295 15294 15293 15292 15291 15290 15289
f 15305 15306 15307 15308 15309 15310 15311 15312 15313 15314 15315 15316 15317 15318 15319 15320
g OPT_H2-029_29_H2_vent_stack
usemtl stack
f 15321 15322 15338 15337
f 15322 15323 15339 15338
f 15323 15324 15340 15339
f 15324 15325 15341 15340
f 15325 15326 15342 15341
f 15326 15327 15343 15342
f 15327 15328 15344 15343
f 15328 15329 15345 15344
f 15329 15330 15346 15345
f 15330 15331 15347 15346
f 15331 15332 15348 15347
f 15332 15333 15349 15348
f 15333 15334 15350 15349
f 15334 15335 15351 15350
f 15335 15336 15352 15351
f 15336 15321 15337 15352
f 15336 15335 15334 15333 15332 15331 15330 15329 15328 15327 15326 15325 15324 15323 15322 15321
f 15337 15338 15339 15340 15341 15342 15343 15344 15345 15346 15347 15348 15349 15350 15351 15352
g OPT_H2-030_30_H2___gas_blending_skid__plant_gas_yard_
usemtl equip
f 15353 15355 15356 15354
f 15357 15358 15360 15359
f 15353 15354 15358 15357
f 15355 15359 15360 15356
f 15353 15357 15359 15355
f 15354 15356 15360 15358
g OPT_D6-001_D6_future__H2__breaker_position
usemtl future
f 15361 15363 15364 15362
f 15365 15366 15368 15367
f 15361 15362 15366 15365
f 15363 15367 15368 15364
f 15361 15365 15367 15363
f 15362 15364 15368 15366
g OPT_D6-002_D6_future__H2__breaker_position
usemtl future
f 15369 15371 15372 15370
f 15373 15374 15376 15375
f 15369 15370 15374 15373
f 15371 15375 15376 15372
f 15369 15373 15375 15371
f 15370 15372 15376 15374
g OPT_D6-003_D6_future__H2__breaker_position
usemtl future
f 15377 15379 15380 15378
f 15381 15382 15384 15383
f 15377 15378 15382 15381
f 15379 15383 15384 15380
f 15377 15381 15383 15379
f 15378 15380 15384 15382
g route_000_hv_overhead
usemtl conductor
f 15385 15387 15388 15386
f 15389 15390 15392 15391
f 15385 15386 15390 15389
f 15387 15391 15392 15388
f 15385 15389 15391 15387
f 15386 15388 15392 15390
g route_001_hv_overhead
usemtl conductor
f 15393 15395 15396 15394
f 15397 15398 15400 15399
f 15393 15394 15398 15397
f 15395 15399 15400 15396
f 15393 15397 15399 15395
f 15394 15396 15400 15398
g route_002_hv_overhead
usemtl conductor
f 15401 15403 15404 15402
f 15405 15406 15408 15407
f 15401 15402 15406 15405
f 15403 15407 15408 15404
f 15401 15405 15407 15403
f 15402 15404 15408 15406
f 15409 15411 15412 15410
f 15413 15414 15416 15415
f 15409 15410 15414 15413
f 15411 15415 15416 15412
f 15409 15413 15415 15411
f 15410 15412 15416 15414
f 15417 15419 15420 15418
f 15421 15422 15424 15423
f 15417 15418 15422 15421
f 15419 15423 15424 15420
f 15417 15421 15423 15419
f 15418 15420 15424 15422
g route_003_hv_overhead
usemtl conductor
f 15425 15427 15428 15426
f 15429 15430 15432 15431
f 15425 15426 15430 15429
f 15427 15431 15432 15428
f 15425 15429 15431 15427
f 15426 15428 15432 15430
f 15433 15435 15436 15434
f 15437 15438 15440 15439
f 15433 15434 15438 15437
f 15435 15439 15440 15436
f 15433 15437 15439 15435
f 15434 15436 15440 15438
f 15441 15443 15444 15442
f 15445 15446 15448 15447
f 15441 15442 15446 15445
f 15443 15447 15448 15444
f 15441 15445 15447 15443
f 15442 15444 15448 15446
g route_004_hv_overhead
usemtl conductor
f 15449 15451 15452 15450
f 15453 15454 15456 15455
f 15449 15450 15454 15453
f 15451 15455 15456 15452
f 15449 15453 15455 15451
f 15450 15452 15456 15454
f 15457 15459 15460 15458
f 15461 15462 15464 15463
f 15457 15458 15462 15461
f 15459 15463 15464 15460
f 15457 15461 15463 15459
f 15458 15460 15464 15462
f 15465 15467 15468 15466
f 15469 15470 15472 15471
f 15465 15466 15470 15469
f 15467 15471 15472 15468
f 15465 15469 15471 15467
f 15466 15468 15472 15470
g route_005_hv_overhead
usemtl conductor
f 15473 15475 15476 15474
f 15477 15478 15480 15479
f 15473 15474 15478 15477
f 15475 15479 15480 15476
f 15473 15477 15479 15475
f 15474 15476 15480 15478
f 15481 15483 15484 15482
f 15485 15486 15488 15487
f 15481 15482 15486 15485
f 15483 15487 15488 15484
f 15481 15485 15487 15483
f 15482 15484 15488 15486
f 15489 15491 15492 15490
f 15493 15494 15496 15495
f 15489 15490 15494 15493
f 15491 15495 15496 15492
f 15489 15493 15495 15491
f 15490 15492 15496 15494
g route_006_steam
usemtl steam
f 15497 15499 15500 15498
f 15501 15502 15504 15503
f 15497 15498 15502 15501
f 15499 15503 15504 15500
f 15497 15501 15503 15499
f 15498 15500 15504 15502
f 15505 15507 15508 15506
f 15509 15510 15512 15511
f 15505 15506 15510 15509
f 15507 15511 15512 15508
f 15505 15509 15511 15507
f 15506 15508 15512 15510
f 15513 15515 15516 15514
f 15517 15518 15520 15519
f 15513 15514 15518 15517
f 15515 15519 15520 15516
f 15513 15517 15519 15515
f 15514 15516 15520 15518
f 15521 15523 15524 15522
f 15525 15526 15528 15527
f 15521 15522 15526 15525
f 15523 15527 15528 15524
f 15521 15525 15527 15523
f 15522 15524 15528 15526
f 15529 15531 15532 15530
f 15533 15534 15536 15535
f 15529 15530 15534 15533
f 15531 15535 15536 15532
f 15529 15533 15535 15531
f 15530 15532 15536 15534
g route_007_steam
usemtl steam
f 15537 15539 15540 15538
f 15541 15542 15544 15543
f 15537 15538 15542 15541
f 15539 15543 15544 15540
f 15537 15541 15543 15539
f 15538 15540 15544 15542
f 15545 15547 15548 15546
f 15549 15550 15552 15551
f 15545 15546 15550 15549
f 15547 15551 15552 15548
f 15545 15549 15551 15547
f 15546 15548 15552 15550
f 15553 15555 15556 15554
f 15557 15558 15560 15559
f 15553 15554 15558 15557
f 15555 15559 15560 15556
f 15553 15557 15559 15555
f 15554 15556 15560 15558
f 15561 15563 15564 15562
f 15565 15566 15568 15567
f 15561 15562 15566 15565
f 15563 15567 15568 15564
f 15561 15565 15567 15563
f 15562 15564 15568 15566
f 15569 15571 15572 15570
f 15573 15574 15576 15575
f 15569 15570 15574 15573
f 15571 15575 15576 15572
f 15569 15573 15575 15571
f 15570 15572 15576 15574
g route_008_steam
usemtl steam
f 15577 15579 15580 15578
f 15581 15582 15584 15583
f 15577 15578 15582 15581
f 15579 15583 15584 15580
f 15577 15581 15583 15579
f 15578 15580 15584 15582
f 15585 15587 15588 15586
f 15589 15590 15592 15591
f 15585 15586 15590 15589
f 15587 15591 15592 15588
f 15585 15589 15591 15587
f 15586 15588 15592 15590
f 15593 15595 15596 15594
f 15597 15598 15600 15599
f 15593 15594 15598 15597
f 15595 15599 15600 15596
f 15593 15597 15599 15595
f 15594 15596 15600 15598
f 15601 15603 15604 15602
f 15605 15606 15608 15607
f 15601 15602 15606 15605
f 15603 15607 15608 15604
f 15601 15605 15607 15603
f 15602 15604 15608 15606
f 15609 15611 15612 15610
f 15613 15614 15616 15615
f 15609 15610 15614 15613
f 15611 15615 15616 15612
f 15609 15613 15615 15611
f 15610 15612 15616 15614
g route_009_steam
usemtl steam
f 15617 15619 15620 15618
f 15621 15622 15624 15623
f 15617 15618 15622 15621
f 15619 15623 15624 15620
f 15617 15621 15623 15619
f 15618 15620 15624 15622
f 15625 15627 15628 15626
f 15629 15630 15632 15631
f 15625 15626 15630 15629
f 15627 15631 15632 15628
f 15625 15629 15631 15627
f 15626 15628 15632 15630
f 15633 15635 15636 15634
f 15637 15638 15640 15639
f 15633 15634 15638 15637
f 15635 15639 15640 15636
f 15633 15637 15639 15635
f 15634 15636 15640 15638
g route_010_condensate
usemtl condensate
f 15641 15643 15644 15642
f 15645 15646 15648 15647
f 15641 15642 15646 15645
f 15643 15647 15648 15644
f 15641 15645 15647 15643
f 15642 15644 15648 15646
f 15649 15651 15652 15650
f 15653 15654 15656 15655
f 15649 15650 15654 15653
f 15651 15655 15656 15652
f 15649 15653 15655 15651
f 15650 15652 15656 15654
f 15657 15659 15660 15658
f 15661 15662 15664 15663
f 15657 15658 15662 15661
f 15659 15663 15664 15660
f 15657 15661 15663 15659
f 15658 15660 15664 15662
g route_011_condensate
usemtl condensate
f 15665 15667 15668 15666
f 15669 15670 15672 15671
f 15665 15666 15670 15669
f 15667 15671 15672 15668
f 15665 15669 15671 15667
f 15666 15668 15672 15670
f 15673 15675 15676 15674
f 15677 15678 15680 15679
f 15673 15674 15678 15677
f 15675 15679 15680 15676
f 15673 15677 15679 15675
f 15674 15676 15680 15678
f 15681 15683 15684 15682
f 15685 15686 15688 15687
f 15681 15682 15686 15685
f 15683 15687 15688 15684
f 15681 15685 15687 15683
f 15682 15684 15688 15686
g route_012_condensate
usemtl condensate
f 15689 15691 15692 15690
f 15693 15694 15696 15695
f 15689 15690 15694 15693
f 15691 15695 15696 15692
f 15689 15693 15695 15691
f 15690 15692 15696 15694
f 15697 15699 15700 15698
f 15701 15702 15704 15703
f 15697 15698 15702 15701
f 15699 15703 15704 15700
f 15697 15701 15703 15699
f 15698 15700 15704 15702
f 15705 15707 15708 15706
f 15709 15710 15712 15711
f 15705 15706 15710 15709
f 15707 15711 15712 15708
f 15705 15709 15711 15707
f 15706 15708 15712 15710
g route_013_condensate
usemtl condensate
g route_014_feedwater
usemtl feedwater
f 15713 15715 15716 15714
f 15717 15718 15720 15719
f 15713 15714 15718 15717
f 15715 15719 15720 15716
f 15713 15717 15719 15715
f 15714 15716 15720 15718
g route_015_feedwater
usemtl feedwater
f 15721 15723 15724 15722
f 15725 15726 15728 15727
f 15721 15722 15726 15725
f 15723 15727 15728 15724
f 15721 15725 15727 15723
f 15722 15724 15728 15726
g route_016_feedwater
usemtl feedwater
f 15729 15731 15732 15730
f 15733 15734 15736 15735
f 15729 15730 15734 15733
f 15731 15735 15736 15732
f 15729 15733 15735 15731
f 15730 15732 15736 15734
g route_017_ccw
usemtl ccw
f 15737 15739 15740 15738
f 15741 15742 15744 15743
f 15737 15738 15742 15741
f 15739 15743 15744 15740
f 15737 15741 15743 15739
f 15738 15740 15744 15742
f 15745 15747 15748 15746
f 15749 15750 15752 15751
f 15745 15746 15750 15749
f 15747 15751 15752 15748
f 15745 15749 15751 15747
f 15746 15748 15752 15750
f 15753 15755 15756 15754
f 15757 15758 15760 15759
f 15753 15754 15758 15757
f 15755 15759 15760 15756
f 15753 15757 15759 15755
f 15754 15756 15760 15758
g route_018_fuel_gas
usemtl fuelgas
f 15761 15763 15764 15762
f 15765 15766 15768 15767
f 15761 15762 15766 15765
f 15763 15767 15768 15764
f 15761 15765 15767 15763
f 15762 15764 15768 15766
f 15769 15771 15772 15770
f 15773 15774 15776 15775
f 15769 15770 15774 15773
f 15771 15775 15776 15772
f 15769 15773 15775 15771
f 15770 15772 15776 15774
f 15777 15779 15780 15778
f 15781 15782 15784 15783
f 15777 15778 15782 15781
f 15779 15783 15784 15780
f 15777 15781 15783 15779
f 15778 15780 15784 15782
g route_019_fuel_gas
usemtl fuelgas
f 15785 15787 15788 15786
f 15789 15790 15792 15791
f 15785 15786 15790 15789
f 15787 15791 15792 15788
f 15785 15789 15791 15787
f 15786 15788 15792 15790
g route_020_fuel_gas
usemtl fuelgas
f 15793 15795 15796 15794
f 15797 15798 15800 15799
f 15793 15794 15798 15797
f 15795 15799 15800 15796
f 15793 15797 15799 15795
f 15794 15796 15800 15798
g route_021_ipb
usemtl copper_dark
f 15801 15803 15804 15802
f 15805 15806 15808 15807
f 15801 15802 15806 15805
f 15803 15807 15808 15804
f 15801 15805 15807 15803
f 15802 15804 15808 15806
g route_022_ipb
usemtl copper_dark
f 15809 15811 15812 15810
f 15813 15814 15816 15815
f 15809 15810 15814 15813
f 15811 15815 15816 15812
f 15809 15813 15815 15811
f 15810 15812 15816 15814
g route_023_ipb
usemtl copper_dark
f 15817 15819 15820 15818
f 15821 15822 15824 15823
f 15817 15818 15822 15821
f 15819 15823 15824 15820
f 15817 15821 15823 15819
f 15818 15820 15824 15822
g route_024_ipb
usemtl copper_dark
f 15825 15827 15828 15826
f 15829 15830 15832 15831
f 15825 15826 15830 15829
f 15827 15831 15832 15828
f 15825 15829 15831 15827
f 15826 15828 15832 15830
g route_025_ipb
usemtl copper_dark
f 15833 15835 15836 15834
f 15837 15838 15840 15839
f 15833 15834 15838 15837
f 15835 15839 15840 15836
f 15833 15837 15839 15835
f 15834 15836 15840 15838
g route_026_ipb
usemtl copper_dark
f 15841 15843 15844 15842
f 15845 15846 15848 15847
f 15841 15842 15846 15845
f 15843 15847 15848 15844
f 15841 15845 15847 15843
f 15842 15844 15848 15846
g route_027_ipb
usemtl copper_dark
f 15849 15851 15852 15850
f 15853 15854 15856 15855
f 15849 15850 15854 15853
f 15851 15855 15856 15852
f 15849 15853 15855 15851
f 15850 15852 15856 15854
g route_028_ipb
usemtl copper_dark
f 15857 15859 15860 15858
f 15861 15862 15864 15863
f 15857 15858 15862 15861
f 15859 15863 15864 15860
f 15857 15861 15863 15859
f 15858 15860 15864 15862
g route_029_ipb
usemtl copper_dark
f 15865 15867 15868 15866
f 15869 15870 15872 15871
f 15865 15866 15870 15869
f 15867 15871 15872 15868
f 15865 15869 15871 15867
f 15866 15868 15872 15870
g route_030_ipb
usemtl copper_dark
f 15873 15875 15876 15874
f 15877 15878 15880 15879
f 15873 15874 15878 15877
f 15875 15879 15880 15876
f 15873 15877 15879 15875
f 15874 15876 15880 15878
g route_031_duct_bank
usemtl ductbank
f 15881 15883 15884 15882
f 15885 15886 15888 15887
f 15881 15882 15886 15885
f 15883 15887 15888 15884
f 15881 15885 15887 15883
f 15882 15884 15888 15886
g route_032_duct_bank
usemtl ductbank
f 15889 15891 15892 15890
f 15893 15894 15896 15895
f 15889 15890 15894 15893
f 15891 15895 15896 15892
f 15889 15893 15895 15891
f 15890 15892 15896 15894
g route_033_duct_bank
usemtl ductbank
f 15897 15899 15900 15898
f 15901 15902 15904 15903
f 15897 15898 15902 15901
f 15899 15903 15904 15900
f 15897 15901 15903 15899
f 15898 15900 15904 15902
g route_034_duct_bank
usemtl ductbank
f 15905 15907 15908 15906
f 15909 15910 15912 15911
f 15905 15906 15910 15909
f 15907 15911 15912 15908
f 15905 15909 15911 15907
f 15906 15908 15912 15910
g route_035_duct_bank
usemtl ductbank
f 15913 15915 15916 15914
f 15917 15918 15920 15919
f 15913 15914 15918 15917
f 15915 15919 15920 15916
f 15913 15917 15919 15915
f 15914 15916 15920 15918
g route_036_duct_bank
usemtl ductbank
f 15921 15923 15924 15922
f 15925 15926 15928 15927
f 15921 15922 15926 15925
f 15923 15927 15928 15924
f 15921 15925 15927 15923
f 15922 15924 15928 15926
g route_037_duct_bank
usemtl ductbank
f 15929 15931 15932 15930
f 15933 15934 15936 15935
f 15929 15930 15934 15933
f 15931 15935 15936 15932
f 15929 15933 15935 15931
f 15930 15932 15936 15934
g route_038_duct_bank
usemtl ductbank
f 15937 15939 15940 15938
f 15941 15942 15944 15943
f 15937 15938 15942 15941
f 15939 15943 15944 15940
f 15937 15941 15943 15939
f 15938 15940 15944 15942
g route_039_duct_bank
usemtl ductbank
f 15945 15947 15948 15946
f 15949 15950 15952 15951
f 15945 15946 15950 15949
f 15947 15951 15952 15948
f 15945 15949 15951 15947
f 15946 15948 15952 15950
g route_040_duct_bank
usemtl ductbank
f 15953 15955 15956 15954
f 15957 15958 15960 15959
f 15953 15954 15958 15957
f 15955 15959 15960 15956
f 15953 15957 15959 15955
f 15954 15956 15960 15958
g route_041_duct_bank
usemtl ductbank
f 15961 15963 15964 15962
f 15965 15966 15968 15967
f 15961 15962 15966 15965
f 15963 15967 15968 15964
f 15961 15965 15967 15963
f 15962 15964 15968 15966
g route_042_duct_bank
usemtl ductbank
f 15969 15971 15972 15970
f 15973 15974 15976 15975
f 15969 15970 15974 15973
f 15971 15975 15976 15972
f 15969 15973 15975 15971
f 15970 15972 15976 15974
g route_043_duct_bank
usemtl ductbank
f 15977 15979 15980 15978
f 15981 15982 15984 15983
f 15977 15978 15982 15981
f 15979 15983 15984 15980
f 15977 15981 15983 15979
f 15978 15980 15984 15982
g route_044_duct_bank
usemtl ductbank
f 15985 15987 15988 15986
f 15989 15990 15992 15991
f 15985 15986 15990 15989
f 15987 15991 15992 15988
f 15985 15989 15991 15987
f 15986 15988 15992 15990
g route_045_duct_bank
usemtl ductbank
f 15993 15995 15996 15994
f 15997 15998 16000 15999
f 15993 15994 15998 15997
f 15995 15999 16000 15996
f 15993 15997 15999 15995
f 15994 15996 16000 15998
g route_046_duct_bank
usemtl ductbank
f 16001 16003 16004 16002
f 16005 16006 16008 16007
f 16001 16002 16006 16005
f 16003 16007 16008 16004
f 16001 16005 16007 16003
f 16002 16004 16008 16006
g route_047_duct_bank
usemtl ductbank
f 16009 16011 16012 16010
f 16013 16014 16016 16015
f 16009 16010 16014 16013
f 16011 16015 16016 16012
f 16009 16013 16015 16011
f 16010 16012 16016 16014
g route_048_duct_bank
usemtl ductbank
f 16017 16019 16020 16018
f 16021 16022 16024 16023
f 16017 16018 16022 16021
f 16019 16023 16024 16020
f 16017 16021 16023 16019
f 16018 16020 16024 16022
g route_049_duct_bank
usemtl ductbank
f 16025 16027 16028 16026
f 16029 16030 16032 16031
f 16025 16026 16030 16029
f 16027 16031 16032 16028
f 16025 16029 16031 16027
f 16026 16028 16032 16030
g route_050_duct_bank
usemtl ductbank
f 16033 16035 16036 16034
f 16037 16038 16040 16039
f 16033 16034 16038 16037
f 16035 16039 16040 16036
f 16033 16037 16039 16035
f 16034 16036 16040 16038
g route_051_duct_bank
usemtl ductbank
f 16041 16043 16044 16042
f 16045 16046 16048 16047
f 16041 16042 16046 16045
f 16043 16047 16048 16044
f 16041 16045 16047 16043
f 16042 16044 16048 16046
g route_052_duct_bank
usemtl ductbank
f 16049 16051 16052 16050
f 16053 16054 16056 16055
f 16049 16050 16054 16053
f 16051 16055 16056 16052
f 16049 16053 16055 16051
f 16050 16052 16056 16054
g route_053_duct_bank
usemtl ductbank
f 16057 16059 16060 16058
f 16061 16062 16064 16063
f 16057 16058 16062 16061
f 16059 16063 16064 16060
f 16057 16061 16063 16059
f 16058 16060 16064 16062
g route_054_duct_bank
usemtl ductbank
f 16065 16067 16068 16066
f 16069 16070 16072 16071
f 16065 16066 16070 16069
f 16067 16071 16072 16068
f 16065 16069 16071 16067
f 16066 16068 16072 16070
g route_055_duct_bank
usemtl ductbank
f 16073 16075 16076 16074
f 16077 16078 16080 16079
f 16073 16074 16078 16077
f 16075 16079 16080 16076
f 16073 16077 16079 16075
f 16074 16076 16080 16078
g route_056_duct_bank
usemtl ductbank
f 16081 16083 16084 16082
f 16085 16086 16088 16087
f 16081 16082 16086 16085
f 16083 16087 16088 16084
f 16081 16085 16087 16083
f 16082 16084 16088 16086
g route_057_duct_bank
usemtl ductbank
f 16089 16091 16092 16090
f 16093 16094 16096 16095
f 16089 16090 16094 16093
f 16091 16095 16096 16092
f 16089 16093 16095 16091
f 16090 16092 16096 16094
g route_058_duct_bank
usemtl ductbank
f 16097 16099 16100 16098
f 16101 16102 16104 16103
f 16097 16098 16102 16101
f 16099 16103 16104 16100
f 16097 16101 16103 16099
f 16098 16100 16104 16102
g route_059_duct_bank
usemtl ductbank
f 16105 16107 16108 16106
f 16109 16110 16112 16111
f 16105 16106 16110 16109
f 16107 16111 16112 16108
f 16105 16109 16111 16107
f 16106 16108 16112 16110
g route_060_duct_bank
usemtl ductbank
f 16113 16115 16116 16114
f 16117 16118 16120 16119
f 16113 16114 16118 16117
f 16115 16119 16120 16116
f 16113 16117 16119 16115
f 16114 16116 16120 16118
g route_061_duct_bank
usemtl ductbank
f 16121 16123 16124 16122
f 16125 16126 16128 16127
f 16121 16122 16126 16125
f 16123 16127 16128 16124
f 16121 16125 16127 16123
f 16122 16124 16128 16126
g route_062_duct_bank
usemtl ductbank
f 16129 16131 16132 16130
f 16133 16134 16136 16135
f 16129 16130 16134 16133
f 16131 16135 16136 16132
f 16129 16133 16135 16131
f 16130 16132 16136 16134
g route_063_duct_bank
usemtl ductbank
f 16137 16139 16140 16138
f 16141 16142 16144 16143
f 16137 16138 16142 16141
f 16139 16143 16144 16140
f 16137 16141 16143 16139
f 16138 16140 16144 16142
g route_064_duct_bank
usemtl ductbank
f 16145 16147 16148 16146
f 16149 16150 16152 16151
f 16145 16146 16150 16149
f 16147 16151 16152 16148
f 16145 16149 16151 16147
f 16146 16148 16152 16150
g route_065_duct_bank
usemtl ductbank
f 16153 16155 16156 16154
f 16157 16158 16160 16159
f 16153 16154 16158 16157
f 16155 16159 16160 16156
f 16153 16157 16159 16155
f 16154 16156 16160 16158
g route_066_duct_bank
usemtl ductbank
f 16161 16163 16164 16162
f 16165 16166 16168 16167
f 16161 16162 16166 16165
f 16163 16167 16168 16164
f 16161 16165 16167 16163
f 16162 16164 16168 16166
g route_067_duct_bank
usemtl ductbank
f 16169 16171 16172 16170
f 16173 16174 16176 16175
f 16169 16170 16174 16173
f 16171 16175 16176 16172
f 16169 16173 16175 16171
f 16170 16172 16176 16174
g route_068_duct_bank
usemtl ductbank
f 16177 16179 16180 16178
f 16181 16182 16184 16183
f 16177 16178 16182 16181
f 16179 16183 16184 16180
f 16177 16181 16183 16179
f 16178 16180 16184 16182
g route_069_duct_bank
usemtl ductbank
f 16185 16187 16188 16186
f 16189 16190 16192 16191
f 16185 16186 16190 16189
f 16187 16191 16192 16188
f 16185 16189 16191 16187
f 16186 16188 16192 16190
g route_070_duct_bank
usemtl ductbank
f 16193 16195 16196 16194
f 16197 16198 16200 16199
f 16193 16194 16198 16197
f 16195 16199 16200 16196
f 16193 16197 16199 16195
f 16194 16196 16200 16198
g route_071_duct_bank
usemtl ductbank
f 16201 16203 16204 16202
f 16205 16206 16208 16207
f 16201 16202 16206 16205
f 16203 16207 16208 16204
f 16201 16205 16207 16203
f 16202 16204 16208 16206
g route_072_duct_bank
usemtl ductbank
f 16209 16211 16212 16210
f 16213 16214 16216 16215
f 16209 16210 16214 16213
f 16211 16215 16216 16212
f 16209 16213 16215 16211
f 16210 16212 16216 16214
g route_073_duct_bank
usemtl ductbank
f 16217 16219 16220 16218
f 16221 16222 16224 16223
f 16217 16218 16222 16221
f 16219 16223 16224 16220
f 16217 16221 16223 16219
f 16218 16220 16224 16222
g route_074_duct_bank
usemtl ductbank
f 16225 16227 16228 16226
f 16229 16230 16232 16231
f 16225 16226 16230 16229
f 16227 16231 16232 16228
f 16225 16229 16231 16227
f 16226 16228 16232 16230
g route_075_duct_bank
usemtl ductbank
f 16233 16235 16236 16234
f 16237 16238 16240 16239
f 16233 16234 16238 16237
f 16235 16239 16240 16236
f 16233 16237 16239 16235
f 16234 16236 16240 16238
g route_076_duct_bank
usemtl ductbank
f 16241 16243 16244 16242
f 16245 16246 16248 16247
f 16241 16242 16246 16245
f 16243 16247 16248 16244
f 16241 16245 16247 16243
f 16242 16244 16248 16246
g route_077_duct_bank
usemtl ductbank
f 16249 16251 16252 16250
f 16253 16254 16256 16255
f 16249 16250 16254 16253
f 16251 16255 16256 16252
f 16249 16253 16255 16251
f 16250 16252 16256 16254
g route_078_duct_bank
usemtl ductbank
f 16257 16259 16260 16258
f 16261 16262 16264 16263
f 16257 16258 16262 16261
f 16259 16263 16264 16260
f 16257 16261 16263 16259
f 16258 16260 16264 16262
g route_079_duct_bank
usemtl ductbank
f 16265 16267 16268 16266
f 16269 16270 16272 16271
f 16265 16266 16270 16269
f 16267 16271 16272 16268
f 16265 16269 16271 16267
f 16266 16268 16272 16270
g route_080_duct_bank
usemtl ductbank
f 16273 16275 16276 16274
f 16277 16278 16280 16279
f 16273 16274 16278 16277
f 16275 16279 16280 16276
f 16273 16277 16279 16275
f 16274 16276 16280 16278
g route_081_duct_bank
usemtl ductbank
g route_082_duct_bank
usemtl ductbank
f 16281 16283 16284 16282
f 16285 16286 16288 16287
f 16281 16282 16286 16285
f 16283 16287 16288 16284
f 16281 16285 16287 16283
f 16282 16284 16288 16286
g route_083_duct_bank
usemtl ductbank
f 16289 16291 16292 16290
f 16293 16294 16296 16295
f 16289 16290 16294 16293
f 16291 16295 16296 16292
f 16289 16293 16295 16291
f 16290 16292 16296 16294
g route_084_duct_bank
usemtl ductbank
f 16297 16299 16300 16298
f 16301 16302 16304 16303
f 16297 16298 16302 16301
f 16299 16303 16304 16300
f 16297 16301 16303 16299
f 16298 16300 16304 16302
g route_085_duct_bank
usemtl ductbank
f 16305 16307 16308 16306
f 16309 16310 16312 16311
f 16305 16306 16310 16309
f 16307 16311 16312 16308
f 16305 16309 16311 16307
f 16306 16308 16312 16310
g route_086_duct_bank
usemtl ductbank
f 16313 16315 16316 16314
f 16317 16318 16320 16319
f 16313 16314 16318 16317
f 16315 16319 16320 16316
f 16313 16317 16319 16315
f 16314 16316 16320 16318
g route_087_duct_bank
usemtl ductbank
f 16321 16323 16324 16322
f 16325 16326 16328 16327
f 16321 16322 16326 16325
f 16323 16327 16328 16324
f 16321 16325 16327 16323
f 16322 16324 16328 16326
g route_088_duct_bank
usemtl ductbank
f 16329 16331 16332 16330
f 16333 16334 16336 16335
f 16329 16330 16334 16333
f 16331 16335 16336 16332
f 16329 16333 16335 16331
f 16330 16332 16336 16334
g route_089_duct_bank
usemtl ductbank
f 16337 16339 16340 16338
f 16341 16342 16344 16343
f 16337 16338 16342 16341
f 16339 16343 16344 16340
f 16337 16341 16343 16339
f 16338 16340 16344 16342
g route_090_mv_tray
usemtl copper
g route_091_mv_tray
usemtl copper
f 16345 16347 16348 16346
f 16349 16350 16352 16351
f 16345 16346 16350 16349
f 16347 16351 16352 16348
f 16345 16349 16351 16347
f 16346 16348 16352 16350
g route_092_mv_tray
usemtl copper
f 16353 16355 16356 16354
f 16357 16358 16360 16359
f 16353 16354 16358 16357
f 16355 16359 16360 16356
f 16353 16357 16359 16355
f 16354 16356 16360 16358
g route_093_mv_tray
usemtl copper
f 16361 16363 16364 16362
f 16365 16366 16368 16367
f 16361 16362 16366 16365
f 16363 16367 16368 16364
f 16361 16365 16367 16363
f 16362 16364 16368 16366
g route_094_mv_tray
usemtl copper
f 16369 16371 16372 16370
f 16373 16374 16376 16375
f 16369 16370 16374 16373
f 16371 16375 16376 16372
f 16369 16373 16375 16371
f 16370 16372 16376 16374
g route_095_mv_tray
usemtl copper
f 16377 16379 16380 16378
f 16381 16382 16384 16383
f 16377 16378 16382 16381
f 16379 16383 16384 16380
f 16377 16381 16383 16379
f 16378 16380 16384 16382
g route_096_mv_tray
usemtl copper
g route_097_mv_tray
usemtl copper
f 16385 16387 16388 16386
f 16389 16390 16392 16391
f 16385 16386 16390 16389
f 16387 16391 16392 16388
f 16385 16389 16391 16387
f 16386 16388 16392 16390
g route_098_mv_tray
usemtl copper
f 16393 16395 16396 16394
f 16397 16398 16400 16399
f 16393 16394 16398 16397
f 16395 16399 16400 16396
f 16393 16397 16399 16395
f 16394 16396 16400 16398
g route_099_mv_tray
usemtl copper
f 16401 16403 16404 16402
f 16405 16406 16408 16407
f 16401 16402 16406 16405
f 16403 16407 16408 16404
f 16401 16405 16407 16403
f 16402 16404 16408 16406
g route_100_mv_tray
usemtl copper
f 16409 16411 16412 16410
f 16413 16414 16416 16415
f 16409 16410 16414 16413
f 16411 16415 16416 16412
f 16409 16413 16415 16411
f 16410 16412 16416 16414
g route_101_mv_tray
usemtl copper
f 16417 16419 16420 16418
f 16421 16422 16424 16423
f 16417 16418 16422 16421
f 16419 16423 16424 16420
f 16417 16421 16423 16419
f 16418 16420 16424 16422
g route_102_mv_tray
usemtl copper
f 16425 16427 16428 16426
f 16429 16430 16432 16431
f 16425 16426 16430 16429
f 16427 16431 16432 16428
f 16425 16429 16431 16427
f 16426 16428 16432 16430
g route_103_mv_tray
usemtl copper
f 16433 16435 16436 16434
f 16437 16438 16440 16439
f 16433 16434 16438 16437
f 16435 16439 16440 16436
f 16433 16437 16439 16435
f 16434 16436 16440 16438
g route_104_mv_tray
usemtl copper
f 16441 16443 16444 16442
f 16445 16446 16448 16447
f 16441 16442 16446 16445
f 16443 16447 16448 16444
f 16441 16445 16447 16443
f 16442 16444 16448 16446
g route_105_mv_tray
usemtl copper
f 16449 16451 16452 16450
f 16453 16454 16456 16455
f 16449 16450 16454 16453
f 16451 16455 16456 16452
f 16449 16453 16455 16451
f 16450 16452 16456 16454
g route_106_mv_tray
usemtl copper
g route_107_mv_tray
usemtl copper
f 16457 16459 16460 16458
f 16461 16462 16464 16463
f 16457 16458 16462 16461
f 16459 16463 16464 16460
f 16457 16461 16463 16459
f 16458 16460 16464 16462
g route_108_mv_tray
usemtl copper
f 16465 16467 16468 16466
f 16469 16470 16472 16471
f 16465 16466 16470 16469
f 16467 16471 16472 16468
f 16465 16469 16471 16467
f 16466 16468 16472 16470
g route_109_mv_tray
usemtl copper
f 16473 16475 16476 16474
f 16477 16478 16480 16479
f 16473 16474 16478 16477
f 16475 16479 16480 16476
f 16473 16477 16479 16475
f 16474 16476 16480 16478
g route_110_mv_tray
usemtl copper
f 16481 16483 16484 16482
f 16485 16486 16488 16487
f 16481 16482 16486 16485
f 16483 16487 16488 16484
f 16481 16485 16487 16483
f 16482 16484 16488 16486
g route_111_mv_tray
usemtl copper
f 16489 16491 16492 16490
f 16493 16494 16496 16495
f 16489 16490 16494 16493
f 16491 16495 16496 16492
f 16489 16493 16495 16491
f 16490 16492 16496 16494
g route_112_mv_tray
usemtl copper
g route_113_mv_tray
usemtl copper
f 16497 16499 16500 16498
f 16501 16502 16504 16503
f 16497 16498 16502 16501
f 16499 16503 16504 16500
f 16497 16501 16503 16499
f 16498 16500 16504 16502
g route_114_mv_tray
usemtl copper
f 16505 16507 16508 16506
f 16509 16510 16512 16511
f 16505 16506 16510 16509
f 16507 16511 16512 16508
f 16505 16509 16511 16507
f 16506 16508 16512 16510
g route_115_mv_tray
usemtl copper
f 16513 16515 16516 16514
f 16517 16518 16520 16519
f 16513 16514 16518 16517
f 16515 16519 16520 16516
f 16513 16517 16519 16515
f 16514 16516 16520 16518
g route_116_mv_tray
usemtl copper
f 16521 16523 16524 16522
f 16525 16526 16528 16527
f 16521 16522 16526 16525
f 16523 16527 16528 16524
f 16521 16525 16527 16523
f 16522 16524 16528 16526
g route_117_mv_tray
usemtl copper
f 16529 16531 16532 16530
f 16533 16534 16536 16535
f 16529 16530 16534 16533
f 16531 16535 16536 16532
f 16529 16533 16535 16531
f 16530 16532 16536 16534
g route_118_mv_tray
usemtl copper
f 16537 16539 16540 16538
f 16541 16542 16544 16543
f 16537 16538 16542 16541
f 16539 16543 16544 16540
f 16537 16541 16543 16539
f 16538 16540 16544 16542
g route_119_mv_tray
usemtl copper
f 16545 16547 16548 16546
f 16549 16550 16552 16551
f 16545 16546 16550 16549
f 16547 16551 16552 16548
f 16545 16549 16551 16547
f 16546 16548 16552 16550
g route_120_mv_tray
usemtl copper
f 16553 16555 16556 16554
f 16557 16558 16560 16559
f 16553 16554 16558 16557
f 16555 16559 16560 16556
f 16553 16557 16559 16555
f 16554 16556 16560 16558
g route_121_mv_tray
usemtl copper
f 16561 16563 16564 16562
f 16565 16566 16568 16567
f 16561 16562 16566 16565
f 16563 16567 16568 16564
f 16561 16565 16567 16563
f 16562 16564 16568 16566
g route_122_mv_tray
usemtl copper
g route_123_mv_tray
usemtl copper
f 16569 16571 16572 16570
f 16573 16574 16576 16575
f 16569 16570 16574 16573
f 16571 16575 16576 16572
f 16569 16573 16575 16571
f 16570 16572 16576 16574
g route_124_mv_tray
usemtl copper
f 16577 16579 16580 16578
f 16581 16582 16584 16583
f 16577 16578 16582 16581
f 16579 16583 16584 16580
f 16577 16581 16583 16579
f 16578 16580 16584 16582
g route_125_mv_tray
usemtl copper
f 16585 16587 16588 16586
f 16589 16590 16592 16591
f 16585 16586 16590 16589
f 16587 16591 16592 16588
f 16585 16589 16591 16587
f 16586 16588 16592 16590
g route_126_mv_tray
usemtl copper
f 16593 16595 16596 16594
f 16597 16598 16600 16599
f 16593 16594 16598 16597
f 16595 16599 16600 16596
f 16593 16597 16599 16595
f 16594 16596 16600 16598
g route_127_mv_tray
usemtl copper
f 16601 16603 16604 16602
f 16605 16606 16608 16607
f 16601 16602 16606 16605
f 16603 16607 16608 16604
f 16601 16605 16607 16603
f 16602 16604 16608 16606
g route_128_mv_tray
usemtl copper
g route_129_mv_tray
usemtl copper
f 16609 16611 16612 16610
f 16613 16614 16616 16615
f 16609 16610 16614 16613
f 16611 16615 16616 16612
f 16609 16613 16615 16611
f 16610 16612 16616 16614
g route_130_mv_tray
usemtl copper
f 16617 16619 16620 16618
f 16621 16622 16624 16623
f 16617 16618 16622 16621
f 16619 16623 16624 16620
f 16617 16621 16623 16619
f 16618 16620 16624 16622
g route_131_mv_tray
usemtl copper
f 16625 16627 16628 16626
f 16629 16630 16632 16631
f 16625 16626 16630 16629
f 16627 16631 16632 16628
f 16625 16629 16631 16627
f 16626 16628 16632 16630
g route_132_mv_tray
usemtl copper
f 16633 16635 16636 16634
f 16637 16638 16640 16639
f 16633 16634 16638 16637
f 16635 16639 16640 16636
f 16633 16637 16639 16635
f 16634 16636 16640 16638
g route_133_mv_tray
usemtl copper
f 16641 16643 16644 16642
f 16645 16646 16648 16647
f 16641 16642 16646 16645
f 16643 16647 16648 16644
f 16641 16645 16647 16643
f 16642 16644 16648 16646
g route_134_mv_tray
usemtl copper
f 16649 16651 16652 16650
f 16653 16654 16656 16655
f 16649 16650 16654 16653
f 16651 16655 16656 16652
f 16649 16653 16655 16651
f 16650 16652 16656 16654
g route_135_mv_tray
usemtl copper
f 16657 16659 16660 16658
f 16661 16662 16664 16663
f 16657 16658 16662 16661
f 16659 16663 16664 16660
f 16657 16661 16663 16659
f 16658 16660 16664 16662
g route_136_mv_tray
usemtl copper
f 16665 16667 16668 16666
f 16669 16670 16672 16671
f 16665 16666 16670 16669
f 16667 16671 16672 16668
f 16665 16669 16671 16667
f 16666 16668 16672 16670
g route_137_mv_tray
usemtl copper
f 16673 16675 16676 16674
f 16677 16678 16680 16679
f 16673 16674 16678 16677
f 16675 16679 16680 16676
f 16673 16677 16679 16675
f 16674 16676 16680 16678
g route_138_mv_tray
usemtl copper
g route_139_mv_tray
usemtl copper
f 16681 16683 16684 16682
f 16685 16686 16688 16687
f 16681 16682 16686 16685
f 16683 16687 16688 16684
f 16681 16685 16687 16683
f 16682 16684 16688 16686
g route_140_mv_tray
usemtl copper
f 16689 16691 16692 16690
f 16693 16694 16696 16695
f 16689 16690 16694 16693
f 16691 16695 16696 16692
f 16689 16693 16695 16691
f 16690 16692 16696 16694
g route_141_mv_tray
usemtl copper
f 16697 16699 16700 16698
f 16701 16702 16704 16703
f 16697 16698 16702 16701
f 16699 16703 16704 16700
f 16697 16701 16703 16699
f 16698 16700 16704 16702
g route_142_mv_tray
usemtl copper
f 16705 16707 16708 16706
f 16709 16710 16712 16711
f 16705 16706 16710 16709
f 16707 16711 16712 16708
f 16705 16709 16711 16707
f 16706 16708 16712 16710
g route_143_mv_tray
usemtl copper
f 16713 16715 16716 16714
f 16717 16718 16720 16719
f 16713 16714 16718 16717
f 16715 16719 16720 16716
f 16713 16717 16719 16715
f 16714 16716 16720 16718
g route_144_mv_tray
usemtl copper
g route_145_mv_tray
usemtl copper
f 16721 16723 16724 16722
f 16725 16726 16728 16727
f 16721 16722 16726 16725
f 16723 16727 16728 16724
f 16721 16725 16727 16723
f 16722 16724 16728 16726
g route_146_mv_tray
usemtl copper
f 16729 16731 16732 16730
f 16733 16734 16736 16735
f 16729 16730 16734 16733
f 16731 16735 16736 16732
f 16729 16733 16735 16731
f 16730 16732 16736 16734
g route_147_mv_tray
usemtl copper
f 16737 16739 16740 16738
f 16741 16742 16744 16743
f 16737 16738 16742 16741
f 16739 16743 16744 16740
f 16737 16741 16743 16739
f 16738 16740 16744 16742
g route_148_mv_tray
usemtl copper
f 16745 16747 16748 16746
f 16749 16750 16752 16751
f 16745 16746 16750 16749
f 16747 16751 16752 16748
f 16745 16749 16751 16747
f 16746 16748 16752 16750
g route_149_mv_tray
usemtl copper
f 16753 16755 16756 16754
f 16757 16758 16760 16759
f 16753 16754 16758 16757
f 16755 16759 16760 16756
f 16753 16757 16759 16755
f 16754 16756 16760 16758
g route_150_mv_tray
usemtl copper
g route_151_mv_tray
usemtl copper
f 16761 16763 16764 16762
f 16765 16766 16768 16767
f 16761 16762 16766 16765
f 16763 16767 16768 16764
f 16761 16765 16767 16763
f 16762 16764 16768 16766
g route_152_mv_tray
usemtl copper
f 16769 16771 16772 16770
f 16773 16774 16776 16775
f 16769 16770 16774 16773
f 16771 16775 16776 16772
f 16769 16773 16775 16771
f 16770 16772 16776 16774
g route_153_mv_tray
usemtl copper
f 16777 16779 16780 16778
f 16781 16782 16784 16783
f 16777 16778 16782 16781
f 16779 16783 16784 16780
f 16777 16781 16783 16779
f 16778 16780 16784 16782
g route_154_mv_tray
usemtl copper
f 16785 16787 16788 16786
f 16789 16790 16792 16791
f 16785 16786 16790 16789
f 16787 16791 16792 16788
f 16785 16789 16791 16787
f 16786 16788 16792 16790
g route_155_mv_tray
usemtl copper
f 16793 16795 16796 16794
f 16797 16798 16800 16799
f 16793 16794 16798 16797
f 16795 16799 16800 16796
f 16793 16797 16799 16795
f 16794 16796 16800 16798
g route_156_mv_tray
usemtl copper
g route_157_mv_tray
usemtl copper
f 16801 16803 16804 16802
f 16805 16806 16808 16807
f 16801 16802 16806 16805
f 16803 16807 16808 16804
f 16801 16805 16807 16803
f 16802 16804 16808 16806
g route_158_mv_tray
usemtl copper
f 16809 16811 16812 16810
f 16813 16814 16816 16815
f 16809 16810 16814 16813
f 16811 16815 16816 16812
f 16809 16813 16815 16811
f 16810 16812 16816 16814
g route_159_mv_tray
usemtl copper
f 16817 16819 16820 16818
f 16821 16822 16824 16823
f 16817 16818 16822 16821
f 16819 16823 16824 16820
f 16817 16821 16823 16819
f 16818 16820 16824 16822
g route_160_mv_tray
usemtl copper
f 16825 16827 16828 16826
f 16829 16830 16832 16831
f 16825 16826 16830 16829
f 16827 16831 16832 16828
f 16825 16829 16831 16827
f 16826 16828 16832 16830
g route_161_mv_tray
usemtl copper
f 16833 16835 16836 16834
f 16837 16838 16840 16839
f 16833 16834 16838 16837
f 16835 16839 16840 16836
f 16833 16837 16839 16835
f 16834 16836 16840 16838
g route_162_mv_tray
usemtl copper
g route_163_mv_tray
usemtl copper
f 16841 16843 16844 16842
f 16845 16846 16848 16847
f 16841 16842 16846 16845
f 16843 16847 16848 16844
f 16841 16845 16847 16843
f 16842 16844 16848 16846
g route_164_mv_tray
usemtl copper
f 16849 16851 16852 16850
f 16853 16854 16856 16855
f 16849 16850 16854 16853
f 16851 16855 16856 16852
f 16849 16853 16855 16851
f 16850 16852 16856 16854
g route_165_mv_tray
usemtl copper
f 16857 16859 16860 16858
f 16861 16862 16864 16863
f 16857 16858 16862 16861
f 16859 16863 16864 16860
f 16857 16861 16863 16859
f 16858 16860 16864 16862
g route_166_mv_tray
usemtl copper
f 16865 16867 16868 16866
f 16869 16870 16872 16871
f 16865 16866 16870 16869
f 16867 16871 16872 16868
f 16865 16869 16871 16867
f 16866 16868 16872 16870
g route_167_mv_tray
usemtl copper
f 16873 16875 16876 16874
f 16877 16878 16880 16879
f 16873 16874 16878 16877
f 16875 16879 16880 16876
f 16873 16877 16879 16875
f 16874 16876 16880 16878
g route_168_mv_tray
usemtl copper
g route_169_mv_tray
usemtl copper
f 16881 16883 16884 16882
f 16885 16886 16888 16887
f 16881 16882 16886 16885
f 16883 16887 16888 16884
f 16881 16885 16887 16883
f 16882 16884 16888 16886
g route_170_mv_tray
usemtl copper
f 16889 16891 16892 16890
f 16893 16894 16896 16895
f 16889 16890 16894 16893
f 16891 16895 16896 16892
f 16889 16893 16895 16891
f 16890 16892 16896 16894
g route_171_mv_tray
usemtl copper
f 16897 16899 16900 16898
f 16901 16902 16904 16903
f 16897 16898 16902 16901
f 16899 16903 16904 16900
f 16897 16901 16903 16899
f 16898 16900 16904 16902
g route_172_mv_tray
usemtl copper
f 16905 16907 16908 16906
f 16909 16910 16912 16911
f 16905 16906 16910 16909
f 16907 16911 16912 16908
f 16905 16909 16911 16907
f 16906 16908 16912 16910
g route_173_mv_tray
usemtl copper
g route_174_mv_tray
usemtl copper
f 16913 16915 16916 16914
f 16917 16918 16920 16919
f 16913 16914 16918 16917
f 16915 16919 16920 16916
f 16913 16917 16919 16915
f 16914 16916 16920 16918
g route_175_mv_tray
usemtl copper
f 16921 16923 16924 16922
f 16925 16926 16928 16927
f 16921 16922 16926 16925
f 16923 16927 16928 16924
f 16921 16925 16927 16923
f 16922 16924 16928 16926
g route_176_mv_tray
usemtl copper
f 16929 16931 16932 16930
f 16933 16934 16936 16935
f 16929 16930 16934 16933
f 16931 16935 16936 16932
f 16929 16933 16935 16931
f 16930 16932 16936 16934
g route_177_mv_tray
usemtl copper
f 16937 16939 16940 16938
f 16941 16942 16944 16943
f 16937 16938 16942 16941
f 16939 16943 16944 16940
f 16937 16941 16943 16939
f 16938 16940 16944 16942
g route_178_lv_tray
usemtl copper
f 16945 16947 16948 16946
f 16949 16950 16952 16951
f 16945 16946 16950 16949
f 16947 16951 16952 16948
f 16945 16949 16951 16947
f 16946 16948 16952 16950
g route_179_lv_tray
usemtl copper
f 16953 16955 16956 16954
f 16957 16958 16960 16959
f 16953 16954 16958 16957
f 16955 16959 16960 16956
f 16953 16957 16959 16955
f 16954 16956 16960 16958
g route_180_lv_tray
usemtl copper
f 16961 16963 16964 16962
f 16965 16966 16968 16967
f 16961 16962 16966 16965
f 16963 16967 16968 16964
f 16961 16965 16967 16963
f 16962 16964 16968 16966
g route_181_lv_tray
usemtl copper
f 16969 16971 16972 16970
f 16973 16974 16976 16975
f 16969 16970 16974 16973
f 16971 16975 16976 16972
f 16969 16973 16975 16971
f 16970 16972 16976 16974
g route_182_lv_tray
usemtl copper
f 16977 16979 16980 16978
f 16981 16982 16984 16983
f 16977 16978 16982 16981
f 16979 16983 16984 16980
f 16977 16981 16983 16979
f 16978 16980 16984 16982
g route_183_lv_tray
usemtl copper
f 16985 16987 16988 16986
f 16989 16990 16992 16991
f 16985 16986 16990 16989
f 16987 16991 16992 16988
f 16985 16989 16991 16987
f 16986 16988 16992 16990
g route_184_lv_tray
usemtl copper
f 16993 16995 16996 16994
f 16997 16998 17000 16999
f 16993 16994 16998 16997
f 16995 16999 17000 16996
f 16993 16997 16999 16995
f 16994 16996 17000 16998
g route_185_lv_tray
usemtl copper
f 17001 17003 17004 17002
f 17005 17006 17008 17007
f 17001 17002 17006 17005
f 17003 17007 17008 17004
f 17001 17005 17007 17003
f 17002 17004 17008 17006
g route_186_lv_tray
usemtl copper
f 17009 17011 17012 17010
f 17013 17014 17016 17015
f 17009 17010 17014 17013
f 17011 17015 17016 17012
f 17009 17013 17015 17011
f 17010 17012 17016 17014
g route_187_lv_tray
usemtl copper
f 17017 17019 17020 17018
f 17021 17022 17024 17023
f 17017 17018 17022 17021
f 17019 17023 17024 17020
f 17017 17021 17023 17019
f 17018 17020 17024 17022
g route_188_lv_tray
usemtl copper
f 17025 17027 17028 17026
f 17029 17030 17032 17031
f 17025 17026 17030 17029
f 17027 17031 17032 17028
f 17025 17029 17031 17027
f 17026 17028 17032 17030
g route_189_lv_tray
usemtl copper
f 17033 17035 17036 17034
f 17037 17038 17040 17039
f 17033 17034 17038 17037
f 17035 17039 17040 17036
f 17033 17037 17039 17035
f 17034 17036 17040 17038
g route_190_lv_tray
usemtl copper
f 17041 17043 17044 17042
f 17045 17046 17048 17047
f 17041 17042 17046 17045
f 17043 17047 17048 17044
f 17041 17045 17047 17043
f 17042 17044 17048 17046
g route_191_lv_tray
usemtl copper
f 17049 17051 17052 17050
f 17053 17054 17056 17055
f 17049 17050 17054 17053
f 17051 17055 17056 17052
f 17049 17053 17055 17051
f 17050 17052 17056 17054
g route_192_lv_tray
usemtl copper
f 17057 17059 17060 17058
f 17061 17062 17064 17063
f 17057 17058 17062 17061
f 17059 17063 17064 17060
f 17057 17061 17063 17059
f 17058 17060 17064 17062
g route_193_lv_tray
usemtl copper
f 17065 17067 17068 17066
f 17069 17070 17072 17071
f 17065 17066 17070 17069
f 17067 17071 17072 17068
f 17065 17069 17071 17067
f 17066 17068 17072 17070
g route_194_lv_tray
usemtl copper
f 17073 17075 17076 17074
f 17077 17078 17080 17079
f 17073 17074 17078 17077
f 17075 17079 17080 17076
f 17073 17077 17079 17075
f 17074 17076 17080 17078
g route_195_lv_tray
usemtl copper
f 17081 17083 17084 17082
f 17085 17086 17088 17087
f 17081 17082 17086 17085
f 17083 17087 17088 17084
f 17081 17085 17087 17083
f 17082 17084 17088 17086
g route_196_lv_tray
usemtl copper
f 17089 17091 17092 17090
f 17093 17094 17096 17095
f 17089 17090 17094 17093
f 17091 17095 17096 17092
f 17089 17093 17095 17091
f 17090 17092 17096 17094
g route_197_lv_tray
usemtl copper
f 17097 17099 17100 17098
f 17101 17102 17104 17103
f 17097 17098 17102 17101
f 17099 17103 17104 17100
f 17097 17101 17103 17099
f 17098 17100 17104 17102
g route_198_lv_tray
usemtl copper
f 17105 17107 17108 17106
f 17109 17110 17112 17111
f 17105 17106 17110 17109
f 17107 17111 17112 17108
f 17105 17109 17111 17107
f 17106 17108 17112 17110
g route_199_lv_tray
usemtl copper
f 17113 17115 17116 17114
f 17117 17118 17120 17119
f 17113 17114 17118 17117
f 17115 17119 17120 17116
f 17113 17117 17119 17115
f 17114 17116 17120 17118
g route_200_lv_tray
usemtl copper
f 17121 17123 17124 17122
f 17125 17126 17128 17127
f 17121 17122 17126 17125
f 17123 17127 17128 17124
f 17121 17125 17127 17123
f 17122 17124 17128 17126
g route_201_lv_tray
usemtl copper
f 17129 17131 17132 17130
f 17133 17134 17136 17135
f 17129 17130 17134 17133
f 17131 17135 17136 17132
f 17129 17133 17135 17131
f 17130 17132 17136 17134
g route_202_lv_tray
usemtl copper
f 17137 17139 17140 17138
f 17141 17142 17144 17143
f 17137 17138 17142 17141
f 17139 17143 17144 17140
f 17137 17141 17143 17139
f 17138 17140 17144 17142
g route_203_lv_tray
usemtl copper
f 17145 17147 17148 17146
f 17149 17150 17152 17151
f 17145 17146 17150 17149
f 17147 17151 17152 17148
f 17145 17149 17151 17147
f 17146 17148 17152 17150
g route_204_lv_tray
usemtl copper
f 17153 17155 17156 17154
f 17157 17158 17160 17159
f 17153 17154 17158 17157
f 17155 17159 17160 17156
f 17153 17157 17159 17155
f 17154 17156 17160 17158
g route_205_lv_tray
usemtl copper
f 17161 17163 17164 17162
f 17165 17166 17168 17167
f 17161 17162 17166 17165
f 17163 17167 17168 17164
f 17161 17165 17167 17163
f 17162 17164 17168 17166
g route_206_lv_tray
usemtl copper
f 17169 17171 17172 17170
f 17173 17174 17176 17175
f 17169 17170 17174 17173
f 17171 17175 17176 17172
f 17169 17173 17175 17171
f 17170 17172 17176 17174
g route_207_lv_tray
usemtl copper
f 17177 17179 17180 17178
f 17181 17182 17184 17183
f 17177 17178 17182 17181
f 17179 17183 17184 17180
f 17177 17181 17183 17179
f 17178 17180 17184 17182
g route_208_lv_tray
usemtl copper
f 17185 17187 17188 17186
f 17189 17190 17192 17191
f 17185 17186 17190 17189
f 17187 17191 17192 17188
f 17185 17189 17191 17187
f 17186 17188 17192 17190
g route_209_lv_tray
usemtl copper
f 17193 17195 17196 17194
f 17197 17198 17200 17199
f 17193 17194 17198 17197
f 17195 17199 17200 17196
f 17193 17197 17199 17195
f 17194 17196 17200 17198
g route_210_lv_tray
usemtl copper
f 17201 17203 17204 17202
f 17205 17206 17208 17207
f 17201 17202 17206 17205
f 17203 17207 17208 17204
f 17201 17205 17207 17203
f 17202 17204 17208 17206
g route_211_lv_tray
usemtl copper
f 17209 17211 17212 17210
f 17213 17214 17216 17215
f 17209 17210 17214 17213
f 17211 17215 17216 17212
f 17209 17213 17215 17211
f 17210 17212 17216 17214
g route_212_lv_tray
usemtl copper
f 17217 17219 17220 17218
f 17221 17222 17224 17223
f 17217 17218 17222 17221
f 17219 17223 17224 17220
f 17217 17221 17223 17219
f 17218 17220 17224 17222
g route_213_lv_tray
usemtl copper
f 17225 17227 17228 17226
f 17229 17230 17232 17231
f 17225 17226 17230 17229
f 17227 17231 17232 17228
f 17225 17229 17231 17227
f 17226 17228 17232 17230
g route_214_lv_tray
usemtl copper
f 17233 17235 17236 17234
f 17237 17238 17240 17239
f 17233 17234 17238 17237
f 17235 17239 17240 17236
f 17233 17237 17239 17235
f 17234 17236 17240 17238
g route_215_lv_tray
usemtl copper
f 17241 17243 17244 17242
f 17245 17246 17248 17247
f 17241 17242 17246 17245
f 17243 17247 17248 17244
f 17241 17245 17247 17243
f 17242 17244 17248 17246
g route_216_lv_tray
usemtl copper
f 17249 17251 17252 17250
f 17253 17254 17256 17255
f 17249 17250 17254 17253
f 17251 17255 17256 17252
f 17249 17253 17255 17251
f 17250 17252 17256 17254
g route_217_lv_tray
usemtl copper
f 17257 17259 17260 17258
f 17261 17262 17264 17263
f 17257 17258 17262 17261
f 17259 17263 17264 17260
f 17257 17261 17263 17259
f 17258 17260 17264 17262
g route_218_lv_tray
usemtl copper
g route_219_lv_tray
usemtl copper
f 17265 17267 17268 17266
f 17269 17270 17272 17271
f 17265 17266 17270 17269
f 17267 17271 17272 17268
f 17265 17269 17271 17267
f 17266 17268 17272 17270
g route_220_lv_tray
usemtl copper
f 17273 17275 17276 17274
f 17277 17278 17280 17279
f 17273 17274 17278 17277
f 17275 17279 17280 17276
f 17273 17277 17279 17275
f 17274 17276 17280 17278
g route_221_lv_tray
usemtl copper
f 17281 17283 17284 17282
f 17285 17286 17288 17287
f 17281 17282 17286 17285
f 17283 17287 17288 17284
f 17281 17285 17287 17283
f 17282 17284 17288 17286
g route_222_lv_tray
usemtl copper
f 17289 17291 17292 17290
f 17293 17294 17296 17295
f 17289 17290 17294 17293
f 17291 17295 17296 17292
f 17289 17293 17295 17291
f 17290 17292 17296 17294
g route_223_lv_tray
usemtl copper
f 17297 17299 17300 17298
f 17301 17302 17304 17303
f 17297 17298 17302 17301
f 17299 17303 17304 17300
f 17297 17301 17303 17299
f 17298 17300 17304 17302
g route_224_lv_tray
usemtl copper
f 17305 17307 17308 17306
f 17309 17310 17312 17311
f 17305 17306 17310 17309
f 17307 17311 17312 17308
f 17305 17309 17311 17307
f 17306 17308 17312 17310
g route_225_lv_tray
usemtl copper
f 17313 17315 17316 17314
f 17317 17318 17320 17319
f 17313 17314 17318 17317
f 17315 17319 17320 17316
f 17313 17317 17319 17315
f 17314 17316 17320 17318
g route_226_lv_tray
usemtl copper
f 17321 17323 17324 17322
f 17325 17326 17328 17327
f 17321 17322 17326 17325
f 17323 17327 17328 17324
f 17321 17325 17327 17323
f 17322 17324 17328 17326
g route_227_lv_tray
usemtl copper
f 17329 17331 17332 17330
f 17333 17334 17336 17335
f 17329 17330 17334 17333
f 17331 17335 17336 17332
f 17329 17333 17335 17331
f 17330 17332 17336 17334
g route_228_lv_tray
usemtl copper
f 17337 17339 17340 17338
f 17341 17342 17344 17343
f 17337 17338 17342 17341
f 17339 17343 17344 17340
f 17337 17341 17343 17339
f 17338 17340 17344 17342
g route_229_lv_tray
usemtl copper
f 17345 17347 17348 17346
f 17349 17350 17352 17351
f 17345 17346 17350 17349
f 17347 17351 17352 17348
f 17345 17349 17351 17347
f 17346 17348 17352 17350
g route_230_lv_tray
usemtl copper
f 17353 17355 17356 17354
f 17357 17358 17360 17359
f 17353 17354 17358 17357
f 17355 17359 17360 17356
f 17353 17357 17359 17355
f 17354 17356 17360 17358
g route_231_lv_tray
usemtl copper
g route_232_lv_tray
usemtl copper
f 17361 17363 17364 17362
f 17365 17366 17368 17367
f 17361 17362 17366 17365
f 17363 17367 17368 17364
f 17361 17365 17367 17363
f 17362 17364 17368 17366
g route_233_lv_tray
usemtl copper
f 17369 17371 17372 17370
f 17373 17374 17376 17375
f 17369 17370 17374 17373
f 17371 17375 17376 17372
f 17369 17373 17375 17371
f 17370 17372 17376 17374
g route_234_lv_tray
usemtl copper
f 17377 17379 17380 17378
f 17381 17382 17384 17383
f 17377 17378 17382 17381
f 17379 17383 17384 17380
f 17377 17381 17383 17379
f 17378 17380 17384 17382
g route_235_lv_tray
usemtl copper
f 17385 17387 17388 17386
f 17389 17390 17392 17391
f 17385 17386 17390 17389
f 17387 17391 17392 17388
f 17385 17389 17391 17387
f 17386 17388 17392 17390
g route_236_lv_tray
usemtl copper
f 17393 17395 17396 17394
f 17397 17398 17400 17399
f 17393 17394 17398 17397
f 17395 17399 17400 17396
f 17393 17397 17399 17395
f 17394 17396 17400 17398
g route_237_lv_tray
usemtl copper
g route_238_lv_tray
usemtl copper
f 17401 17403 17404 17402
f 17405 17406 17408 17407
f 17401 17402 17406 17405
f 17403 17407 17408 17404
f 17401 17405 17407 17403
f 17402 17404 17408 17406
g route_239_lv_tray
usemtl copper
f 17409 17411 17412 17410
f 17413 17414 17416 17415
f 17409 17410 17414 17413
f 17411 17415 17416 17412
f 17409 17413 17415 17411
f 17410 17412 17416 17414
g route_240_lv_tray
usemtl copper
g route_241_lv_tray
usemtl copper
f 17417 17419 17420 17418
f 17421 17422 17424 17423
f 17417 17418 17422 17421
f 17419 17423 17424 17420
f 17417 17421 17423 17419
f 17418 17420 17424 17422
g route_242_lv_tray
usemtl copper
f 17425 17427 17428 17426
f 17429 17430 17432 17431
f 17425 17426 17430 17429
f 17427 17431 17432 17428
f 17425 17429 17431 17427
f 17426 17428 17432 17430
g route_243_lv_tray
usemtl copper
f 17433 17435 17436 17434
f 17437 17438 17440 17439
f 17433 17434 17438 17437
f 17435 17439 17440 17436
f 17433 17437 17439 17435
f 17434 17436 17440 17438
g route_244_lv_tray
usemtl copper
f 17441 17443 17444 17442
f 17445 17446 17448 17447
f 17441 17442 17446 17445
f 17443 17447 17448 17444
f 17441 17445 17447 17443
f 17442 17444 17448 17446
g route_245_lv_tray
usemtl copper
f 17449 17451 17452 17450
f 17453 17454 17456 17455
f 17449 17450 17454 17453
f 17451 17455 17456 17452
f 17449 17453 17455 17451
f 17450 17452 17456 17454
g route_246_lv_tray
usemtl copper
f 17457 17459 17460 17458
f 17461 17462 17464 17463
f 17457 17458 17462 17461
f 17459 17463 17464 17460
f 17457 17461 17463 17459
f 17458 17460 17464 17462
g route_247_control_tray
usemtl copper
g route_248_control_tray
usemtl copper
g route_249_control_tray
usemtl copper
g route_250_control_tray
usemtl copper
f 17465 17467 17468 17466
f 17469 17470 17472 17471
f 17465 17466 17470 17469
f 17467 17471 17472 17468
f 17465 17469 17471 17467
f 17466 17468 17472 17470
g route_251_control_tray
usemtl copper
f 17473 17475 17476 17474
f 17477 17478 17480 17479
f 17473 17474 17478 17477
f 17475 17479 17480 17476
f 17473 17477 17479 17475
f 17474 17476 17480 17478
g route_252_control_tray
usemtl copper
f 17481 17483 17484 17482
f 17485 17486 17488 17487
f 17481 17482 17486 17485
f 17483 17487 17488 17484
f 17481 17485 17487 17483
f 17482 17484 17488 17486
g route_253_control_tray
usemtl copper
f 17489 17491 17492 17490
f 17493 17494 17496 17495
f 17489 17490 17494 17493
f 17491 17495 17496 17492
f 17489 17493 17495 17491
f 17490 17492 17496 17494
g route_254_control_tray
usemtl copper
f 17497 17499 17500 17498
f 17501 17502 17504 17503
f 17497 17498 17502 17501
f 17499 17503 17504 17500
f 17497 17501 17503 17499
f 17498 17500 17504 17502
g route_255_steam
usemtl steam
f 17505 17507 17508 17506
f 17509 17510 17512 17511
f 17505 17506 17510 17509
f 17507 17511 17512 17508
f 17505 17509 17511 17507
f 17506 17508 17512 17510
f 17513 17515 17516 17514
f 17517 17518 17520 17519
f 17513 17514 17518 17517
f 17515 17519 17520 17516
f 17513 17517 17519 17515
f 17514 17516 17520 17518
f 17521 17523 17524 17522
f 17525 17526 17528 17527
f 17521 17522 17526 17525
f 17523 17527 17528 17524
f 17521 17525 17527 17523
f 17522 17524 17528 17526
g route_256_mvlv_cable
usemtl copper
f 17529 17531 17532 17530
f 17533 17534 17536 17535
f 17529 17530 17534 17533
f 17531 17535 17536 17532
f 17529 17533 17535 17531
f 17530 17532 17536 17534
f 17537 17539 17540 17538
f 17541 17542 17544 17543
f 17537 17538 17542 17541
f 17539 17543 17544 17540
f 17537 17541 17543 17539
f 17538 17540 17544 17542
f 17545 17547 17548 17546
f 17549 17550 17552 17551
f 17545 17546 17550 17549
f 17547 17551 17552 17548
f 17545 17549 17551 17547
f 17546 17548 17552 17550
f 17553 17555 17556 17554
f 17557 17558 17560 17559
f 17553 17554 17558 17557
f 17555 17559 17560 17556
f 17553 17557 17559 17555
f 17554 17556 17560 17558
g route_257_mvlv_cable
usemtl copper
f 17561 17563 17564 17562
f 17565 17566 17568 17567
f 17561 17562 17566 17565
f 17563 17567 17568 17564
f 17561 17565 17567 17563
f 17562 17564 17568 17566
f 17569 17571 17572 17570
f 17573 17574 17576 17575
f 17569 17570 17574 17573
f 17571 17575 17576 17572
f 17569 17573 17575 17571
f 17570 17572 17576 17574
f 17577 17579 17580 17578
f 17581 17582 17584 17583
f 17577 17578 17582 17581
f 17579 17583 17584 17580
f 17577 17581 17583 17579
f 17578 17580 17584 17582
f 17585 17587 17588 17586
f 17589 17590 17592 17591
f 17585 17586 17590 17589
f 17587 17591 17592 17588
f 17585 17589 17591 17587
f 17586 17588 17592 17590
g route_258_mvlv_cable
usemtl copper
f 17593 17595 17596 17594
f 17597 17598 17600 17599
f 17593 17594 17598 17597
f 17595 17599 17600 17596
f 17593 17597 17599 17595
f 17594 17596 17600 17598
f 17601 17603 17604 17602
f 17605 17606 17608 17607
f 17601 17602 17606 17605
f 17603 17607 17608 17604
f 17601 17605 17607 17603
f 17602 17604 17608 17606
f 17609 17611 17612 17610
f 17613 17614 17616 17615
f 17609 17610 17614 17613
f 17611 17615 17616 17612
f 17609 17613 17615 17611
f 17610 17612 17616 17614
f 17617 17619 17620 17618
f 17621 17622 17624 17623
f 17617 17618 17622 17621
f 17619 17623 17624 17620
f 17617 17621 17623 17619
f 17618 17620 17624 17622
g route_259_mvlv_cable
usemtl copper
f 17625 17627 17628 17626
f 17629 17630 17632 17631
f 17625 17626 17630 17629
f 17627 17631 17632 17628
f 17625 17629 17631 17627
f 17626 17628 17632 17630
f 17633 17635 17636 17634
f 17637 17638 17640 17639
f 17633 17634 17638 17637
f 17635 17639 17640 17636
f 17633 17637 17639 17635
f 17634 17636 17640 17638
f 17641 17643 17644 17642
f 17645 17646 17648 17647
f 17641 17642 17646 17645
f 17643 17647 17648 17644
f 17641 17645 17647 17643
f 17642 17644 17648 17646
g route_260_mvlv_cable
usemtl copper
f 17649 17651 17652 17650
f 17653 17654 17656 17655
f 17649 17650 17654 17653
f 17651 17655 17656 17652
f 17649 17653 17655 17651
f 17650 17652 17656 17654
f 17657 17659 17660 17658
f 17661 17662 17664 17663
f 17657 17658 17662 17661
f 17659 17663 17664 17660
f 17657 17661 17663 17659
f 17658 17660 17664 17662
f 17665 17667 17668 17666
f 17669 17670 17672 17671
f 17665 17666 17670 17669
f 17667 17671 17672 17668
f 17665 17669 17671 17667
f 17666 17668 17672 17670
f 17673 17675 17676 17674
f 17677 17678 17680 17679
f 17673 17674 17678 17677
f 17675 17679 17680 17676
f 17673 17677 17679 17675
f 17674 17676 17680 17678
g route_261_mvlv_cable
usemtl copper
f 17681 17683 17684 17682
f 17685 17686 17688 17687
f 17681 17682 17686 17685
f 17683 17687 17688 17684
f 17681 17685 17687 17683
f 17682 17684 17688 17686
f 17689 17691 17692 17690
f 17693 17694 17696 17695
f 17689 17690 17694 17693
f 17691 17695 17696 17692
f 17689 17693 17695 17691
f 17690 17692 17696 17694
f 17697 17699 17700 17698
f 17701 17702 17704 17703
f 17697 17698 17702 17701
f 17699 17703 17704 17700
f 17697 17701 17703 17699
f 17698 17700 17704 17702
g route_262_mvlv_cable
usemtl copper
f 17705 17707 17708 17706
f 17709 17710 17712 17711
f 17705 17706 17710 17709
f 17707 17711 17712 17708
f 17705 17709 17711 17707
f 17706 17708 17712 17710
f 17713 17715 17716 17714
f 17717 17718 17720 17719
f 17713 17714 17718 17717
f 17715 17719 17720 17716
f 17713 17717 17719 17715
f 17714 17716 17720 17718
f 17721 17723 17724 17722
f 17725 17726 17728 17727
f 17721 17722 17726 17725
f 17723 17727 17728 17724
f 17721 17725 17727 17723
f 17722 17724 17728 17726
g route_263_mvlv_cable
usemtl copper
f 17729 17731 17732 17730
f 17733 17734 17736 17735
f 17729 17730 17734 17733
f 17731 17735 17736 17732
f 17729 17733 17735 17731
f 17730 17732 17736 17734
f 17737 17739 17740 17738
f 17741 17742 17744 17743
f 17737 17738 17742 17741
f 17739 17743 17744 17740
f 17737 17741 17743 17739
f 17738 17740 17744 17742
f 17745 17747 17748 17746
f 17749 17750 17752 17751
f 17745 17746 17750 17749
f 17747 17751 17752 17748
f 17745 17749 17751 17747
f 17746 17748 17752 17750
g route_264_mvlv_cable
usemtl copper
f 17753 17755 17756 17754
f 17757 17758 17760 17759
f 17753 17754 17758 17757
f 17755 17759 17760 17756
f 17753 17757 17759 17755
f 17754 17756 17760 17758
f 17761 17763 17764 17762
f 17765 17766 17768 17767
f 17761 17762 17766 17765
f 17763 17767 17768 17764
f 17761 17765 17767 17763
f 17762 17764 17768 17766
f 17769 17771 17772 17770
f 17773 17774 17776 17775
f 17769 17770 17774 17773
f 17771 17775 17776 17772
f 17769 17773 17775 17771
f 17770 17772 17776 17774
g route_265_mvlv_cable
usemtl copper
f 17777 17779 17780 17778
f 17781 17782 17784 17783
f 17777 17778 17782 17781
f 17779 17783 17784 17780
f 17777 17781 17783 17779
f 17778 17780 17784 17782
f 17785 17787 17788 17786
f 17789 17790 17792 17791
f 17785 17786 17790 17789
f 17787 17791 17792 17788
f 17785 17789 17791 17787
f 17786 17788 17792 17790
f 17793 17795 17796 17794
f 17797 17798 17800 17799
f 17793 17794 17798 17797
f 17795 17799 17800 17796
f 17793 17797 17799 17795
f 17794 17796 17800 17798
g route_266_mvlv_cable
usemtl copper
f 17801 17803 17804 17802
f 17805 17806 17808 17807
f 17801 17802 17806 17805
f 17803 17807 17808 17804
f 17801 17805 17807 17803
f 17802 17804 17808 17806
f 17809 17811 17812 17810
f 17813 17814 17816 17815
f 17809 17810 17814 17813
f 17811 17815 17816 17812
f 17809 17813 17815 17811
f 17810 17812 17816 17814
f 17817 17819 17820 17818
f 17821 17822 17824 17823
f 17817 17818 17822 17821
f 17819 17823 17824 17820
f 17817 17821 17823 17819
f 17818 17820 17824 17822
g route_267_mvlv_cable
usemtl copper
f 17825 17827 17828 17826
f 17829 17830 17832 17831
f 17825 17826 17830 17829
f 17827 17831 17832 17828
f 17825 17829 17831 17827
f 17826 17828 17832 17830
f 17833 17835 17836 17834
f 17837 17838 17840 17839
f 17833 17834 17838 17837
f 17835 17839 17840 17836
f 17833 17837 17839 17835
f 17834 17836 17840 17838
f 17841 17843 17844 17842
f 17845 17846 17848 17847
f 17841 17842 17846 17845
f 17843 17847 17848 17844
f 17841 17845 17847 17843
f 17842 17844 17848 17846
g route_268_mvlv_cable
usemtl copper
f 17849 17851 17852 17850
f 17853 17854 17856 17855
f 17849 17850 17854 17853
f 17851 17855 17856 17852
f 17849 17853 17855 17851
f 17850 17852 17856 17854
f 17857 17859 17860 17858
f 17861 17862 17864 17863
f 17857 17858 17862 17861
f 17859 17863 17864 17860
f 17857 17861 17863 17859
f 17858 17860 17864 17862
f 17865 17867 17868 17866
f 17869 17870 17872 17871
f 17865 17866 17870 17869
f 17867 17871 17872 17868
f 17865 17869 17871 17867
f 17866 17868 17872 17870
g route_269_mvlv_cable
usemtl copper
f 17873 17875 17876 17874
f 17877 17878 17880 17879
f 17873 17874 17878 17877
f 17875 17879 17880 17876
f 17873 17877 17879 17875
f 17874 17876 17880 17878
g route_270_mvlv_cable
usemtl copper
f 17881 17883 17884 17882
f 17885 17886 17888 17887
f 17881 17882 17886 17885
f 17883 17887 17888 17884
f 17881 17885 17887 17883
f 17882 17884 17888 17886
f 17889 17891 17892 17890
f 17893 17894 17896 17895
f 17889 17890 17894 17893
f 17891 17895 17896 17892
f 17889 17893 17895 17891
f 17890 17892 17896 17894
f 17897 17899 17900 17898
f 17901 17902 17904 17903
f 17897 17898 17902 17901
f 17899 17903 17904 17900
f 17897 17901 17903 17899
f 17898 17900 17904 17902
f 17905 17907 17908 17906
f 17909 17910 17912 17911
f 17905 17906 17910 17909
f 17907 17911 17912 17908
f 17905 17909 17911 17907
f 17906 17908 17912 17910
f 17913 17915 17916 17914
f 17917 17918 17920 17919
f 17913 17914 17918 17917
f 17915 17919 17920 17916
f 17913 17917 17919 17915
f 17914 17916 17920 17918
g route_271_mvlv_cable
usemtl copper
f 17921 17923 17924 17922
f 17925 17926 17928 17927
f 17921 17922 17926 17925
f 17923 17927 17928 17924
f 17921 17925 17927 17923
f 17922 17924 17928 17926
g route_272_mvlv_cable
usemtl copper
f 17929 17931 17932 17930
f 17933 17934 17936 17935
f 17929 17930 17934 17933
f 17931 17935 17936 17932
f 17929 17933 17935 17931
f 17930 17932 17936 17934
g route_273_mvlv_cable
usemtl copper
f 17937 17939 17940 17938
f 17941 17942 17944 17943
f 17937 17938 17942 17941
f 17939 17943 17944 17940
f 17937 17941 17943 17939
f 17938 17940 17944 17942
f 17945 17947 17948 17946
f 17949 17950 17952 17951
f 17945 17946 17950 17949
f 17947 17951 17952 17948
f 17945 17949 17951 17947
f 17946 17948 17952 17950
f 17953 17955 17956 17954
f 17957 17958 17960 17959
f 17953 17954 17958 17957
f 17955 17959 17960 17956
f 17953 17957 17959 17955
f 17954 17956 17960 17958
g route_274_hv_cable
usemtl copper_dark
f 17961 17963 17964 17962
f 17965 17966 17968 17967
f 17961 17962 17966 17965
f 17963 17967 17968 17964
f 17961 17965 17967 17963
f 17962 17964 17968 17966
f 17969 17971 17972 17970
f 17973 17974 17976 17975
f 17969 17970 17974 17973
f 17971 17975 17976 17972
f 17969 17973 17975 17971
f 17970 17972 17976 17974
f 17977 17979 17980 17978
f 17981 17982 17984 17983
f 17977 17978 17982 17981
f 17979 17983 17984 17980
f 17977 17981 17983 17979
f 17978 17980 17984 17982
f 17985 17987 17988 17986
f 17989 17990 17992 17991
f 17985 17986 17990 17989
f 17987 17991 17992 17988
f 17985 17989 17991 17987
f 17986 17988 17992 17990
f 17993 17995 17996 17994
f 17997 17998 18000 17999
f 17993 17994 17998 17997
f 17995 17999 18000 17996
f 17993 17997 17999 17995
f 17994 17996 18000 17998
g route_275_hv_cable
usemtl copper_dark
f 18001 18003 18004 18002
f 18005 18006 18008 18007
f 18001 18002 18006 18005
f 18003 18007 18008 18004
f 18001 18005 18007 18003
f 18002 18004 18008 18006
g route_276_hv_cable
usemtl copper_dark
f 18009 18011 18012 18010
f 18013 18014 18016 18015
f 18009 18010 18014 18013
f 18011 18015 18016 18012
f 18009 18013 18015 18011
f 18010 18012 18016 18014
g route_277_hv_cable
usemtl copper_dark
f 18017 18019 18020 18018
f 18021 18022 18024 18023
f 18017 18018 18022 18021
f 18019 18023 18024 18020
f 18017 18021 18023 18019
f 18018 18020 18024 18022
f 18025 18027 18028 18026
f 18029 18030 18032 18031
f 18025 18026 18030 18029
f 18027 18031 18032 18028
f 18025 18029 18031 18027
f 18026 18028 18032 18030
f 18033 18035 18036 18034
f 18037 18038 18040 18039
f 18033 18034 18038 18037
f 18035 18039 18040 18036
f 18033 18037 18039 18035
f 18034 18036 18040 18038
f 18041 18043 18044 18042
f 18045 18046 18048 18047
f 18041 18042 18046 18045
f 18043 18047 18048 18044
f 18041 18045 18047 18043
f 18042 18044 18048 18046
f 18049 18051 18052 18050
f 18053 18054 18056 18055
f 18049 18050 18054 18053
f 18051 18055 18056 18052
f 18049 18053 18055 18051
f 18050 18052 18056 18054
g route_278_hv_cable
usemtl copper_dark
f 18057 18059 18060 18058
f 18061 18062 18064 18063
f 18057 18058 18062 18061
f 18059 18063 18064 18060
f 18057 18061 18063 18059
f 18058 18060 18064 18062
g route_279_cw
usemtl cw
f 18065 18067 18068 18066
f 18069 18070 18072 18071
f 18065 18066 18070 18069
f 18067 18071 18072 18068
f 18065 18069 18071 18067
f 18066 18068 18072 18070
f 18073 18075 18076 18074
f 18077 18078 18080 18079
f 18073 18074 18078 18077
f 18075 18079 18080 18076
f 18073 18077 18079 18075
f 18074 18076 18080 18078
f 18081 18083 18084 18082
f 18085 18086 18088 18087
f 18081 18082 18086 18085
f 18083 18087 18088 18084
f 18081 18085 18087 18083
f 18082 18084 18088 18086
g route_280_cw
usemtl cw
f 18089 18091 18092 18090
f 18093 18094 18096 18095
f 18089 18090 18094 18093
f 18091 18095 18096 18092
f 18089 18093 18095 18091
f 18090 18092 18096 18094
g route_281_fuel_gas
usemtl fuelgas
f 18097 18099 18100 18098
f 18101 18102 18104 18103
f 18097 18098 18102 18101
f 18099 18103 18104 18100
f 18097 18101 18103 18099
f 18098 18100 18104 18102
f 18105 18107 18108 18106
f 18109 18110 18112 18111
f 18105 18106 18110 18109
f 18107 18111 18112 18108
f 18105 18109 18111 18107
f 18106 18108 18112 18110
f 18113 18115 18116 18114
f 18117 18118 18120 18119
f 18113 18114 18118 18117
f 18115 18119 18120 18116
f 18113 18117 18119 18115
f 18114 18116 18120 18118
f 18121 18123 18124 18122
f 18125 18126 18128 18127
f 18121 18122 18126 18125
f 18123 18127 18128 18124
f 18121 18125 18127 18123
f 18122 18124 18128 18126
g route_282_fuel_gas
usemtl fuelgas
f 18129 18131 18132 18130
f 18133 18134 18136 18135
f 18129 18130 18134 18133
f 18131 18135 18136 18132
f 18129 18133 18135 18131
f 18130 18132 18136 18134
f 18137 18139 18140 18138
f 18141 18142 18144 18143
f 18137 18138 18142 18141
f 18139 18143 18144 18140
f 18137 18141 18143 18139
f 18138 18140 18144 18142
f 18145 18147 18148 18146
f 18149 18150 18152 18151
f 18145 18146 18150 18149
f 18147 18151 18152 18148
f 18145 18149 18151 18147
f 18146 18148 18152 18150
g route_283_fuel_gas
usemtl fuelgas
f 18153 18155 18156 18154
f 18157 18158 18160 18159
f 18153 18154 18158 18157
f 18155 18159 18160 18156
f 18153 18157 18159 18155
f 18154 18156 18160 18158
f 18161 18163 18164 18162
f 18165 18166 18168 18167
f 18161 18162 18166 18165
f 18163 18167 18168 18164
f 18161 18165 18167 18163
f 18162 18164 18168 18166
g route_284_fuel_gas
usemtl fuelgas
f 18169 18171 18172 18170
f 18173 18174 18176 18175
f 18169 18170 18174 18173
f 18171 18175 18176 18172
f 18169 18173 18175 18171
f 18170 18172 18176 18174
f 18177 18179 18180 18178
f 18181 18182 18184 18183
f 18177 18178 18182 18181
f 18179 18183 18184 18180
f 18177 18181 18183 18179
f 18178 18180 18184 18182
f 18185 18187 18188 18186
f 18189 18190 18192 18191
f 18185 18186 18190 18189
f 18187 18191 18192 18188
f 18185 18189 18191 18187
f 18186 18188 18192 18190
f 18193 18195 18196 18194
f 18197 18198 18200 18199
f 18193 18194 18198 18197
f 18195 18199 18200 18196
f 18193 18197 18199 18195
f 18194 18196 18200 18198
f 18201 18203 18204 18202
f 18205 18206 18208 18207
f 18201 18202 18206 18205
f 18203 18207 18208 18204
f 18201 18205 18207 18203
f 18202 18204 18208 18206
g route_285_fuel_gas
usemtl fuelgas
f 18209 18211 18212 18210
f 18213 18214 18216 18215
f 18209 18210 18214 18213
f 18211 18215 18216 18212
f 18209 18213 18215 18211
f 18210 18212 18216 18214
f 18217 18219 18220 18218
f 18221 18222 18224 18223
f 18217 18218 18222 18221
f 18219 18223 18224 18220
f 18217 18221 18223 18219
f 18218 18220 18224 18222
f 18225 18227 18228 18226
f 18229 18230 18232 18231
f 18225 18226 18230 18229
f 18227 18231 18232 18228
f 18225 18229 18231 18227
f 18226 18228 18232 18230
f 18233 18235 18236 18234
f 18237 18238 18240 18239
f 18233 18234 18238 18237
f 18235 18239 18240 18236
f 18233 18237 18239 18235
f 18234 18236 18240 18238
g route_286_fuel_gas
usemtl fuelgas
f 18241 18243 18244 18242
f 18245 18246 18248 18247
f 18241 18242 18246 18245
f 18243 18247 18248 18244
f 18241 18245 18247 18243
f 18242 18244 18248 18246
f 18249 18251 18252 18250
f 18253 18254 18256 18255
f 18249 18250 18254 18253
f 18251 18255 18256 18252
f 18249 18253 18255 18251
f 18250 18252 18256 18254
g route_287_chw
usemtl chw
f 18257 18259 18260 18258
f 18261 18262 18264 18263
f 18257 18258 18262 18261
f 18259 18263 18264 18260
f 18257 18261 18263 18259
f 18258 18260 18264 18262
f 18265 18267 18268 18266
f 18269 18270 18272 18271
f 18265 18266 18270 18269
f 18267 18271 18272 18268
f 18265 18269 18271 18267
f 18266 18268 18272 18270
f 18273 18275 18276 18274
f 18277 18278 18280 18279
f 18273 18274 18278 18277
f 18275 18279 18280 18276
f 18273 18277 18279 18275
f 18274 18276 18280 18278
f 18281 18283 18284 18282
f 18285 18286 18288 18287
f 18281 18282 18286 18285
f 18283 18287 18288 18284
f 18281 18285 18287 18283
f 18282 18284 18288 18286
f 18289 18291 18292 18290
f 18293 18294 18296 18295
f 18289 18290 18294 18293
f 18291 18295 18296 18292
f 18289 18293 18295 18291
f 18290 18292 18296 18294
g route_288_chw
usemtl chw
f 18297 18299 18300 18298
f 18301 18302 18304 18303
f 18297 18298 18302 18301
f 18299 18303 18304 18300
f 18297 18301 18303 18299
f 18298 18300 18304 18302
f 18305 18307 18308 18306
f 18309 18310 18312 18311
f 18305 18306 18310 18309
f 18307 18311 18312 18308
f 18305 18309 18311 18307
f 18306 18308 18312 18310
f 18313 18315 18316 18314
f 18317 18318 18320 18319
f 18313 18314 18318 18317
f 18315 18319 18320 18316
f 18313 18317 18319 18315
f 18314 18316 18320 18318
f 18321 18323 18324 18322
f 18325 18326 18328 18327
f 18321 18322 18326 18325
f 18323 18327 18328 18324
f 18321 18325 18327 18323
f 18322 18324 18328 18326
f 18329 18331 18332 18330
f 18333 18334 18336 18335
f 18329 18330 18334 18333
f 18331 18335 18336 18332
f 18329 18333 18335 18331
f 18330 18332 18336 18334
g route_289_hydrogen
usemtl hydrogen
f 18337 18339 18340 18338
f 18341 18342 18344 18343
f 18337 18338 18342 18341
f 18339 18343 18344 18340
f 18337 18341 18343 18339
f 18338 18340 18344 18342
f 18345 18347 18348 18346
f 18349 18350 18352 18351
f 18345 18346 18350 18349
f 18347 18351 18352 18348
f 18345 18349 18351 18347
f 18346 18348 18352 18350
f 18353 18355 18356 18354
f 18357 18358 18360 18359
f 18353 18354 18358 18357
f 18355 18359 18360 18356
f 18353 18357 18359 18355
f 18354 18356 18360 18358
g route_290_lng
usemtl lng
f 18361 18363 18364 18362
f 18365 18366 18368 18367
f 18361 18362 18366 18365
f 18363 18367 18368 18364
f 18361 18365 18367 18363
f 18362 18364 18368 18366
f 18369 18371 18372 18370
f 18373 18374 18376 18375
f 18369 18370 18374 18373
f 18371 18375 18376 18372
f 18369 18373 18375 18371
f 18370 18372 18376 18374
g route_291_lng
usemtl lng
f 18377 18379 18380 18378
f 18381 18382 18384 18383
f 18377 18378 18382 18381
f 18379 18383 18384 18380
f 18377 18381 18383 18379
f 18378 18380 18384 18382
g route_292_lng
usemtl lng
f 18385 18387 18388 18386
f 18389 18390 18392 18391
f 18385 18386 18390 18389
f 18387 18391 18392 18388
f 18385 18389 18391 18387
f 18386 18388 18392 18390
